Keyword,#,Name,Phone,Country,"Country code",City,Category,"Category List",Likes,"Talking about","Facebook ID","Facebook Url","Facebook Page Link","P2S Website"
Assayer,0,Assayer,,,,,Musician/band,,667,9,121767704504375,http://www.facebook.com/121767704504375,"=HYPERLINK(""http://www.facebook.com/121767704504375/?sk=info"", ""121767704504375"")","=HYPERLINK(""http://builder.page2site.com/sites/add/fbid:121767704504375"", ""Create"")"
Assayer,1,"Singapore Assay Office","6261 6418",Singapore,65,Singapore,"Professional services",,8700,987,619575254748729,http://www.facebook.com/619575254748729,"=HYPERLINK(""http://www.facebook.com/619575254748729/?sk=info"", ""619575254748729"")","=HYPERLINK(""http://builder.page2site.com/sites/add/fbid:619575254748729"", ""Create"")"
Assayer,2,"Qiagen Sample & Assay Technologies","+49 2103 29 0",Germany,49,Hilden,Biotechnology,"[{""id"":""150148928375567"",""name"":""Biotechnology""}]",2966,164,130883453634181,http://www.facebook.com/130883453634181,"=HYPERLINK(""http://www.facebook.com/130883453634181/?sk=info"", ""130883453634181"")","=HYPERLINK(""http://builder.page2site.com/sites/add/fbid:130883453634181"", ""Create"")"
Assayer,3,ASSAY,"(+39) 349 3126 423",Italy,39,Copertino,"Non-profit organization",,417,4,1485749851636934,http://www.facebook.com/1485749851636934,"=HYPERLINK(""http://www.facebook.com/1485749851636934/?sk=info"", ""1485749851636934"")","=HYPERLINK(""http://builder.page2site.com/sites/add/fbid:1485749851636934"", ""Create"")"
Assayer,4,"Assay - Escola Profissionalizante de Cabeleireiros","(11) 2091-3667",Brazil,55,"São Paulo",Education,"[{""id"":""280963708658321"",""name"":""Classes""},{""id"":""174177802634376"",""name"":""Hair Salon""},{""id"":""144971758897076"",""name"":""Specialty School""}]",1406,32,190353201028821,http://www.facebook.com/190353201028821,"=HYPERLINK(""http://www.facebook.com/190353201028821/?sk=info"", ""190353201028821"")","=HYPERLINK(""http://builder.page2site.com/sites/add/fbid:190353201028821"", ""Create"")"
Assayer,5,"Assay Plaza Hotel","(019) 3887-0808",Brazil,55,Hortolândia,"Local business","[{""id"":""164243073639257"",""name"":""Hotel""}]",841,38,1412420455663385,http://www.facebook.com/1412420455663385,"=HYPERLINK(""http://www.facebook.com/1412420455663385/?sk=info"", ""1412420455663385"")","=HYPERLINK(""http://builder.page2site.com/sites/add/fbid:1412420455663385"", ""Create"")"
Assayer,6,"The Goldsmiths' Company Assay Office","020 7606 7010","United Kingdom",44,London,Company,"[{""id"":""2200"",""name"":""Company""}]",909,113,402856853103045,http://www.facebook.com/402856853103045,"=HYPERLINK(""http://www.facebook.com/402856853103045/?sk=info"", ""402856853103045"")","=HYPERLINK(""http://builder.page2site.com/sites/add/fbid:402856853103045"", ""Create"")"
Assayer,7,Assayers,"(425) 376-0356","United States",1,Redmond,"Local business","[{""id"":""182923418412354"",""name"":""Franchising Service""}]",,,103710253028930,http://www.facebook.com/103710253028930,"=HYPERLINK(""http://www.facebook.com/103710253028930/?sk=info"", ""103710253028930"")","=HYPERLINK(""http://builder.page2site.com/sites/add/fbid:103710253028930"", ""Create"")"
Assayer,8,"Media Assayers",95566113403,India,91,Chennai,Education,"[{""id"":""192119584190796"",""name"":""Event""}]",221,,183436178501445,http://www.facebook.com/183436178501445,"=HYPERLINK(""http://www.facebook.com/183436178501445/?sk=info"", ""183436178501445"")","=HYPERLINK(""http://builder.page2site.com/sites/add/fbid:183436178501445"", ""Create"")"
Assayer,9,"Skyline Assayers & Laboratories","(520) 622-4836","United States",1,Tucson,"Local business","[{""id"":""186546178044573"",""name"":""Medical Lab""}]",12,1,166942636651782,http://www.facebook.com/166942636651782,"=HYPERLINK(""http://www.facebook.com/166942636651782/?sk=info"", ""166942636651782"")","=HYPERLINK(""http://builder.page2site.com/sites/add/fbid:166942636651782"", ""Create"")"
Assayer,10,"M.Assay Restaurante",(42)3272-9123,Brazil,55,"Telêmaco Borba","Local business","[{""id"":""134501539950711"",""name"":""Sushi Restaurant""},{""id"":""193831710644458"",""name"":""Italian Restaurant""}]",506,16,295194327178695,http://www.facebook.com/295194327178695,"=HYPERLINK(""http://www.facebook.com/295194327178695/?sk=info"", ""295194327178695"")","=HYPERLINK(""http://builder.page2site.com/sites/add/fbid:295194327178695"", ""Create"")"
Assayer,11,ASSAY,,"Hong Kong",852,"Hong Kong",School,"[{""id"":""365182493518892"",""name"":""School""}]",33,,178255402373246,http://www.facebook.com/178255402373246,"=HYPERLINK(""http://www.facebook.com/178255402373246/?sk=info"", ""178255402373246"")","=HYPERLINK(""http://builder.page2site.com/sites/add/fbid:178255402373246"", ""Create"")"
Assayer,12,"Assay Depot",877.644.3044,"United States",1,"San Diego",Health/medical/pharmaceuticals,,182,4,104143092979332,http://www.facebook.com/104143092979332,"=HYPERLINK(""http://www.facebook.com/104143092979332/?sk=info"", ""104143092979332"")","=HYPERLINK(""http://builder.page2site.com/sites/add/fbid:104143092979332"", ""Create"")"
Assayer,13,"Assay Office Birmingham","0871 871 6020","United Kingdom",44,Birmingham,"Local business","[{""id"":""176831012360626"",""name"":""Professional Services""}]",666,68,167057696649210,http://www.facebook.com/167057696649210,"=HYPERLINK(""http://www.facebook.com/167057696649210/?sk=info"", ""167057696649210"")","=HYPERLINK(""http://builder.page2site.com/sites/add/fbid:167057696649210"", ""Create"")"
Assayer,14,"Assay: A Journal of Nonfiction Studies",,,,,Magazine,,380,87,383100471832501,http://www.facebook.com/383100471832501,"=HYPERLINK(""http://www.facebook.com/383100471832501/?sk=info"", ""383100471832501"")","=HYPERLINK(""http://builder.page2site.com/sites/add/fbid:383100471832501"", ""Create"")"
Assayer,15,"The Assayer's Hideaway",,"United States",1,"Crown King",Community,"[{""id"":""161811347201528"",""name"":""Lodging""}]",324,,269149689786160,http://www.facebook.com/269149689786160,"=HYPERLINK(""http://www.facebook.com/269149689786160/?sk=info"", ""269149689786160"")","=HYPERLINK(""http://builder.page2site.com/sites/add/fbid:269149689786160"", ""Create"")"
Assayer,16,Assayer,,,,,Interest,,10,,109321905753675,http://www.facebook.com/109321905753675,"=HYPERLINK(""http://www.facebook.com/109321905753675/?sk=info"", ""109321905753675"")","=HYPERLINK(""http://builder.page2site.com/sites/add/fbid:109321905753675"", ""Create"")"
Assayer,17,Assay,,,,,Interest,,66,1,108551252502849,http://www.facebook.com/108551252502849,"=HYPERLINK(""http://www.facebook.com/108551252502849/?sk=info"", ""108551252502849"")","=HYPERLINK(""http://builder.page2site.com/sites/add/fbid:108551252502849"", ""Create"")"
Assayer,18,"Gedung Emas - Assayer Gold Resources",0129298218,,,,Company,,1193,,513311368713026,http://www.facebook.com/513311368713026,"=HYPERLINK(""http://www.facebook.com/513311368713026/?sk=info"", ""513311368713026"")","=HYPERLINK(""http://builder.page2site.com/sites/add/fbid:513311368713026"", ""Create"")"
Assayer,19,"African Assay Laboratories Tanzania Ltd  -SGS",,,,,Mining/materials,,784,1,372032119482872,http://www.facebook.com/372032119482872,"=HYPERLINK(""http://www.facebook.com/372032119482872/?sk=info"", ""372032119482872"")","=HYPERLINK(""http://builder.page2site.com/sites/add/fbid:372032119482872"", ""Create"")"
Assayer,20,Assayer,,,,,Education,,6,,168646389970724,http://www.facebook.com/168646389970724,"=HYPERLINK(""http://www.facebook.com/168646389970724/?sk=info"", ""168646389970724"")","=HYPERLINK(""http://builder.page2site.com/sites/add/fbid:168646389970724"", ""Create"")"
Assayer,21,"Assay Records",,,,,"Record label",,1672,1,637457232949893,http://www.facebook.com/637457232949893,"=HYPERLINK(""http://www.facebook.com/637457232949893/?sk=info"", ""637457232949893"")","=HYPERLINK(""http://builder.page2site.com/sites/add/fbid:637457232949893"", ""Create"")"
Assayer,22,"一般社団法人アレルギー検査協会 Allergy Assay Association",,Japan,81,Toshima-ku,Organization,"[{""id"":""198503866828628"",""name"":""Organization""}]",215,74,1415721391972724,http://www.facebook.com/1415721391972724,"=HYPERLINK(""http://www.facebook.com/1415721391972724/?sk=info"", ""1415721391972724"")","=HYPERLINK(""http://builder.page2site.com/sites/add/fbid:1415721391972724"", ""Create"")"
Assayer,23,"ASSAY Studios",3165352539,Colombia,57,Bogotá,"Event planning/event services",,54,1,100643370135928,http://www.facebook.com/100643370135928,"=HYPERLINK(""http://www.facebook.com/100643370135928/?sk=info"", ""100643370135928"")","=HYPERLINK(""http://builder.page2site.com/sites/add/fbid:100643370135928"", ""Create"")"
Assayer,24,"Assay Technology Inc - Personal Air Samplers",,"United States",1,Livermore,Product/service,"[{""id"":""199383530078300"",""name"":""Occupational Safety""},{""id"":""187133811318958"",""name"":""Business Services""},{""id"":""144810842247435"",""name"":""Laboratory Equipment""}]",29,,331564640316963,http://www.facebook.com/331564640316963,"=HYPERLINK(""http://www.facebook.com/331564640316963/?sk=info"", ""331564640316963"")","=HYPERLINK(""http://builder.page2site.com/sites/add/fbid:331564640316963"", ""Create"")"
Assayer,25,"The Assayer",,,,,Book,,222,1,112225908790687,http://www.facebook.com/112225908790687,"=HYPERLINK(""http://www.facebook.com/112225908790687/?sk=info"", ""112225908790687"")","=HYPERLINK(""http://builder.page2site.com/sites/add/fbid:112225908790687"", ""Create"")"
Assayer,26,"ASSAY - SAM",8437214060,India,91,Amritsar,Artist,,221,3,720695997991902,http://www.facebook.com/720695997991902,"=HYPERLINK(""http://www.facebook.com/720695997991902/?sk=info"", ""720695997991902"")","=HYPERLINK(""http://builder.page2site.com/sites/add/fbid:720695997991902"", ""Create"")"
Assayer,27,"Puncovní úřad / Assay Office","+ 420 225 982 111","Czech Republic",420,"Stare Mesto",Organization,"[{""id"":""198503866828628"",""name"":""Organization""}]",316,5,165042513560625,http://www.facebook.com/165042513560625,"=HYPERLINK(""http://www.facebook.com/165042513560625/?sk=info"", ""165042513560625"")","=HYPERLINK(""http://builder.page2site.com/sites/add/fbid:165042513560625"", ""Create"")"
Assayer,28,"Laboratorio ASSAY","(614) 2000194",Mexico,52,Chihuahua,Health/medical/pharmacy,"[{""id"":""145118935550090"",""name"":""Medical & Health""}]",84,,320288264760408,http://www.facebook.com/320288264760408,"=HYPERLINK(""http://www.facebook.com/320288264760408/?sk=info"", ""320288264760408"")","=HYPERLINK(""http://builder.page2site.com/sites/add/fbid:320288264760408"", ""Create"")"
Assayer,29,"Dorothy Nail-Assay",,,,,"Personal blog",,319,10,717992208236175,http://www.facebook.com/717992208236175,"=HYPERLINK(""http://www.facebook.com/717992208236175/?sk=info"", ""717992208236175"")","=HYPERLINK(""http://builder.page2site.com/sites/add/fbid:717992208236175"", ""Create"")"
Assayer,30,"Assay Biotechnology",1-877-883-7988,"United States",1,Sunnyvale,Biotechnology,,20,,383543991663092,http://www.facebook.com/383543991663092,"=HYPERLINK(""http://www.facebook.com/383543991663092/?sk=info"", ""383543991663092"")","=HYPERLINK(""http://builder.page2site.com/sites/add/fbid:383543991663092"", ""Create"")"
Assayer,31,"The Assay House","01736 369729","United Kingdom",44,Penzance,Restaurant/cafe,"[{""id"":""197871390225897"",""name"":""Cafe""},{""id"":""137670789632630"",""name"":""British Restaurant""},{""id"":""192661127431931"",""name"":""Wine Bar""}]",199,19,124736024310110,http://www.facebook.com/124736024310110,"=HYPERLINK(""http://www.facebook.com/124736024310110/?sk=info"", ""124736024310110"")","=HYPERLINK(""http://builder.page2site.com/sites/add/fbid:124736024310110"", ""Create"")"
Assayer,32,"The Laboratory at The Birmingham Assay Office",,,,,Product/service,,123,4,122576601135527,http://www.facebook.com/122576601135527,"=HYPERLINK(""http://www.facebook.com/122576601135527/?sk=info"", ""122576601135527"")","=HYPERLINK(""http://builder.page2site.com/sites/add/fbid:122576601135527"", ""Create"")"
Assayer,33,"Assay Guidance Manual",,,,,Community,,34,,505447252878586,http://www.facebook.com/505447252878586,"=HYPERLINK(""http://www.facebook.com/505447252878586/?sk=info"", ""505447252878586"")","=HYPERLINK(""http://builder.page2site.com/sites/add/fbid:505447252878586"", ""Create"")"
Assayer,34,"Michelle Assay",,France,33,Paris,"Public figure",,31,,144265222270525,http://www.facebook.com/144265222270525,"=HYPERLINK(""http://www.facebook.com/144265222270525/?sk=info"", ""144265222270525"")","=HYPERLINK(""http://builder.page2site.com/sites/add/fbid:144265222270525"", ""Create"")"
Assayer,35,"Sheffield Assay Office"," 0114 231 2121","United Kingdom",44,Sheffield,"Non-profit organization","[{""id"":""2603"",""name"":""Non-Profit Organization""}]",84,4,405750106118807,http://www.facebook.com/405750106118807,"=HYPERLINK(""http://www.facebook.com/405750106118807/?sk=info"", ""405750106118807"")","=HYPERLINK(""http://builder.page2site.com/sites/add/fbid:405750106118807"", ""Create"")"
Assayer,36,"The Assayer",,,,,Magazine,,9,,126599314186965,http://www.facebook.com/126599314186965,"=HYPERLINK(""http://www.facebook.com/126599314186965/?sk=info"", ""126599314186965"")","=HYPERLINK(""http://builder.page2site.com/sites/add/fbid:126599314186965"", ""Create"")"
Assayer,37,"Assay Office","(479) 667-4100","United States",1,Ozark,Bar,"[{""id"":""184460441595855"",""name"":""Sports Bar""}]",41,2,827762163923470,http://www.facebook.com/827762163923470,"=HYPERLINK(""http://www.facebook.com/827762163923470/?sk=info"", ""827762163923470"")","=HYPERLINK(""http://builder.page2site.com/sites/add/fbid:827762163923470"", ""Create"")"
Assayer,38,"ASSAY CONSULTING GROUP, LLC","(703) 731-8840","United States",1,Fairfax,Travel/leisure,"[{""id"":""189811544396762"",""name"":""Tour Company""}]",127,,566810820053000,http://www.facebook.com/566810820053000,"=HYPERLINK(""http://www.facebook.com/566810820053000/?sk=info"", ""566810820053000"")","=HYPERLINK(""http://builder.page2site.com/sites/add/fbid:566810820053000"", ""Create"")"
Assayer,39,"Biophysics Assay Laboratory - Biopal, Inc.","(508) 770-1190","United States",1,Worcester,Biotechnology,"[{""id"":""150148928375567"",""name"":""Biotechnology""}]",717,1,1413265148891275,http://www.facebook.com/1413265148891275,"=HYPERLINK(""http://www.facebook.com/1413265148891275/?sk=info"", ""1413265148891275"")","=HYPERLINK(""http://builder.page2site.com/sites/add/fbid:1413265148891275"", ""Create"")"
Assayer,40,"Assay Project",,Portugal,351,Aveiro,Community,,14,,110215135719384,http://www.facebook.com/110215135719384,"=HYPERLINK(""http://www.facebook.com/110215135719384/?sk=info"", ""110215135719384"")","=HYPERLINK(""http://builder.page2site.com/sites/add/fbid:110215135719384"", ""Create"")"
Assayer,41,"Mongolian assay office",976-11-326-428,Mongolia,976,"Ulan Bator","Government organization","[{""id"":""161422927240513"",""name"":""Government Organization""}]",152,,253162881479443,http://www.facebook.com/253162881479443,"=HYPERLINK(""http://www.facebook.com/253162881479443/?sk=info"", ""253162881479443"")","=HYPERLINK(""http://builder.page2site.com/sites/add/fbid:253162881479443"", ""Create"")"
Assayer,42,"Isaura Assay & Evaldo Paulo","(32) 91348148",Brazil,55,"Santos Dumont",Dancer,,479,1,455118247933338,http://www.facebook.com/455118247933338,"=HYPERLINK(""http://www.facebook.com/455118247933338/?sk=info"", ""455118247933338"")","=HYPERLINK(""http://builder.page2site.com/sites/add/fbid:455118247933338"", ""Create"")"
Assayer,43,"Jack's Assay Office","(479) 667-4100","United States",1,Ozark,Bar,"[{""id"":""184460441595855"",""name"":""Sports Bar""}]",82,13,708413182571367,http://www.facebook.com/708413182571367,"=HYPERLINK(""http://www.facebook.com/708413182571367/?sk=info"", ""708413182571367"")","=HYPERLINK(""http://builder.page2site.com/sites/add/fbid:708413182571367"", ""Create"")"
Assayer,44,"Mobile Assay, Inc.",,"United States",1,Niwot,Biotechnology,"[{""id"":""150148928375567"",""name"":""Biotechnology""}]",39,,141380412603464,http://www.facebook.com/141380412603464,"=HYPERLINK(""http://www.facebook.com/141380412603464/?sk=info"", ""141380412603464"")","=HYPERLINK(""http://builder.page2site.com/sites/add/fbid:141380412603464"", ""Create"")"
Assayer,45,"Asaba Assay, Rivers, Nigeria",,,,,City,"[{""id"":""224455390913969"",""name"":""City""}]",50,,106923279339649,http://www.facebook.com/106923279339649,"=HYPERLINK(""http://www.facebook.com/106923279339649/?sk=info"", ""106923279339649"")","=HYPERLINK(""http://builder.page2site.com/sites/add/fbid:106923279339649"", ""Create"")"
Assayer,46,"Miss Assay",,,,,Community,,20,,574159659286774,http://www.facebook.com/574159659286774,"=HYPERLINK(""http://www.facebook.com/574159659286774/?sk=info"", ""574159659286774"")","=HYPERLINK(""http://builder.page2site.com/sites/add/fbid:574159659286774"", ""Create"")"
Assayer,47,"ASSAY - アッセイ",,,,,"Just for fun",,30,,505681289537744,http://www.facebook.com/505681289537744,"=HYPERLINK(""http://www.facebook.com/505681289537744/?sk=info"", ""505681289537744"")","=HYPERLINK(""http://builder.page2site.com/sites/add/fbid:505681289537744"", ""Create"")"
Assayer,48,"Nath Bullion Assayers",09666606766,India,91,Secunderabad,Industrials,"[{""id"":""2241"",""name"":""Industrials""}]",152,5,207827459315311,http://www.facebook.com/207827459315311,"=HYPERLINK(""http://www.facebook.com/207827459315311/?sk=info"", ""207827459315311"")","=HYPERLINK(""http://builder.page2site.com/sites/add/fbid:207827459315311"", ""Create"")"
Assayer,49,"Danio Assay Laboratories Sdn. Bhd.",+60104009727,,,,Biotechnology,,56,,249445845227667,http://www.facebook.com/249445845227667,"=HYPERLINK(""http://www.facebook.com/249445845227667/?sk=info"", ""249445845227667"")","=HYPERLINK(""http://builder.page2site.com/sites/add/fbid:249445845227667"", ""Create"")"
Assayer,50,"Iso-Pacific Nuclear Assay Systems",,,,,Engineering/construction,,40,,328675273879605,http://www.facebook.com/328675273879605,"=HYPERLINK(""http://www.facebook.com/328675273879605/?sk=info"", ""328675273879605"")","=HYPERLINK(""http://builder.page2site.com/sites/add/fbid:328675273879605"", ""Create"")"
Assayer,51,"Andes Analytical Assay",,,,,Mining/materials,,10,2,681907468570362,http://www.facebook.com/681907468570362,"=HYPERLINK(""http://www.facebook.com/681907468570362/?sk=info"", ""681907468570362"")","=HYPERLINK(""http://builder.page2site.com/sites/add/fbid:681907468570362"", ""Create"")"
Assayer,52,"Assay kaise ker laitay ho Jigaar !!?!!=d",,,,,Community,,69,,220375434644076,http://www.facebook.com/220375434644076,"=HYPERLINK(""http://www.facebook.com/220375434644076/?sk=info"", ""220375434644076"")","=HYPERLINK(""http://builder.page2site.com/sites/add/fbid:220375434644076"", ""Create"")"
Assayer,53,"The Assay Office (Suriname)","(597) 4809860 (597) 859-3597",Suriname,597,Paramaribo,"Professional services",,15,,177097045667138,http://www.facebook.com/177097045667138,"=HYPERLINK(""http://www.facebook.com/177097045667138/?sk=info"", ""177097045667138"")","=HYPERLINK(""http://builder.page2site.com/sites/add/fbid:177097045667138"", ""Create"")"
Assayer,54,"Beach Gold Assay","(757) 227-6767","United States",1,"Virginia Beach","Professional services","[{""id"":""182387268467261"",""name"":""Metals""},{""id"":""189172844438073"",""name"":""Currency Exchange""},{""id"":""187852234570429"",""name"":""Appraiser""}]",50,1,581560848547595,http://www.facebook.com/581560848547595,"=HYPERLINK(""http://www.facebook.com/581560848547595/?sk=info"", ""581560848547595"")","=HYPERLINK(""http://builder.page2site.com/sites/add/fbid:581560848547595"", ""Create"")"
Assayer,55,"Legend Inc. (Assay and Geology Supplies)","(775) 786-3003","United States",1,Sparks,"Local business","[{""id"":""145118935550090"",""name"":""Medical & Health""}]",69,1,102939936439322,http://www.facebook.com/102939936439322,"=HYPERLINK(""http://www.facebook.com/102939936439322/?sk=info"", ""102939936439322"")","=HYPERLINK(""http://builder.page2site.com/sites/add/fbid:102939936439322"", ""Create"")"
Assayer,56,"BioAssay Co., Ltd.",,"South Korea",82,Daejeon,Company,"[{""id"":""150148928375567"",""name"":""Biotechnology""}]",43,2,428840993912896,http://www.facebook.com/428840993912896,"=HYPERLINK(""http://www.facebook.com/428840993912896/?sk=info"", ""428840993912896"")","=HYPERLINK(""http://builder.page2site.com/sites/add/fbid:428840993912896"", ""Create"")"
Assayer,57,"Jay Bhavani Assay Centre,Sangli",9561537018,India,91,Sangli,"Business services",,1054,,399041960158697,http://www.facebook.com/399041960158697,"=HYPERLINK(""http://www.facebook.com/399041960158697/?sk=info"", ""399041960158697"")","=HYPERLINK(""http://builder.page2site.com/sites/add/fbid:399041960158697"", ""Create"")"
Assayer,58,"Sheffield Assay Office",,,,,Organization,,38,,108553169168472,http://www.facebook.com/108553169168472,"=HYPERLINK(""http://www.facebook.com/108553169168472/?sk=info"", ""108553169168472"")","=HYPERLINK(""http://builder.page2site.com/sites/add/fbid:108553169168472"", ""Create"")"
Assayer,59,"Edinburgh Assay Office",,,,,Landmark,,18,,431010546946396,http://www.facebook.com/431010546946396,"=HYPERLINK(""http://www.facebook.com/431010546946396/?sk=info"", ""431010546946396"")","=HYPERLINK(""http://builder.page2site.com/sites/add/fbid:431010546946396"", ""Create"")"
Assayer,60,"Gold Assay, Inc.","Durham-919.246.5014 *Carrboro- 919.929.9374 *Morrisville 919.467.1396","United States",1,Durham,"Local business","[{""id"":""2500"",""name"":""Local Business""}]",322,,138887492802558,http://www.facebook.com/138887492802558,"=HYPERLINK(""http://www.facebook.com/138887492802558/?sk=info"", ""138887492802558"")","=HYPERLINK(""http://builder.page2site.com/sites/add/fbid:138887492802558"", ""Create"")"
Assayer,61,"Quirante Gold Assay Laboratory",,Philippines,63,"Tagum City","Business services",,103,,401225363244960,http://www.facebook.com/401225363244960,"=HYPERLINK(""http://www.facebook.com/401225363244960/?sk=info"", ""401225363244960"")","=HYPERLINK(""http://builder.page2site.com/sites/add/fbid:401225363244960"", ""Create"")"
Assayer,62,"Comet assay",,,,,Interest,,36,,113422362039670,http://www.facebook.com/113422362039670,"=HYPERLINK(""http://www.facebook.com/113422362039670/?sk=info"", ""113422362039670"")","=HYPERLINK(""http://builder.page2site.com/sites/add/fbid:113422362039670"", ""Create"")"
Assayer,63,"Assayer / Mill Ops",,,,,"Work position",,,,358109627681670,http://www.facebook.com/358109627681670,"=HYPERLINK(""http://www.facebook.com/358109627681670/?sk=info"", ""358109627681670"")","=HYPERLINK(""http://builder.page2site.com/sites/add/fbid:358109627681670"", ""Create"")"
Assayer,64,"Gold & Silver Assay Company, Inc.","(828) 212-1213","United States",1,Hickory,"Local business","[{""id"":""2500"",""name"":""Local Business""}]",32,,195248597038,http://www.facebook.com/195248597038,"=HYPERLINK(""http://www.facebook.com/195248597038/?sk=info"", ""195248597038"")","=HYPERLINK(""http://builder.page2site.com/sites/add/fbid:195248597038"", ""Create"")"
Assayer,65,"Quality Assay & Hallmarking Centre Pvt",,,,,Company,,43,,466450563397098,http://www.facebook.com/466450563397098,"=HYPERLINK(""http://www.facebook.com/466450563397098/?sk=info"", ""466450563397098"")","=HYPERLINK(""http://builder.page2site.com/sites/add/fbid:466450563397098"", ""Create"")"
Assayer,66,"The Assayer of Lone Gap",,,,,Movie,,1,,113374648673272,http://www.facebook.com/113374648673272,"=HYPERLINK(""http://www.facebook.com/113374648673272/?sk=info"", ""113374648673272"")","=HYPERLINK(""http://builder.page2site.com/sites/add/fbid:113374648673272"", ""Create"")"
Assayer,67,"Enzyme assay",,,,,Interest,,18,,144067258941795,http://www.facebook.com/144067258941795,"=HYPERLINK(""http://www.facebook.com/144067258941795/?sk=info"", ""144067258941795"")","=HYPERLINK(""http://builder.page2site.com/sites/add/fbid:144067258941795"", ""Create"")"
Assayer,68,"MTT assay",,,,,Interest,,34,1,134471623252774,http://www.facebook.com/134471623252774,"=HYPERLINK(""http://www.facebook.com/134471623252774/?sk=info"", ""134471623252774"")","=HYPERLINK(""http://builder.page2site.com/sites/add/fbid:134471623252774"", ""Create"")"
Assayer,69,"shampler assayer at asaf mining",,,,,"Work position",,,,476756255786596,http://www.facebook.com/476756255786596,"=HYPERLINK(""http://www.facebook.com/476756255786596/?sk=info"", ""476756255786596"")","=HYPERLINK(""http://builder.page2site.com/sites/add/fbid:476756255786596"", ""Create"")"
Assayer,70,"Assayers benelux n.v.",,Belgium,32,Antwerp,Company,,,,1573453896217286,http://www.facebook.com/1573453896217286,"=HYPERLINK(""http://www.facebook.com/1573453896217286/?sk=info"", ""1573453896217286"")","=HYPERLINK(""http://builder.page2site.com/sites/add/fbid:1573453896217286"", ""Create"")"
Assayer,71,"FIRE ASSAYER FURNACEMAN",,,,,"Work position",,,,1501192833471924,http://www.facebook.com/1501192833471924,"=HYPERLINK(""http://www.facebook.com/1501192833471924/?sk=info"", ""1501192833471924"")","=HYPERLINK(""http://builder.page2site.com/sites/add/fbid:1501192833471924"", ""Create"")"
Assayer,72,"Pure Assay & Hallmarking Centre Pvt Ltd",,,,,Company,,2,,1477329515858601,http://www.facebook.com/1477329515858601,"=HYPERLINK(""http://www.facebook.com/1477329515858601/?sk=info"", ""1477329515858601"")","=HYPERLINK(""http://builder.page2site.com/sites/add/fbid:1477329515858601"", ""Create"")"
Assayer,73,"Quality Assay & Hallmarking Centre",,,,,Company,,3,,373542576024466,http://www.facebook.com/373542576024466,"=HYPERLINK(""http://www.facebook.com/373542576024466/?sk=info"", ""373542576024466"")","=HYPERLINK(""http://builder.page2site.com/sites/add/fbid:373542576024466"", ""Create"")"
Assayer,74,"Immunofluorescence assay",,,,,Interest,,1,,589803861103510,http://www.facebook.com/589803861103510,"=HYPERLINK(""http://www.facebook.com/589803861103510/?sk=info"", ""589803861103510"")","=HYPERLINK(""http://builder.page2site.com/sites/add/fbid:589803861103510"", ""Create"")"
Assayer,75,"Teekey Assay & Hallmarks",,,,,Organization,,5,,315231475253003,http://www.facebook.com/315231475253003,"=HYPERLINK(""http://www.facebook.com/315231475253003/?sk=info"", ""315231475253003"")","=HYPERLINK(""http://builder.page2site.com/sites/add/fbid:315231475253003"", ""Create"")"
Assayer,76,"Dan Cupid: Assayer",,,,,Movie,,,,160539617466795,http://www.facebook.com/160539617466795,"=HYPERLINK(""http://www.facebook.com/160539617466795/?sk=info"", ""160539617466795"")","=HYPERLINK(""http://builder.page2site.com/sites/add/fbid:160539617466795"", ""Create"")"
Assayer,77,"Megachannel Extra-Terrestrial Assay",,,,,Interest,,1,,667704323303412,http://www.facebook.com/667704323303412,"=HYPERLINK(""http://www.facebook.com/667704323303412/?sk=info"", ""667704323303412"")","=HYPERLINK(""http://builder.page2site.com/sites/add/fbid:667704323303412"", ""Create"")"
Assayer,78,"Lab Technician,and Fire Assayer of precious metals",,,,,"Work position",,,,1507344066192682,http://www.facebook.com/1507344066192682,"=HYPERLINK(""http://www.facebook.com/1507344066192682/?sk=info"", ""1507344066192682"")","=HYPERLINK(""http://builder.page2site.com/sites/add/fbid:1507344066192682"", ""Create"")"
Assayer,79,"Bca assay",,,,,Interest,,,,246349255377590,http://www.facebook.com/246349255377590,"=HYPERLINK(""http://www.facebook.com/246349255377590/?sk=info"", ""246349255377590"")","=HYPERLINK(""http://builder.page2site.com/sites/add/fbid:246349255377590"", ""Create"")"
Assayer,80,"DNAase footprinting assay",,,,,Interest,,1,1,119259021454281,http://www.facebook.com/119259021454281,"=HYPERLINK(""http://www.facebook.com/119259021454281/?sk=info"", ""119259021454281"")","=HYPERLINK(""http://builder.page2site.com/sites/add/fbid:119259021454281"", ""Create"")"
Assayer,81,Radioimmuno-Assay,,,,,Movie,,,,109999332370556,http://www.facebook.com/109999332370556,"=HYPERLINK(""http://www.facebook.com/109999332370556/?sk=info"", ""109999332370556"")","=HYPERLINK(""http://builder.page2site.com/sites/add/fbid:109999332370556"", ""Create"")"
Assayer,82,"Local lymph node assay",,,,,Interest,,,,364432676906470,http://www.facebook.com/364432676906470,"=HYPERLINK(""http://www.facebook.com/364432676906470/?sk=info"", ""364432676906470"")","=HYPERLINK(""http://builder.page2site.com/sites/add/fbid:364432676906470"", ""Create"")"
Assayer,83,"Lowry protein assay",,,,,Interest,,2,,106652196042005,http://www.facebook.com/106652196042005,"=HYPERLINK(""http://www.facebook.com/106652196042005/?sk=info"", ""106652196042005"")","=HYPERLINK(""http://builder.page2site.com/sites/add/fbid:106652196042005"", ""Create"")"
Assayer,84,"O&O  Partners Assay Management",,,,,Company,,,,1380097105594744,http://www.facebook.com/1380097105594744,"=HYPERLINK(""http://www.facebook.com/1380097105594744/?sk=info"", ""1380097105594744"")","=HYPERLINK(""http://builder.page2site.com/sites/add/fbid:1380097105594744"", ""Create"")"
Assayer,85,"Cytokine secretion assay",,,,,Interest,,,,103387296383640,http://www.facebook.com/103387296383640,"=HYPERLINK(""http://www.facebook.com/103387296383640/?sk=info"", ""103387296383640"")","=HYPERLINK(""http://builder.page2site.com/sites/add/fbid:103387296383640"", ""Create"")"
Assayer,86,"Schmidt Assayers","(212) 719-9535","United States",1,"New York","Local business","[{""id"":""187133811318958"",""name"":""Business Services""},{""id"":""144810842247435"",""name"":""Laboratory Equipment""}]",,,169294729750292,http://www.facebook.com/169294729750292,"=HYPERLINK(""http://www.facebook.com/169294729750292/?sk=info"", ""169294729750292"")","=HYPERLINK(""http://builder.page2site.com/sites/add/fbid:169294729750292"", ""Create"")"
Assayer,87,"AMEX Assayers","(213) 624-5656","United States",1,"Los Angeles","Local business","[{""id"":""2500"",""name"":""Local Business""}]",,,205823932947733,http://www.facebook.com/205823932947733,"=HYPERLINK(""http://www.facebook.com/205823932947733/?sk=info"", ""205823932947733"")","=HYPERLINK(""http://builder.page2site.com/sites/add/fbid:205823932947733"", ""Create"")"
Assayer,88,"Daniel & Son Assayers, Inc.","(213) 624-5678","United States",1,"Los Angeles","Business services","[{""id"":""187133811318958"",""name"":""Business Services""}]",3,,208272039201780,http://www.facebook.com/208272039201780,"=HYPERLINK(""http://www.facebook.com/208272039201780/?sk=info"", ""208272039201780"")","=HYPERLINK(""http://builder.page2site.com/sites/add/fbid:208272039201780"", ""Create"")"
Assayer,89,"Accurate Golf Refiners & Assayers","(215) 627-6910","United States",1,Philadelphia,"Local business","[{""id"":""188031587886173"",""name"":""Jewelry Store""}]",,,151052001603308,http://www.facebook.com/151052001603308,"=HYPERLINK(""http://www.facebook.com/151052001603308/?sk=info"", ""151052001603308"")","=HYPERLINK(""http://builder.page2site.com/sites/add/fbid:151052001603308"", ""Create"")"
