Keyword,#,Name,Phone,Website,Country,"Country code",City,Category,"Category List",Likes,"Talking about","Facebook ID","Facebook Url","Facebook Page Link","P2S Website"
"Acrylic Nails Beauty Salon",0,"Acrylic Nail'S","Cel: 6453403603 - Tel: 1013108",https://www.facebook.com/pages/Acrylic-NailS/611258342263298?sk=settings&tab=public&section=website&view,Mexico,52,Cananea,"Spas/beauty/personal care","[{""id"":""198516863494646"",""name"":""Nail Salon""}]",662,3,611258342263298,http://www.facebook.com/611258342263298,"=HYPERLINK(""http://www.facebook.com/611258342263298/?sk=info"", ""611258342263298"")","=HYPERLINK(""http://builder.page2site.com/sites/add/fbid:611258342263298"", ""Create"")"
"Acrylic Nails Beauty Salon",1,"Absolute Acrylic Nail Spa","(307) 742-3143",http://Absoluteacrylic.net,"United States",1,Laramie,"Local business","[{""id"":""199236533423806"",""name"":""Beauty Salon""}]",450,2,70103417163,http://www.facebook.com/70103417163,"=HYPERLINK(""http://www.facebook.com/70103417163/?sk=info"", ""70103417163"")","=HYPERLINK(""http://builder.page2site.com/sites/add/fbid:70103417163"", ""Create"")"
"Acrylic Nails Beauty Salon",2,"Cairo acrylic&gel nails",000000000,,Egypt,20,Cairo,"Professional services","[{""id"":""199236533423806"",""name"":""Beauty Salon""}]",115,5,772302446162959,http://www.facebook.com/772302446162959,"=HYPERLINK(""http://www.facebook.com/772302446162959/?sk=info"", ""772302446162959"")","=HYPERLINK(""http://builder.page2site.com/sites/add/fbid:772302446162959"", ""Create"")"
"Acrylic Nails Beauty Salon",3,"Stunning Edge Studio - Acrylic Nails, Shellac Nails & Beauty Treatments",0746382865,http://stunningedgestudio.com.au,Australia,61,Toowoomba,"Spas/beauty/personal care","[{""id"":""199236533423806"",""name"":""Beauty Salon""}]",156,12,440807669363143,http://www.facebook.com/440807669363143,"=HYPERLINK(""http://www.facebook.com/440807669363143/?sk=info"", ""440807669363143"")","=HYPERLINK(""http://builder.page2site.com/sites/add/fbid:440807669363143"", ""Create"")"
"Acrylic Nails Beauty Salon",4,"Acrylic Nail Design",431-102-6788,<<not-applicable>>,Mexico,52,Jalisco,"Spas/beauty/personal care","[{""id"":""199236533423806"",""name"":""Beauty Salon""}]",40,,396582177134502,http://www.facebook.com/396582177134502,"=HYPERLINK(""http://www.facebook.com/396582177134502/?sk=info"", ""396582177134502"")","=HYPERLINK(""http://builder.page2site.com/sites/add/fbid:396582177134502"", ""Create"")"
"Acrylic Nails Beauty Salon",5,"Gala Acrylic Nails",7223-49-42-36,http://www.facebook.com/galastruosidad,Mexico,52,Colorines,"Spas/beauty/personal care","[{""id"":""198516863494646"",""name"":""Nail Salon""}]",3376,48,393482460727037,http://www.facebook.com/393482460727037,"=HYPERLINK(""http://www.facebook.com/393482460727037/?sk=info"", ""393482460727037"")","=HYPERLINK(""http://builder.page2site.com/sites/add/fbid:393482460727037"", ""Create"")"
"Acrylic Nails Beauty Salon",6,"Skin Deep Acrylic Nails.",07807013168,,"United Kingdom",44,Northampton,"Spas/beauty/personal care","[{""id"":""199236533423806"",""name"":""Beauty Salon""}]",147,1,359963764132285,http://www.facebook.com/359963764132285,"=HYPERLINK(""http://www.facebook.com/359963764132285/?sk=info"", ""359963764132285"")","=HYPERLINK(""http://builder.page2site.com/sites/add/fbid:359963764132285"", ""Create"")"
"Acrylic Nails Beauty Salon",7,"Nails and Beauty by Becky",07521576799,,"United Kingdom",44,Penicuik,"Spas/beauty/personal care","[{""id"":""199236533423806"",""name"":""Beauty Salon""},{""id"":""198516863494646"",""name"":""Nail Salon""}]",77,1,429105200521905,http://www.facebook.com/429105200521905,"=HYPERLINK(""http://www.facebook.com/429105200521905/?sk=info"", ""429105200521905"")","=HYPERLINK(""http://builder.page2site.com/sites/add/fbid:429105200521905"", ""Create"")"
"Acrylic Nails Beauty Salon",8,"Mobile Acrylic Nails",07957145827,,"United Kingdom",44,Warrington,"Spas/beauty/personal care","[{""id"":""198516863494646"",""name"":""Nail Salon""},{""id"":""199236533423806"",""name"":""Beauty Salon""}]",20,,1474260549510323,http://www.facebook.com/1474260549510323,"=HYPERLINK(""http://www.facebook.com/1474260549510323/?sk=info"", ""1474260549510323"")","=HYPERLINK(""http://builder.page2site.com/sites/add/fbid:1474260549510323"", ""Create"")"
"Acrylic Nails Beauty Salon",9,"Acrylic Nails & Gel Polish",0873655801,http://www.facebook.com/beautybythewood,Ireland,353,Kingscourt,"Spas/beauty/personal care","[{""id"":""199236533423806"",""name"":""Beauty Salon""},{""id"":""198516863494646"",""name"":""Nail Salon""}]",569,2,587312284717097,http://www.facebook.com/587312284717097,"=HYPERLINK(""http://www.facebook.com/587312284717097/?sk=info"", ""587312284717097"")","=HYPERLINK(""http://builder.page2site.com/sites/add/fbid:587312284717097"", ""Create"")"
"Acrylic Nails Beauty Salon",10,"Acrylic nails",0458999029,,Australia,61,Caloundra,"Local business","[{""id"":""199236533423806"",""name"":""Beauty Salon""}]",58,,207555139409751,http://www.facebook.com/207555139409751,"=HYPERLINK(""http://www.facebook.com/207555139409751/?sk=info"", ""207555139409751"")","=HYPERLINK(""http://builder.page2site.com/sites/add/fbid:207555139409751"", ""Create"")"
"Acrylic Nails Beauty Salon",11,"Mariah's   Mani's, Pedi's, Acrylic Nails and Designs","0401 640 304",<<not-applicable>>,Australia,61,"Port Adelaide","Spas/beauty/personal care","[{""id"":""199236533423806"",""name"":""Beauty Salon""}]",26,,1432240947035368,http://www.facebook.com/1432240947035368,"=HYPERLINK(""http://www.facebook.com/1432240947035368/?sk=info"", ""1432240947035368"")","=HYPERLINK(""http://builder.page2site.com/sites/add/fbid:1432240947035368"", ""Create"")"
