Keyword,#,Name,Phone,Website,Country,"Country code",City,Category,"Category List",Likes,"Talking about","Facebook ID","Facebook Url","Facebook Page Link","P2S Website"
"Aged Care Services",0,"Aged Care Training Services","1300 785 802",www.agedcaretrainingservices.com.au,Australia,61,"Carrum Downs",Education,"[{""id"":""151676848220295"",""name"":""Education""}]",128,2,173221882827126,http://www.facebook.com/173221882827126,"=HYPERLINK(""http://www.facebook.com/173221882827126/?sk=info"", ""173221882827126"")","=HYPERLINK(""http://builder.page2site.com/sites/add/fbid:173221882827126"", ""Create"")"
"Aged Care Services",1,"Menarock Aged Care Services","03 9850 3000",www.menarock.com.au,Australia,61,"Templestowe Lower","Local business","[{""id"":""2500"",""name"":""Local Business""}]",126,1,184766488215136,http://www.facebook.com/184766488215136,"=HYPERLINK(""http://www.facebook.com/184766488215136/?sk=info"", ""184766488215136"")","=HYPERLINK(""http://builder.page2site.com/sites/add/fbid:184766488215136"", ""Create"")"
"Aged Care Services",2,"Aged Care Admissions Services",,http://www.agedcareadmissions.com.au,,,,Health/medical/pharmaceuticals,,17,,1444696679146101,http://www.facebook.com/1444696679146101,"=HYPERLINK(""http://www.facebook.com/1444696679146101/?sk=info"", ""1444696679146101"")","=HYPERLINK(""http://builder.page2site.com/sites/add/fbid:1444696679146101"", ""Create"")"
"Aged Care Services",3,"ATOM Aged Care Services",,http://www.atomagedcare.com,,,,Health/medical/pharmaceuticals,,9,,447659408594290,http://www.facebook.com/447659408594290,"=HYPERLINK(""http://www.facebook.com/447659408594290/?sk=info"", ""447659408594290"")","=HYPERLINK(""http://builder.page2site.com/sites/add/fbid:447659408594290"", ""Create"")"
"Aged Care Services",4,"Australian Vietnamese Aged Care Services","02 9746 7375",avacs.com.au,Australia,61,Sydney,"Non-profit organization","[{""id"":""2603"",""name"":""Non-Profit Organization""}]",199,1,303977399698894,http://www.facebook.com/303977399698894,"=HYPERLINK(""http://www.facebook.com/303977399698894/?sk=info"", ""303977399698894"")","=HYPERLINK(""http://builder.page2site.com/sites/add/fbid:303977399698894"", ""Create"")"
"Aged Care Services",5,"Mercy Aged Care Services (Singleton)",65722499,http://www.mercyagedcareservices.com.au,Australia,61,Singleton,"Non-profit organization","[{""id"":""2603"",""name"":""Non-Profit Organization""}]",72,,235608879871562,http://www.facebook.com/235608879871562,"=HYPERLINK(""http://www.facebook.com/235608879871562/?sk=info"", ""235608879871562"")","=HYPERLINK(""http://builder.page2site.com/sites/add/fbid:235608879871562"", ""Create"")"
"Aged Care Services",6,"MACS - Multicultural Aged Care Services Geelong","(03) 5279 6800",www.macs.org.au,Australia,61,Geelong,"Non-profit organization","[{""id"":""2603"",""name"":""Non-Profit Organization""}]",133,5,124301450935123,http://www.facebook.com/124301450935123,"=HYPERLINK(""http://www.facebook.com/124301450935123/?sk=info"", ""124301450935123"")","=HYPERLINK(""http://builder.page2site.com/sites/add/fbid:124301450935123"", ""Create"")"
"Aged Care Services",7,"SA Aged Care Services - SAACS Pty Ltd",0872266914,http://www.southaustraliacommunityservicessacs.com.au,Australia,61,Adelaide,Health/medical/pharmacy,"[{""id"":""182360455136767"",""name"":""Nursing""}]",21,,328618567293792,http://www.facebook.com/328618567293792,"=HYPERLINK(""http://www.facebook.com/328618567293792/?sk=info"", ""328618567293792"")","=HYPERLINK(""http://builder.page2site.com/sites/add/fbid:328618567293792"", ""Create"")"
"Aged Care Services",8,"New Age Care Services","(858) 505-9600",http://www.NewAgeCares.com,"United States",1,"San Diego",Health/medical/pharmaceuticals,"[{""id"":""2243"",""name"":""Health\/Medical\/Pharmaceuticals""}]",60,,1453648771570142,http://www.facebook.com/1453648771570142,"=HYPERLINK(""http://www.facebook.com/1453648771570142/?sk=info"", ""1453648771570142"")","=HYPERLINK(""http://builder.page2site.com/sites/add/fbid:1453648771570142"", ""Create"")"
"Aged Care Services",9,"Age Advantage Senior Care Services - Virginia Beach","(757) 340-3315",http://www.ageadvantagevirginiabeach.com,"United States",1,"Virginia Beach","Professional services","[{""id"":""124668097604494"",""name"":""Senior Center""},{""id"":""188460567855224"",""name"":""Disabled Persons Services""},{""id"":""134091706658568"",""name"":""Health Agency""}]",139,12,1517637828457311,http://www.facebook.com/1517637828457311,"=HYPERLINK(""http://www.facebook.com/1517637828457311/?sk=info"", ""1517637828457311"")","=HYPERLINK(""http://builder.page2site.com/sites/add/fbid:1517637828457311"", ""Create"")"
"Aged Care Services",10,"McBeath - Aged Care Pharmacy Services","02 8848 2000",http://www.mcbeath.com.au,Australia,61,"Baulkham Hills",Health/medical/pharmaceuticals,"[{""id"":""2243"",""name"":""Health\/Medical\/Pharmaceuticals""}]",16,1,352832668095403,http://www.facebook.com/352832668095403,"=HYPERLINK(""http://www.facebook.com/352832668095403/?sk=info"", ""352832668095403"")","=HYPERLINK(""http://builder.page2site.com/sites/add/fbid:352832668095403"", ""Create"")"
"Aged Care Services",11,"Care Connection for Aging Services","(800) 748-7826",http://www.goaging.org,"United States",1,Warrensburg,"Non-profit organization","[{""id"":""188662441155211"",""name"":""Community & Government""}]",181,47,1396191923932769,http://www.facebook.com/1396191923932769,"=HYPERLINK(""http://www.facebook.com/1396191923932769/?sk=info"", ""1396191923932769"")","=HYPERLINK(""http://builder.page2site.com/sites/add/fbid:1396191923932769"", ""Create"")"
"Aged Care Services",12,"Insight Aged Care Services Pty Ltd","(07) 3265 4659",http://www.insight-acs.com.au,Australia,61,Boondall,"Bank/financial services","[{""id"":""211381282212118"",""name"":""Financial Planning""},{""id"":""162920420424772"",""name"":""Retirement & Assisted Living Facility""}]",11,,399281723506773,http://www.facebook.com/399281723506773,"=HYPERLINK(""http://www.facebook.com/399281723506773/?sk=info"", ""399281723506773"")","=HYPERLINK(""http://builder.page2site.com/sites/add/fbid:399281723506773"", ""Create"")"
"Aged Care Services",13,"UPA Community Aged Care Services North Coast of NSW","(07) 5524 8303",upa.org.au,Australia,61,"Tweed Heads","Non-profit organization","[{""id"":""152880021441864"",""name"":""Community Organization""}]",47,,278521225586666,http://www.facebook.com/278521225586666,"=HYPERLINK(""http://www.facebook.com/278521225586666/?sk=info"", ""278521225586666"")","=HYPERLINK(""http://builder.page2site.com/sites/add/fbid:278521225586666"", ""Create"")"
"Aged Care Services",14,"Terminology used in aged care or disability services",,http://www.agedcaretransitionconsultants.com,,,,Community,,16,,1476186312617797,http://www.facebook.com/1476186312617797,"=HYPERLINK(""http://www.facebook.com/1476186312617797/?sk=info"", ""1476186312617797"")","=HYPERLINK(""http://builder.page2site.com/sites/add/fbid:1476186312617797"", ""Create"")"
"Aged Care Services",15,"Karen's Kids In Home Multi Age Care & Respite Services",250-338-4904,www.karenskidschildcare.ca,Canada,1,Courtenay,"Professional services","[{""id"":""181811248521973"",""name"":""Child Care""}]",132,17,100894599024,http://www.facebook.com/100894599024,"=HYPERLINK(""http://www.facebook.com/100894599024/?sk=info"", ""100894599024"")","=HYPERLINK(""http://builder.page2site.com/sites/add/fbid:100894599024"", ""Create"")"
"Aged Care Services",16,"aged care and community services",,,,,,"Work position",,,,802841296439015,http://www.facebook.com/802841296439015,"=HYPERLINK(""http://www.facebook.com/802841296439015/?sk=info"", ""802841296439015"")","=HYPERLINK(""http://builder.page2site.com/sites/add/fbid:802841296439015"", ""Create"")"
"Aged Care Services",17,"Masters in Aged care services",,,,,,"Concentration or major",,,,296595000540624,http://www.facebook.com/296595000540624,"=HYPERLINK(""http://www.facebook.com/296595000540624/?sk=info"", ""296595000540624"")","=HYPERLINK(""http://builder.page2site.com/sites/add/fbid:296595000540624"", ""Create"")"
"Aged Care Services",18,"Renew, A New Age Spa","(508) 865-2600","anewagespa.com ","United States",1,Oxford,"Professional services","[{""id"":""139225689474222"",""name"":""Spa, Beauty & Personal Care""}]",396,19,355578011221444,http://www.facebook.com/355578011221444,"=HYPERLINK(""http://www.facebook.com/355578011221444/?sk=info"", ""355578011221444"")","=HYPERLINK(""http://builder.page2site.com/sites/add/fbid:355578011221444"", ""Create"")"
"Aged Care Services",19,"Geelong Aged Care",(03)52472000,,Australia,61,Grovedale,"Local business","[{""id"":""176831012360626"",""name"":""Professional Services""}]",20,,209271055760511,http://www.facebook.com/209271055760511,"=HYPERLINK(""http://www.facebook.com/209271055760511/?sk=info"", ""209271055760511"")","=HYPERLINK(""http://builder.page2site.com/sites/add/fbid:209271055760511"", ""Create"")"
"Aged Care Services",20,"Ozarks Regional YMCA School Age Services-Springfield","(417) 862-7456",http://www.orymca.org/childcare.html,"United States",1,Springfield,Education,"[{""id"":""188662441155211"",""name"":""Community & Government""},{""id"":""181811248521973"",""name"":""Child Care""}]",122,20,303798179789249,http://www.facebook.com/303798179789249,"=HYPERLINK(""http://www.facebook.com/303798179789249/?sk=info"", ""303798179789249"")","=HYPERLINK(""http://builder.page2site.com/sites/add/fbid:303798179789249"", ""Create"")"
"Aged Care Services",21,"Golden Age In Home Care Services","(209) 602-7934",http://www.golden-age-care.com/,"United States",1,"San Francisco",Health/medical/pharmacy,"[{""id"":""145118935550090"",""name"":""Medical & Health""}]",13,1,406389009384197,http://www.facebook.com/406389009384197,"=HYPERLINK(""http://www.facebook.com/406389009384197/?sk=info"", ""406389009384197"")","=HYPERLINK(""http://builder.page2site.com/sites/add/fbid:406389009384197"", ""Create"")"
"Aged Care Services",22,"Rumbalara Aged Care & Disability Services",,,Australia,61,Shepparton,Company,,,,394116890742791,http://www.facebook.com/394116890742791,"=HYPERLINK(""http://www.facebook.com/394116890742791/?sk=info"", ""394116890742791"")","=HYPERLINK(""http://builder.page2site.com/sites/add/fbid:394116890742791"", ""Create"")"
"Aged Care Services",23,"St Catherine's Aged Care Services",,,,,,"Non-profit organization",,,,556581571078024,http://www.facebook.com/556581571078024,"=HYPERLINK(""http://www.facebook.com/556581571078024/?sk=info"", ""556581571078024"")","=HYPERLINK(""http://builder.page2site.com/sites/add/fbid:556581571078024"", ""Create"")"
"Aged Care Services",24,"Unitingcare Ageing - Sydney Central Residential Care Services","T 02 9568 8000",http://www.unitngcareageing.org.au,Australia,61,Leichhardt,"Non-profit organization","[{""id"":""2603"",""name"":""Non-Profit Organization""}]",224,45,183433238524509,http://www.facebook.com/183433238524509,"=HYPERLINK(""http://www.facebook.com/183433238524509/?sk=info"", ""183433238524509"")","=HYPERLINK(""http://builder.page2site.com/sites/add/fbid:183433238524509"", ""Create"")"
"Aged Care Services",25,"Cert III & IV Community Services in Aged Care",,,,,,"Concentration or major",,,,601217333320410,http://www.facebook.com/601217333320410,"=HYPERLINK(""http://www.facebook.com/601217333320410/?sk=info"", ""601217333320410"")","=HYPERLINK(""http://builder.page2site.com/sites/add/fbid:601217333320410"", ""Create"")"
"Aged Care Services",26,"The Refresh & Anti-Aging Services",250-655-7070,http://www.therefresh.ca,Canada,1,Sidney,"Spas/beauty/personal care","[{""id"":""200814353265561"",""name"":""Spa""},{""id"":""205950169432461"",""name"":""Day Spa""}]",124,,158123787542874,http://www.facebook.com/158123787542874,"=HYPERLINK(""http://www.facebook.com/158123787542874/?sk=info"", ""158123787542874"")","=HYPERLINK(""http://builder.page2site.com/sites/add/fbid:158123787542874"", ""Create"")"
"Aged Care Services",27,"Divine Med Spa AntiAging","(336) 270-6746",,"United States",1,Burlington,"Spas/beauty/personal care","[{""id"":""176831012360626"",""name"":""Professional Services""}]",96,,281463362021428,http://www.facebook.com/281463362021428,"=HYPERLINK(""http://www.facebook.com/281463362021428/?sk=info"", ""281463362021428"")","=HYPERLINK(""http://builder.page2site.com/sites/add/fbid:281463362021428"", ""Create"")"
"Aged Care Services",28,Age,0112420498,,Italy,39,Turin,"Spas/beauty/personal care","[{""id"":""297681550307872"",""name"":""Supply & Distribution Services""}]",616,5,610840882292725,http://www.facebook.com/610840882292725,"=HYPERLINK(""http://www.facebook.com/610840882292725/?sk=info"", ""610840882292725"")","=HYPERLINK(""http://builder.page2site.com/sites/add/fbid:610840882292725"", ""Create"")"
"Aged Care Services",29,"Aged Care Management Australia",0403949006,http://www.acma.net.au,Australia,61,Belair,"Consulting/business services","[{""id"":""2248"",""name"":""Consulting\/Business Services""}]",176,14,781757081858102,http://www.facebook.com/781757081858102,"=HYPERLINK(""http://www.facebook.com/781757081858102/?sk=info"", ""781757081858102"")","=HYPERLINK(""http://builder.page2site.com/sites/add/fbid:781757081858102"", ""Create"")"
"Aged Care Services",30,"Aged Care Guidance",0421411700,http://www.agedcareguidance.com,Australia,61,Strathpine,"Business services","[{""id"":""143973032336164"",""name"":""Brokers & Franchising""}]",15,,330725923755739,http://www.facebook.com/330725923755739,"=HYPERLINK(""http://www.facebook.com/330725923755739/?sk=info"", ""330725923755739"")","=HYPERLINK(""http://builder.page2site.com/sites/add/fbid:330725923755739"", ""Create"")"
"Aged Care Services",31,"Marina Residential Aged Care",,,Australia,61,Altona,"Local business","[{""id"":""176831012360626"",""name"":""Professional Services""}]",28,3,157026534320855,http://www.facebook.com/157026534320855,"=HYPERLINK(""http://www.facebook.com/157026534320855/?sk=info"", ""157026534320855"")","=HYPERLINK(""http://builder.page2site.com/sites/add/fbid:157026534320855"", ""Create"")"
"Aged Care Services",32,"Regis Lake Park Aged Care Facility",,,Australia,61,Blackburn,"Local business","[{""id"":""176831012360626"",""name"":""Professional Services""}]",18,1,200810079931120,http://www.facebook.com/200810079931120,"=HYPERLINK(""http://www.facebook.com/200810079931120/?sk=info"", ""200810079931120"")","=HYPERLINK(""http://builder.page2site.com/sites/add/fbid:200810079931120"", ""Create"")"
"Aged Care Services",33,"Centre Millésime Minceur et Anti âge","03 89 24 9999",http://www.millesime-corporelle.com,France,33,Colmar,"Spas/beauty/personal care","[{""id"":""176831012360626"",""name"":""Professional Services""}]",389,7,1434562623430396,http://www.facebook.com/1434562623430396,"=HYPERLINK(""http://www.facebook.com/1434562623430396/?sk=info"", ""1434562623430396"")","=HYPERLINK(""http://builder.page2site.com/sites/add/fbid:1434562623430396"", ""Create"")"
"Aged Care Services",34,"Bentleys Aged Care","(03) 5444 4050",,Australia,61,Bendigo,"Local business","[{""id"":""176831012360626"",""name"":""Professional Services""}]",7,,120642017991024,http://www.facebook.com/120642017991024,"=HYPERLINK(""http://www.facebook.com/120642017991024/?sk=info"", ""120642017991024"")","=HYPERLINK(""http://builder.page2site.com/sites/add/fbid:120642017991024"", ""Create"")"
"Aged Care Services",35,"Cosmetic & Anti Aging Nymphenburg",08917998836,http://www.cosmetic-nymphenburg.de,Germany,49,Munich,"Business services","[{""id"":""139225689474222"",""name"":""Spa, Beauty & Personal Care""}]",334,1,686925868016777,http://www.facebook.com/686925868016777,"=HYPERLINK(""http://www.facebook.com/686925868016777/?sk=info"", ""686925868016777"")","=HYPERLINK(""http://builder.page2site.com/sites/add/fbid:686925868016777"", ""Create"")"
"Aged Care Services",36,"Aged Care Consultants","03) 54441855 or mobile 0412693415",http://www.agedcaretransitioncontsultants.com,Australia,61,Bendigo,"Professional services","[{""id"":""176831012360626"",""name"":""Professional Services""}]",345,,120731281449797,http://www.facebook.com/120731281449797,"=HYPERLINK(""http://www.facebook.com/120731281449797/?sk=info"", ""120731281449797"")","=HYPERLINK(""http://builder.page2site.com/sites/add/fbid:120731281449797"", ""Create"")"
"Aged Care Services",37,"Napier Street Aged Care Services",,,Australia,61,Melbourne,"Local business","[{""id"":""2500"",""name"":""Local Business""}]",5,,152730138138625,http://www.facebook.com/152730138138625,"=HYPERLINK(""http://www.facebook.com/152730138138625/?sk=info"", ""152730138138625"")","=HYPERLINK(""http://builder.page2site.com/sites/add/fbid:152730138138625"", ""Create"")"
"Aged Care Services",38,"New Age Studio","021.230.17.22  ",,Romania,40,Bucharest,"Spas/beauty/personal care","[{""id"":""176831012360626"",""name"":""Professional Services""}]",35,,633750733413109,http://www.facebook.com/633750733413109,"=HYPERLINK(""http://www.facebook.com/633750733413109/?sk=info"", ""633750733413109"")","=HYPERLINK(""http://builder.page2site.com/sites/add/fbid:633750733413109"", ""Create"")"
"Aged Care Services",39,"Age Wise Elder Care Solutions","(616) 690-4572",http://agewisesenior.com,"United States",1,"Grand Rapids","Professional services","[{""id"":""176831012360626"",""name"":""Professional Services""}]",50,,231885250348526,http://www.facebook.com/231885250348526,"=HYPERLINK(""http://www.facebook.com/231885250348526/?sk=info"", ""231885250348526"")","=HYPERLINK(""http://builder.page2site.com/sites/add/fbid:231885250348526"", ""Create"")"
"Aged Care Services",40,"Home Care Assistance of Cincinnati -Changing the Way the World Ages","(513) 891-2273",http://www.homecareassistancecincinnati.com,"United States",1,Cincinnati,Health/medical/pharmacy,"[{""id"":""197289820310880"",""name"":""Home""},{""id"":""134091706658568"",""name"":""Health Agency""},{""id"":""360320934014496"",""name"":""Lifestyle Services""}]",269,3,705124689517661,http://www.facebook.com/705124689517661,"=HYPERLINK(""http://www.facebook.com/705124689517661/?sk=info"", ""705124689517661"")","=HYPERLINK(""http://builder.page2site.com/sites/add/fbid:705124689517661"", ""Create"")"
"Aged Care Services",41,"Anti Ageing Auckland","027 281 5921",http://www.antiageingauckland.co.nz,"New Zealand",64,Tuakau,"Spas/beauty/personal care","[{""id"":""360320934014496"",""name"":""Lifestyle Services""}]",106,2,751538434907452,http://www.facebook.com/751538434907452,"=HYPERLINK(""http://www.facebook.com/751538434907452/?sk=info"", ""751538434907452"")","=HYPERLINK(""http://builder.page2site.com/sites/add/fbid:751538434907452"", ""Create"")"
"Aged Care Services",42,"A-CE. Global Day Care for The Age",1868-286-4561,,"Trinidad and Tobago","1 868","Sangre Grande Town","Spas/beauty/personal care","[{""id"":""188460567855224"",""name"":""Disabled Persons Services""}]",12,,1538228329721900,http://www.facebook.com/1538228329721900,"=HYPERLINK(""http://www.facebook.com/1538228329721900/?sk=info"", ""1538228329721900"")","=HYPERLINK(""http://builder.page2site.com/sites/add/fbid:1538228329721900"", ""Create"")"
"Aged Care Services",43,"Warrigal Aged Care",,,Australia,61,Goulburn,"Local business","[{""id"":""176831012360626"",""name"":""Professional Services""},{""id"":""124668097604494"",""name"":""Senior Center""}]",14,1,117220938362151,http://www.facebook.com/117220938362151,"=HYPERLINK(""http://www.facebook.com/117220938362151/?sk=info"", ""117220938362151"")","=HYPERLINK(""http://builder.page2site.com/sites/add/fbid:117220938362151"", ""Create"")"
"Aged Care Services",44,"Easy Anti Aging","0481 091 570",http://www.easy-anti-aging.com,Australia,61,Sydney,"Spas/beauty/personal care","[{""id"":""187133811318958"",""name"":""Business Services""}]",3849,,353158341450442,http://www.facebook.com/353158341450442,"=HYPERLINK(""http://www.facebook.com/353158341450442/?sk=info"", ""353158341450442"")","=HYPERLINK(""http://builder.page2site.com/sites/add/fbid:353158341450442"", ""Create"")"
"Aged Care Services",45,"A Coming Of Age. Foster Family Agency. - Foster Care","(951) 776-9223",http://www.acomingofage.org,"United States",1,Riverside,"Non-profit organization","[{""id"":""193245447371023"",""name"":""Adoption Service""},{""id"":""181811248521973"",""name"":""Child Care""}]",1189,12,224655297725780,http://www.facebook.com/224655297725780,"=HYPERLINK(""http://www.facebook.com/224655297725780/?sk=info"", ""224655297725780"")","=HYPERLINK(""http://builder.page2site.com/sites/add/fbid:224655297725780"", ""Create"")"
"Aged Care Services",46,"New Horizons Aged Care",,,Australia,61,Ryde,"Local business","[{""id"":""176831012360626"",""name"":""Professional Services""}]",6,,194943473880638,http://www.facebook.com/194943473880638,"=HYPERLINK(""http://www.facebook.com/194943473880638/?sk=info"", ""194943473880638"")","=HYPERLINK(""http://builder.page2site.com/sites/add/fbid:194943473880638"", ""Create"")"
"Aged Care Services",47,"Our Lady Of Consolacion Aged Care Services",,,Australia,61,"Rooty Hill","Local business","[{""id"":""145118935550090"",""name"":""Medical & Health""}]",5,,118662634861199,http://www.facebook.com/118662634861199,"=HYPERLINK(""http://www.facebook.com/118662634861199/?sk=info"", ""118662634861199"")","=HYPERLINK(""http://builder.page2site.com/sites/add/fbid:118662634861199"", ""Create"")"
"Aged Care Services",48,"Providence Aged Care",,,Australia,61,"Bacchus Marsh","Local business","[{""id"":""176831012360626"",""name"":""Professional Services""}]",5,,133713040023477,http://www.facebook.com/133713040023477,"=HYPERLINK(""http://www.facebook.com/133713040023477/?sk=info"", ""133713040023477"")","=HYPERLINK(""http://builder.page2site.com/sites/add/fbid:133713040023477"", ""Create"")"
"Aged Care Services",49,"Central Park Aged Care",,,Australia,61,Melbourne,"Local business","[{""id"":""176831012360626"",""name"":""Professional Services""}]",3,2,397023217001429,http://www.facebook.com/397023217001429,"=HYPERLINK(""http://www.facebook.com/397023217001429/?sk=info"", ""397023217001429"")","=HYPERLINK(""http://builder.page2site.com/sites/add/fbid:397023217001429"", ""Create"")"
"Aged Care Services",50,"Angels of Aged Care",0400977833,http://angelsofagedcare.com.au/,Australia,61,Melbourne,"Professional services","[{""id"":""161516070564222"",""name"":""Financial Services""},{""id"":""108427109235243"",""name"":""Home Improvement""},{""id"":""145118935550090"",""name"":""Medical & Health""}]",64,1,567163880040564,http://www.facebook.com/567163880040564,"=HYPERLINK(""http://www.facebook.com/567163880040564/?sk=info"", ""567163880040564"")","=HYPERLINK(""http://builder.page2site.com/sites/add/fbid:567163880040564"", ""Create"")"
"Aged Care Services",51,"Sydney Aged Care Financial Advisers","1300 659 677",http://www.sydneyagedcarefinancialadvisers.com.au,Australia,61,Sydney,"Bank/financial services","[{""id"":""211381282212118"",""name"":""Financial Planning""},{""id"":""204887546203055"",""name"":""Estate Planning""}]",33,1,185003118373119,http://www.facebook.com/185003118373119,"=HYPERLINK(""http://www.facebook.com/185003118373119/?sk=info"", ""185003118373119"")","=HYPERLINK(""http://builder.page2site.com/sites/add/fbid:185003118373119"", ""Create"")"
"Aged Care Services",52,"Glengowrie Age Care",,,Australia,61,Broadmeadows,"Local business","[{""id"":""176831012360626"",""name"":""Professional Services""}]",18,1,153486308027538,http://www.facebook.com/153486308027538,"=HYPERLINK(""http://www.facebook.com/153486308027538/?sk=info"", ""153486308027538"")","=HYPERLINK(""http://builder.page2site.com/sites/add/fbid:153486308027538"", ""Create"")"
"Aged Care Services",53,"Aged Care Consultant",0450546339,,Australia,61,Aspley,"Professional services","[{""id"":""176831012360626"",""name"":""Professional Services""}]",2,,114070508789021,http://www.facebook.com/114070508789021,"=HYPERLINK(""http://www.facebook.com/114070508789021/?sk=info"", ""114070508789021"")","=HYPERLINK(""http://builder.page2site.com/sites/add/fbid:114070508789021"", ""Create"")"
"Aged Care Services",54,"Mirboo North Aged Care",,,Australia,61,"Mirboo North","Local business","[{""id"":""176831012360626"",""name"":""Professional Services""}]",12,3,197701026924998,http://www.facebook.com/197701026924998,"=HYPERLINK(""http://www.facebook.com/197701026924998/?sk=info"", ""197701026924998"")","=HYPERLINK(""http://builder.page2site.com/sites/add/fbid:197701026924998"", ""Create"")"
"Aged Care Services",55,"Holloway Aged Care",,,Australia,61,"Keilor East","Local business","[{""id"":""176831012360626"",""name"":""Professional Services""}]",,3,603211633044089,http://www.facebook.com/603211633044089,"=HYPERLINK(""http://www.facebook.com/603211633044089/?sk=info"", ""603211633044089"")","=HYPERLINK(""http://builder.page2site.com/sites/add/fbid:603211633044089"", ""Create"")"
"Aged Care Services",56,"Age & the City Home Care","(646) 543-0335",http://ageandthecity.com,"United States",1,"New York",Health/medical/pharmaceuticals,"[{""id"":""176831012360626"",""name"":""Professional Services""}]",220,10,101832626610209,http://www.facebook.com/101832626610209,"=HYPERLINK(""http://www.facebook.com/101832626610209/?sk=info"", ""101832626610209"")","=HYPERLINK(""http://builder.page2site.com/sites/add/fbid:101832626610209"", ""Create"")"
"Aged Care Services",57,"New-Age LawnCare & Service calls","(256) 468-2315",,"United States",1,Huntsville,"Professional services","[{""id"":""128853933850116"",""name"":""Landscaping""},{""id"":""181814521855864"",""name"":""Locksmith""}]",37,,230808690452327,http://www.facebook.com/230808690452327,"=HYPERLINK(""http://www.facebook.com/230808690452327/?sk=info"", ""230808690452327"")","=HYPERLINK(""http://builder.page2site.com/sites/add/fbid:230808690452327"", ""Create"")"
"Aged Care Services",58,"Sylvan Lake School Aged Care Society",403-358-2743,,Canada,1,"Sylvan Lake",Club,"[{""id"":""176831012360626"",""name"":""Professional Services""}]",22,4,1484302921787636,http://www.facebook.com/1484302921787636,"=HYPERLINK(""http://www.facebook.com/1484302921787636/?sk=info"", ""1484302921787636"")","=HYPERLINK(""http://builder.page2site.com/sites/add/fbid:1484302921787636"", ""Create"")"
"Aged Care Services",59,"State of Texas Long Term Care Services Aged and Disabled Services","(210) 615-8010",,"United States",1,"San Antonio","Local business","[{""id"":""161422927240513"",""name"":""Government Organization""}]",1,,133912326658598,http://www.facebook.com/133912326658598,"=HYPERLINK(""http://www.facebook.com/133912326658598/?sk=info"", ""133912326658598"")","=HYPERLINK(""http://builder.page2site.com/sites/add/fbid:133912326658598"", ""Create"")"
"Aged Care Services",60,"Hazel's Mobile Hairdressing for the Over 50's & Aged Care",0435453924,,Australia,61,"Gold Coast","Business services","[{""id"":""176831012360626"",""name"":""Professional Services""}]",5,,635224893197944,http://www.facebook.com/635224893197944,"=HYPERLINK(""http://www.facebook.com/635224893197944/?sk=info"", ""635224893197944"")","=HYPERLINK(""http://builder.page2site.com/sites/add/fbid:635224893197944"", ""Create"")"
