Keyword,#,Name,Phone,Website,Country,"Country code",City,Category,"Category List",Likes,"Talking about","Facebook ID","Facebook Url","Facebook Page Link","P2S Website"
"Alternative & Natural Therapy",0,"Czechrose Natural Therapy","604 669 9312",www.czechrose.com,Canada,1,Vancouver,"Spas/beauty/personal care","[{""id"":""109578329118821"",""name"":""Massage""},{""id"":""357645644269220"",""name"":""Alternative & Holistic Health""}]",386,41,147594838685576,http://www.facebook.com/147594838685576,"=HYPERLINK(""http://www.facebook.com/147594838685576/?sk=info"", ""147594838685576"")","=HYPERLINK(""http://builder.page2site.com/sites/add/fbid:147594838685576"", ""Create"")"
"Alternative & Natural Therapy",1,"Natural Balance Therapy Centre",01382322931,http://www.naturalbalancetherapycentre.co.uk,"United Kingdom",44,Dundee,"Spas/beauty/personal care","[{""id"":""357645644269220"",""name"":""Alternative & Holistic Health""}]",810,190,192005434283662,http://www.facebook.com/192005434283662,"=HYPERLINK(""http://www.facebook.com/192005434283662/?sk=info"", ""192005434283662"")","=HYPERLINK(""http://builder.page2site.com/sites/add/fbid:192005434283662"", ""Create"")"
"Alternative & Natural Therapy",2,"Godfrey Natural Chiropractic and Massage Therapy","(402) 331-0392",godfreychiro.net,"United States",1,Omaha,Health/medical/pharmacy,"[{""id"":""192781160749720"",""name"":""Chiropractor""},{""id"":""357645644269220"",""name"":""Alternative & Holistic Health""},{""id"":""109578329118821"",""name"":""Massage""}]",229,6,147393735352291,http://www.facebook.com/147393735352291,"=HYPERLINK(""http://www.facebook.com/147393735352291/?sk=info"", ""147393735352291"")","=HYPERLINK(""http://builder.page2site.com/sites/add/fbid:147393735352291"", ""Create"")"
"Alternative & Natural Therapy",3,"Reiki Therapy - Natural Healing",905-781-9340,http://www.tpnaturalhealing.com,Canada,1,Mississauga,"Spas/beauty/personal care","[{""id"":""357645644269220"",""name"":""Alternative & Holistic Health""}]",667,26,1458867464350676,http://www.facebook.com/1458867464350676,"=HYPERLINK(""http://www.facebook.com/1458867464350676/?sk=info"", ""1458867464350676"")","=HYPERLINK(""http://builder.page2site.com/sites/add/fbid:1458867464350676"", ""Create"")"
"Alternative & Natural Therapy",4,"Blossom Natural Therapy",0410607264,http://www.blossomnaturaltherapy.com,Australia,61,Mooloolaba,"Local business","[{""id"":""357645644269220"",""name"":""Alternative & Holistic Health""}]",131,29,1427635294164732,http://www.facebook.com/1427635294164732,"=HYPERLINK(""http://www.facebook.com/1427635294164732/?sk=info"", ""1427635294164732"")","=HYPERLINK(""http://builder.page2site.com/sites/add/fbid:1427635294164732"", ""Create"")"
"Alternative & Natural Therapy",5,"Bardon Counselling & Natural Therapy Centre","07 3368 1300",http://www.bardoncounsellingcentre.net.au,Australia,61,Brisbane,"Professional services","[{""id"":""137847742955715"",""name"":""Clinic""},{""id"":""357645644269220"",""name"":""Alternative & Holistic Health""},{""id"":""132328993501399"",""name"":""Counseling & Mental Health""}]",188,,557517467633122,http://www.facebook.com/557517467633122,"=HYPERLINK(""http://www.facebook.com/557517467633122/?sk=info"", ""557517467633122"")","=HYPERLINK(""http://builder.page2site.com/sites/add/fbid:557517467633122"", ""Create"")"
"Alternative & Natural Therapy",6,"Blue Moon Natural Therapy, LLC","(903) 392-2061",http://www.bluemoonnaturaltherapy.com,"United States",1,Henderson,"Spas/beauty/personal care","[{""id"":""357645644269220"",""name"":""Alternative & Holistic Health""}]",344,5,245302155661365,http://www.facebook.com/245302155661365,"=HYPERLINK(""http://www.facebook.com/245302155661365/?sk=info"", ""245302155661365"")","=HYPERLINK(""http://builder.page2site.com/sites/add/fbid:245302155661365"", ""Create"")"
"Alternative & Natural Therapy",7,"Sole Health Reflexology and Natural Therapy","040 57 22 58 6",http://www.solehealth-reflexology.squarespace.com,Australia,61,Brisbane,Health/medical/pharmacy,"[{""id"":""357645644269220"",""name"":""Alternative & Holistic Health""}]",409,15,412052282188333,http://www.facebook.com/412052282188333,"=HYPERLINK(""http://www.facebook.com/412052282188333/?sk=info"", ""412052282188333"")","=HYPERLINK(""http://builder.page2site.com/sites/add/fbid:412052282188333"", ""Create"")"
"Alternative & Natural Therapy",8,"The Natural Therapy Clinic","07 5764113",http://www.thenaturaltherapyclinic.co.nz,"New Zealand",64,Tauranga,Health/medical/pharmacy,"[{""id"":""357645644269220"",""name"":""Alternative & Holistic Health""}]",139,35,587242274673883,http://www.facebook.com/587242274673883,"=HYPERLINK(""http://www.facebook.com/587242274673883/?sk=info"", ""587242274673883"")","=HYPERLINK(""http://builder.page2site.com/sites/add/fbid:587242274673883"", ""Create"")"
"Alternative & Natural Therapy",9,"Benessence holistic natural therapy",852-2577-0533,"http://www.benessence.com http://www.yogashantihongkong.com","Hong Kong",852,"Causeway Bay","Spas/beauty/personal care","[{""id"":""357645644269220"",""name"":""Alternative & Holistic Health""}]",143,1,1417529361815163,http://www.facebook.com/1417529361815163,"=HYPERLINK(""http://www.facebook.com/1417529361815163/?sk=info"", ""1417529361815163"")","=HYPERLINK(""http://builder.page2site.com/sites/add/fbid:1417529361815163"", ""Create"")"
"Alternative & Natural Therapy",10,"Chika Tarui Food and Nutrition Therapy","0433 264 973",http://naturalfoodtherapy.com.au,Australia,61,"South Melbourne",Health/medical/pharmacy,"[{""id"":""357645644269220"",""name"":""Alternative & Holistic Health""}]",210,1,354748904677786,http://www.facebook.com/354748904677786,"=HYPERLINK(""http://www.facebook.com/354748904677786/?sk=info"", ""354748904677786"")","=HYPERLINK(""http://builder.page2site.com/sites/add/fbid:354748904677786"", ""Create"")"
"Alternative & Natural Therapy",11,"Sydney Bicom - Bioresonance Therapy, Nutrition & Natural Therapy Clinic",0295444177,www.sydneybicom.com,Australia,61,"Cronulla Beach",Health/medical/pharmacy,"[{""id"":""357645644269220"",""name"":""Alternative & Holistic Health""}]",756,,406796172745447,http://www.facebook.com/406796172745447,"=HYPERLINK(""http://www.facebook.com/406796172745447/?sk=info"", ""406796172745447"")","=HYPERLINK(""http://builder.page2site.com/sites/add/fbid:406796172745447"", ""Create"")"
"Alternative & Natural Therapy",12,"Natural Touch Therapy Products LLC","(619) 600-2813","http://www.nttpllc.com ","United States",1,"San Diego",Health/medical/pharmacy,"[{""id"":""357645644269220"",""name"":""Alternative & Holistic Health""}]",58,2,195464407162517,http://www.facebook.com/195464407162517,"=HYPERLINK(""http://www.facebook.com/195464407162517/?sk=info"", ""195464407162517"")","=HYPERLINK(""http://builder.page2site.com/sites/add/fbid:195464407162517"", ""Create"")"
"Alternative & Natural Therapy",13,"Silverdale Natural Therapy",0407847489,http://www.silverdale.com.au,Australia,61,Lesmurdie,"Local business","[{""id"":""357645644269220"",""name"":""Alternative & Holistic Health""}]",42,,800687909966132,http://www.facebook.com/800687909966132,"=HYPERLINK(""http://www.facebook.com/800687909966132/?sk=info"", ""800687909966132"")","=HYPERLINK(""http://builder.page2site.com/sites/add/fbid:800687909966132"", ""Create"")"
"Alternative & Natural Therapy",14,"Vida Physical Therapy Ayurveda & Natural Products",84696251,https://www.facebook.com/ayurveda.y.mas,"Costa Rica",506,Atenas,"Professional services","[{""id"":""109578329118821"",""name"":""Massage""},{""id"":""357645644269220"",""name"":""Alternative & Holistic Health""}]",120,,256643167718554,http://www.facebook.com/256643167718554,"=HYPERLINK(""http://www.facebook.com/256643167718554/?sk=info"", ""256643167718554"")","=HYPERLINK(""http://builder.page2site.com/sites/add/fbid:256643167718554"", ""Create"")"
"Alternative & Natural Therapy",15,"Natural Wellness - Massage & Holistic Therapies","0413 404 721",http://www.manasmassagetherapy.net/,Australia,61,Mernda,"Spas/beauty/personal care","[{""id"":""109578329118821"",""name"":""Massage""},{""id"":""357645644269220"",""name"":""Alternative & Holistic Health""}]",268,,403564226414476,http://www.facebook.com/403564226414476,"=HYPERLINK(""http://www.facebook.com/403564226414476/?sk=info"", ""403564226414476"")","=HYPERLINK(""http://builder.page2site.com/sites/add/fbid:403564226414476"", ""Create"")"
"Alternative & Natural Therapy",16,"Natural Holistic Therapy",01553775333,,"United Kingdom",44,"King's Lynn",Health/beauty,"[{""id"":""109578329118821"",""name"":""Massage""},{""id"":""357645644269220"",""name"":""Alternative & Holistic Health""}]",40,,634644206591175,http://www.facebook.com/634644206591175,"=HYPERLINK(""http://www.facebook.com/634644206591175/?sk=info"", ""634644206591175"")","=HYPERLINK(""http://builder.page2site.com/sites/add/fbid:634644206591175"", ""Create"")"
"Alternative & Natural Therapy",17,"Natural Law Therapy","079/903 13 33",http://www.yasminbossert.ch,Switzerland,41,Zürich,Health/medical/pharmacy,"[{""id"":""357645644269220"",""name"":""Alternative & Holistic Health""}]",109,,221362224691649,http://www.facebook.com/221362224691649,"=HYPERLINK(""http://www.facebook.com/221362224691649/?sk=info"", ""221362224691649"")","=HYPERLINK(""http://builder.page2site.com/sites/add/fbid:221362224691649"", ""Create"")"
"Alternative & Natural Therapy",18,"Divine Energy Natural Therapy","0415 428 721",http://www.divinenergy.com.au,Australia,61,"Castle Hill",Health/medical/pharmacy,"[{""id"":""357645644269220"",""name"":""Alternative & Holistic Health""}]",64,,181767568655084,http://www.facebook.com/181767568655084,"=HYPERLINK(""http://www.facebook.com/181767568655084/?sk=info"", ""181767568655084"")","=HYPERLINK(""http://builder.page2site.com/sites/add/fbid:181767568655084"", ""Create"")"
"Alternative & Natural Therapy",19,"Emily Pettigrew, Natural Energies Practitioner",0402887598,,Australia,61,Mornington,"Local business","[{""id"":""357645644269220"",""name"":""Alternative & Holistic Health""}]",608,21,508137872634486,http://www.facebook.com/508137872634486,"=HYPERLINK(""http://www.facebook.com/508137872634486/?sk=info"", ""508137872634486"")","=HYPERLINK(""http://builder.page2site.com/sites/add/fbid:508137872634486"", ""Create"")"
"Alternative & Natural Therapy",20,"Samantha Lennie Therapy",,http://www.samanthalennietherapy.com,"United Kingdom",44,Bocking,Health/medical/pharmacy,"[{""id"":""357645644269220"",""name"":""Alternative & Holistic Health""}]",116,14,501837373261131,http://www.facebook.com/501837373261131,"=HYPERLINK(""http://www.facebook.com/501837373261131/?sk=info"", ""501837373261131"")","=HYPERLINK(""http://builder.page2site.com/sites/add/fbid:501837373261131"", ""Create"")"
"Alternative & Natural Therapy",21,"Natural Healing Therapy and Wellnesss Center in Tampa","(813) 446-2592",http://WWW.FACEBOOK.COM/1NATURALCURE,"United States",1,Tampa,Health/medical/pharmacy,"[{""id"":""357645644269220"",""name"":""Alternative & Holistic Health""}]",,,372784072794034,http://www.facebook.com/372784072794034,"=HYPERLINK(""http://www.facebook.com/372784072794034/?sk=info"", ""372784072794034"")","=HYPERLINK(""http://builder.page2site.com/sites/add/fbid:372784072794034"", ""Create"")"
