Keyword,#,Name,Phone,Website,Country,"Country code",City,Category,"Category List",Likes,"Talking about","Facebook ID","Facebook Url","Facebook Page Link","P2S Website"
"Antique Dealer",0,"Antique Dealers",,,,,,"Local business",,95,2,107337945954154,http://www.facebook.com/107337945954154,"=HYPERLINK(""http://www.facebook.com/107337945954154/?sk=info"", ""107337945954154"")","=HYPERLINK(""http://builder.page2site.com/sites/add/fbid:107337945954154"", ""Create"")"
"Antique Dealer",1,"Antique dealer",,,,,,Interest,,218,1,110639712291098,http://www.facebook.com/110639712291098,"=HYPERLINK(""http://www.facebook.com/110639712291098/?sk=info"", ""110639712291098"")","=HYPERLINK(""http://builder.page2site.com/sites/add/fbid:110639712291098"", ""Create"")"
"Antique Dealer",2,"Antique Dealers",00919895897695,,India,91,Kottayam,Shopping/retail,"[{""id"":""150732438316813"",""name"":""Antique Store""}]",75,,1474049702810863,http://www.facebook.com/1474049702810863,"=HYPERLINK(""http://www.facebook.com/1474049702810863/?sk=info"", ""1474049702810863"")","=HYPERLINK(""http://builder.page2site.com/sites/add/fbid:1474049702810863"", ""Create"")"
"Antique Dealer",3,"Antique dealers",,http://tinyurl.com/Antique-dealers-7h8fmgn8,,,,Community,,37,,165152420176902,http://www.facebook.com/165152420176902,"=HYPERLINK(""http://www.facebook.com/165152420176902/?sk=info"", ""165152420176902"")","=HYPERLINK(""http://builder.page2site.com/sites/add/fbid:165152420176902"", ""Create"")"
"Antique Dealer",4,"Antique Dealer",03757037-03430110,,Lebanon,961,Tripoli,"Museum/art gallery","[{""id"":""197817313562497"",""name"":""Museum""}]",35,1,1479023882314317,http://www.facebook.com/1479023882314317,"=HYPERLINK(""http://www.facebook.com/1479023882314317/?sk=info"", ""1479023882314317"")","=HYPERLINK(""http://builder.page2site.com/sites/add/fbid:1479023882314317"", ""Create"")"
"Antique Dealer",5,"Antique Dealer's Outlet","(540) 212-3807",http://www.antiquedealersoutlet.com/,"United States",1,Catlett,"Local business","[{""id"":""187679647929203"",""name"":""Collectibles Store""},{""id"":""150732438316813"",""name"":""Antique Store""}]",197,6,516075145146747,http://www.facebook.com/516075145146747,"=HYPERLINK(""http://www.facebook.com/516075145146747/?sk=info"", ""516075145146747"")","=HYPERLINK(""http://builder.page2site.com/sites/add/fbid:516075145146747"", ""Create"")"
"Antique Dealer",6,"Antique dealer",03321344499,https://twitter.com/zaiby_shaikh,Pakistan,92,Karachi,"Local business","[{""id"":""139745066094977"",""name"":""Business Center""}]",33,,309144692588238,http://www.facebook.com/309144692588238,"=HYPERLINK(""http://www.facebook.com/309144692588238/?sk=info"", ""309144692588238"")","=HYPERLINK(""http://builder.page2site.com/sites/add/fbid:309144692588238"", ""Create"")"
"Antique Dealer",7,AntiqueDealers,,"www.myspace.com/antiquedealers ",,,,Musician/band,,41,,196453087037499,http://www.facebook.com/196453087037499,"=HYPERLINK(""http://www.facebook.com/196453087037499/?sk=info"", ""196453087037499"")","=HYPERLINK(""http://builder.page2site.com/sites/add/fbid:196453087037499"", ""Create"")"
"Antique Dealer",8,"Decorating and antique dealer at jar fly station in brazelton",,http://jarflystation.com,,,,"Just for fun",,52,4,1481403752095488,http://www.facebook.com/1481403752095488,"=HYPERLINK(""http://www.facebook.com/1481403752095488/?sk=info"", ""1481403752095488"")","=HYPERLINK(""http://builder.page2site.com/sites/add/fbid:1481403752095488"", ""Create"")"
"Antique Dealer",9,"French Antique Dealers","0033 805 696 296",www.french-antique-dealers.com,,,,"Retail and consumer merchandise",,9220,1,132075436869524,http://www.facebook.com/132075436869524,"=HYPERLINK(""http://www.facebook.com/132075436869524/?sk=info"", ""132075436869524"")","=HYPERLINK(""http://builder.page2site.com/sites/add/fbid:132075436869524"", ""Create"")"
"Antique Dealer",10,"Arkansas Antique Dealers Association",,http://www.arkansasantiquedealsers.com,,,,"Non-profit organization",,247,1,391359647624368,http://www.facebook.com/391359647624368,"=HYPERLINK(""http://www.facebook.com/391359647624368/?sk=info"", ""391359647624368"")","=HYPERLINK(""http://builder.page2site.com/sites/add/fbid:391359647624368"", ""Create"")"
"Antique Dealer",11,"Antique Dealers Association of  Berks County",610-678-7669,,,,,"Non-profit organization",,73,1,561866743872176,http://www.facebook.com/561866743872176,"=HYPERLINK(""http://www.facebook.com/561866743872176/?sk=info"", ""561866743872176"")","=HYPERLINK(""http://builder.page2site.com/sites/add/fbid:561866743872176"", ""Create"")"
"Antique Dealer",12,"Bloomington Antique Dealers Association","QUESTIONS CALL 812 350 3451 ",,"United States",1,Bloomington,"Retail and consumer merchandise",,183,5,113750128761117,http://www.facebook.com/113750128761117,"=HYPERLINK(""http://www.facebook.com/113750128761117/?sk=info"", ""113750128761117"")","=HYPERLINK(""http://builder.page2site.com/sites/add/fbid:113750128761117"", ""Create"")"
"Antique Dealer",13,"Antique Dealers Insurance",,www.blackfriarsgroup.com,,,,Product/service,,13,,544735025560498,http://www.facebook.com/544735025560498,"=HYPERLINK(""http://www.facebook.com/544735025560498/?sk=info"", ""544735025560498"")","=HYPERLINK(""http://builder.page2site.com/sites/add/fbid:544735025560498"", ""Create"")"
"Antique Dealer",14,"Antique Dealer Herat- عتیقه فروش هراتی",0093799560640,http://hiwadhost.com/,Afghanistan,93,"Afghan Tappeh","Museum/art gallery","[{""id"":""197097220301977"",""name"":""Historical Place""},{""id"":""150732438316813"",""name"":""Antique Store""}]",37,6,875855675758047,http://www.facebook.com/875855675758047,"=HYPERLINK(""http://www.facebook.com/875855675758047/?sk=info"", ""875855675758047"")","=HYPERLINK(""http://builder.page2site.com/sites/add/fbid:875855675758047"", ""Create"")"
"Antique Dealer",15,"New Hampshire Antique Dealers Association",,www.nhada.org,,,,Organization,,379,7,117042928324121,http://www.facebook.com/117042928324121,"=HYPERLINK(""http://www.facebook.com/117042928324121/?sk=info"", ""117042928324121"")","=HYPERLINK(""http://builder.page2site.com/sites/add/fbid:117042928324121"", ""Create"")"
"Antique Dealer",16,"Australian Antique & Art Dealers Association","0401 995 501",www.aaada.org.au,Australia,61,Melbourne,Organization,"[{""id"":""198503866828628"",""name"":""Organization""}]",2081,42,85489659819,http://www.facebook.com/85489659819,"=HYPERLINK(""http://www.facebook.com/85489659819/?sk=info"", ""85489659819"")","=HYPERLINK(""http://builder.page2site.com/sites/add/fbid:85489659819"", ""Create"")"
"Antique Dealer",17,"Antique Dealer Supply.com","(218) 736-7000",http://www.antiquedealersupply.com,"United States",1,"Fergus Falls","Local business","[{""id"":""417935738217839"",""name"":""Antiques & Vintage""}]",19,,196798397059778,http://www.facebook.com/196798397059778,"=HYPERLINK(""http://www.facebook.com/196798397059778/?sk=info"", ""196798397059778"")","=HYPERLINK(""http://builder.page2site.com/sites/add/fbid:196798397059778"", ""Create"")"
"Antique Dealer",18,"The Collector's Eye - Seacoast's Premier Antique Dealer","(603) 772-6205",http://www.collectorseye.com,"United States",1,Stratham,Shopping/retail,"[{""id"":""200600219953504"",""name"":""Shopping & Retail""}]",323,15,194216253925045,http://www.facebook.com/194216253925045,"=HYPERLINK(""http://www.facebook.com/194216253925045/?sk=info"", ""194216253925045"")","=HYPERLINK(""http://builder.page2site.com/sites/add/fbid:194216253925045"", ""Create"")"
"Antique Dealer",19,"Eureka Springs Antique Dealers","For specific information about ESADA or a particular shop you may call 479-253-6900",,,,,Organization,,200,2,343941179048698,http://www.facebook.com/343941179048698,"=HYPERLINK(""http://www.facebook.com/343941179048698/?sk=info"", ""343941179048698"")","=HYPERLINK(""http://builder.page2site.com/sites/add/fbid:343941179048698"", ""Create"")"
"Antique Dealer",20,"Emerald Coast Antique Dealers' Association",,http://www.emeraldcoast-antiques.com,,,,"Small business",,126,1,320141721454552,http://www.facebook.com/320141721454552,"=HYPERLINK(""http://www.facebook.com/320141721454552/?sk=info"", ""320141721454552"")","=HYPERLINK(""http://builder.page2site.com/sites/add/fbid:320141721454552"", ""Create"")"
"Antique Dealer",21,"Essex Antique Dealers Association",,,,,,"Retail and consumer merchandise",,41,,444572468913257,http://www.facebook.com/444572468913257,"=HYPERLINK(""http://www.facebook.com/444572468913257/?sk=info"", ""444572468913257"")","=HYPERLINK(""http://builder.page2site.com/sites/add/fbid:444572468913257"", ""Create"")"
"Antique Dealer",22,"Premier Art & Antique Dealers of Ireland",,"www.fennelly.net www.patrick-howard-antiques.com www.johnstonantiques.net www.taraantiques.ie www.osullivanantiques.com www.connaughtantiques.com www.theoriel.com www.rogersandcarroll.com www.delphiantiques.com www.irishchimneypieces.com",Ireland,353,Dublin,"Local business","[{""id"":""186825111351005"",""name"":""Tourist Attraction""},{""id"":""150732438316813"",""name"":""Antique Store""}]",1065,12,370096398699,http://www.facebook.com/370096398699,"=HYPERLINK(""http://www.facebook.com/370096398699/?sk=info"", ""370096398699"")","=HYPERLINK(""http://builder.page2site.com/sites/add/fbid:370096398699"", ""Create"")"
"Antique Dealer",23,"Galveston Antique Dealers Association",409-539-5469,http://www.AntiqueGalveston.com,"United States",1,Galveston,"Local business",,221,,109330122458763,http://www.facebook.com/109330122458763,"=HYPERLINK(""http://www.facebook.com/109330122458763/?sk=info"", ""109330122458763"")","=HYPERLINK(""http://builder.page2site.com/sites/add/fbid:109330122458763"", ""Create"")"
"Antique Dealer",24,"IRANTIQUE/Auctioneer & antique dealers",,,,,,"Consulting/business services",,28,1,178121828991408,http://www.facebook.com/178121828991408,"=HYPERLINK(""http://www.facebook.com/178121828991408/?sk=info"", ""178121828991408"")","=HYPERLINK(""http://builder.page2site.com/sites/add/fbid:178121828991408"", ""Create"")"
"Antique Dealer",25,"Art Collector & Design Antique Dealer Argentina",0111544753983,"http://www.frassinetti.biz/ ",Argentina,54,"Buenos Aires","Museum/art gallery","[{""id"":""197384240287028"",""name"":""Art Gallery""},{""id"":""162532913805106"",""name"":""Real Estate Developer""},{""id"":""384382644921530"",""name"":""Art Museum""}]",325,4,144301298916238,http://www.facebook.com/144301298916238,"=HYPERLINK(""http://www.facebook.com/144301298916238/?sk=info"", ""144301298916238"")","=HYPERLINK(""http://builder.page2site.com/sites/add/fbid:144301298916238"", ""Create"")"
"Antique Dealer",26,"Antique Dealer",,http://www.facebook.com/antique.bd,,,,Community,,14,,559984884117373,http://www.facebook.com/559984884117373,"=HYPERLINK(""http://www.facebook.com/559984884117373/?sk=info"", ""559984884117373"")","=HYPERLINK(""http://builder.page2site.com/sites/add/fbid:559984884117373"", ""Create"")"
"Antique Dealer",27,"Antiques Dealers' Association of America",(203)364-9913,www.adadealers.com,"United States",1,Newtown,"Non-profit organization",,852,2,205188269492706,http://www.facebook.com/205188269492706,"=HYPERLINK(""http://www.facebook.com/205188269492706/?sk=info"", ""205188269492706"")","=HYPERLINK(""http://builder.page2site.com/sites/add/fbid:205188269492706"", ""Create"")"
"Antique Dealer",28,"Art Dėco - Antique Dealers - Ireland","00353 86 2331870","http://www.antiquedealersireland.blogspot.com/
http://www.fennelly.net
http://www.patrick-howard-antiques.com",Ireland,353,Dublin,"Local business","[{""id"":""417935738217839"",""name"":""Antiques & Vintage""}]",86,2,224491530922799,http://www.facebook.com/224491530922799,"=HYPERLINK(""http://www.facebook.com/224491530922799/?sk=info"", ""224491530922799"")","=HYPERLINK(""http://builder.page2site.com/sites/add/fbid:224491530922799"", ""Create"")"
"Antique Dealer",29,"Southeast Texas Antique Dealers Association","409-835-3080 or 409-835-1038",http://southeasttexasada.com,"United States",1,Beaumont,Organization,"[{""id"":""198503866828628"",""name"":""Organization""}]",229,1,385105441504129,http://www.facebook.com/385105441504129,"=HYPERLINK(""http://www.facebook.com/385105441504129/?sk=info"", ""385105441504129"")","=HYPERLINK(""http://builder.page2site.com/sites/add/fbid:385105441504129"", ""Create"")"
"Antique Dealer",30,"Dealer 230  Southport Antique Mall","(317) 786-8246",,"United States",1,Indianapolis,Shopping/retail,"[{""id"":""417935738217839"",""name"":""Antiques & Vintage""}]",98,4,256168524419684,http://www.facebook.com/256168524419684,"=HYPERLINK(""http://www.facebook.com/256168524419684/?sk=info"", ""256168524419684"")","=HYPERLINK(""http://builder.page2site.com/sites/add/fbid:256168524419684"", ""Create"")"
"Antique Dealer",31,"Atada - Antique Tribal Art Dealers Association","(415) 927-3717",www.atada.org,"United States",1,Larkspur,"Non-profit organization","[{""id"":""2603"",""name"":""Non-Profit Organization""}]",169,26,164955896925780,http://www.facebook.com/164955896925780,"=HYPERLINK(""http://www.facebook.com/164955896925780/?sk=info"", ""164955896925780"")","=HYPERLINK(""http://builder.page2site.com/sites/add/fbid:164955896925780"", ""Create"")"
"Antique Dealer",32,"British Antique Dealers' Association",,,,,,Interest,,37,,116922891740436,http://www.facebook.com/116922891740436,"=HYPERLINK(""http://www.facebook.com/116922891740436/?sk=info"", ""116922891740436"")","=HYPERLINK(""http://builder.page2site.com/sites/add/fbid:116922891740436"", ""Create"")"
"Antique Dealer",33,"Antique Tribal Art Dealers Association",,,,,,Organization,,79,1,139089889452240,http://www.facebook.com/139089889452240,"=HYPERLINK(""http://www.facebook.com/139089889452240/?sk=info"", ""139089889452240"")","=HYPERLINK(""http://builder.page2site.com/sites/add/fbid:139089889452240"", ""Create"")"
"Antique Dealer",34,"The Dealer's Fair Antique Show","(603) 532-8500",<<not-applicable>>,"United States",1,Goshen,Sports/recreation/activities,"[{""id"":""192119584190796"",""name"":""Event""}]",167,,663457330332722,http://www.facebook.com/663457330332722,"=HYPERLINK(""http://www.facebook.com/663457330332722/?sk=info"", ""663457330332722"")","=HYPERLINK(""http://builder.page2site.com/sites/add/fbid:663457330332722"", ""Create"")"
"Antique Dealer",35,"New Brunswick Antique Dealers Association",,<<not-applicable>>,Canada,1,Doaktown,"Non-profit organization","[{""id"":""152880021441864"",""name"":""Community Organization""}]",43,,237992483006499,http://www.facebook.com/237992483006499,"=HYPERLINK(""http://www.facebook.com/237992483006499/?sk=info"", ""237992483006499"")","=HYPERLINK(""http://builder.page2site.com/sites/add/fbid:237992483006499"", ""Create"")"
"Antique Dealer",36,"Roxy Vintage Things Art & Antique Dealers",,https://www.facebook.com/roxyvintagethings,,,,"Small business",,214,12,253129771434946,http://www.facebook.com/253129771434946,"=HYPERLINK(""http://www.facebook.com/253129771434946/?sk=info"", ""253129771434946"")","=HYPERLINK(""http://builder.page2site.com/sites/add/fbid:253129771434946"", ""Create"")"
"Antique Dealer",37,"King Antique Mall - Over 20 Dealers Under One Roof","(336) 983-0620",http://kingantiquemall.com/,"United States",1,King,"Local business","[{""id"":""150732438316813"",""name"":""Antique Store""},{""id"":""187679647929203"",""name"":""Collectibles Store""}]",359,5,140202069337337,http://www.facebook.com/140202069337337,"=HYPERLINK(""http://www.facebook.com/140202069337337/?sk=info"", ""140202069337337"")","=HYPERLINK(""http://builder.page2site.com/sites/add/fbid:140202069337337"", ""Create"")"
"Antique Dealer",38,"The Lady Antique Dealer","+44 7963 111491",http://www.theladyantiquedealer.co.uk,"United Kingdom",44,Nottingham,"Real estate","[{""id"":""150732438316813"",""name"":""Antique Store""}]",15,1,629229547148607,http://www.facebook.com/629229547148607,"=HYPERLINK(""http://www.facebook.com/629229547148607/?sk=info"", ""629229547148607"")","=HYPERLINK(""http://builder.page2site.com/sites/add/fbid:629229547148607"", ""Create"")"
"Antique Dealer",39,"Southern Aroostook Antique Dealers Flea Market",,,,,,Community,,62,,178625198871290,http://www.facebook.com/178625198871290,"=HYPERLINK(""http://www.facebook.com/178625198871290/?sk=info"", ""178625198871290"")","=HYPERLINK(""http://builder.page2site.com/sites/add/fbid:178625198871290"", ""Create"")"
"Antique Dealer",40,"Grapevine Antique Market Dealers","(817) 329-2124",http://gvamarket.com,"United States",1,Grapevine,Shopping/retail,"[{""id"":""200600219953504"",""name"":""Shopping & Retail""}]",25,,214098995425251,http://www.facebook.com/214098995425251,"=HYPERLINK(""http://www.facebook.com/214098995425251/?sk=info"", ""214098995425251"")","=HYPERLINK(""http://builder.page2site.com/sites/add/fbid:214098995425251"", ""Create"")"
"Antique Dealer",41,"Antique dealer/reseller",,,,,,"Work position",,,,1546592508889156,http://www.facebook.com/1546592508889156,"=HYPERLINK(""http://www.facebook.com/1546592508889156/?sk=info"", ""1546592508889156"")","=HYPERLINK(""http://builder.page2site.com/sites/add/fbid:1546592508889156"", ""Create"")"
"Antique Dealer",42,"SM Crafts & Antique Dealer",0145898208,,Malaysia,60,"Sri Aman","Local business",,51,,499424913459243,http://www.facebook.com/499424913459243,"=HYPERLINK(""http://www.facebook.com/499424913459243/?sk=info"", ""499424913459243"")","=HYPERLINK(""http://builder.page2site.com/sites/add/fbid:499424913459243"", ""Create"")"
"Antique Dealer",43,"Machinist / Antique Dealer",,,,,,"Work position",,,,980954625305794,http://www.facebook.com/980954625305794,"=HYPERLINK(""http://www.facebook.com/980954625305794/?sk=info"", ""980954625305794"")","=HYPERLINK(""http://builder.page2site.com/sites/add/fbid:980954625305794"", ""Create"")"
"Antique Dealer",44,"Dealers Choice Antiques & Auction","(615) 383-7030","dealerschoiceantiqueauction.com auctionzip.com #5784 ","United States",1,Nashville,"Local business","[{""id"":""162845797101278"",""name"":""Furniture Store""},{""id"":""192422584121096"",""name"":""Auction House""}]",713,13,221020996728,http://www.facebook.com/221020996728,"=HYPERLINK(""http://www.facebook.com/221020996728/?sk=info"", ""221020996728"")","=HYPERLINK(""http://builder.page2site.com/sites/add/fbid:221020996728"", ""Create"")"
"Antique Dealer",45,"New Antique Book-' A Beginner's Guide to becoming an Antiques Dealer'",,https://www.sbprabooks.com/ChristinePym,,,,"Home decor",,229,,325258000934477,http://www.facebook.com/325258000934477,"=HYPERLINK(""http://www.facebook.com/325258000934477/?sk=info"", ""325258000934477"")","=HYPERLINK(""http://builder.page2site.com/sites/add/fbid:325258000934477"", ""Create"")"
"Antique Dealer",46,"LAPADA - Association of Art & Antiques Dealers","+44 (0)207 823 3511",http://www.lapada.org,"United Kingdom",44,London,"Non-profit organization","[{""id"":""192119584190796"",""name"":""Event""},{""id"":""150732438316813"",""name"":""Antique Store""},{""id"":""197384240287028"",""name"":""Art Gallery""}]",1848,47,118991796534,http://www.facebook.com/118991796534,"=HYPERLINK(""http://www.facebook.com/118991796534/?sk=info"", ""118991796534"")","=HYPERLINK(""http://builder.page2site.com/sites/add/fbid:118991796534"", ""Create"")"
"Antique Dealer",47,"Antique Boat Center","(513) 242-0808",www.antiqueboat.com,"United States",1,Cincinnati,"Local business","[{""id"":""124886030917279"",""name"":""Boat Dealer""},{""id"":""417935738217839"",""name"":""Antiques & Vintage""}]",2618,134,81453631869,http://www.facebook.com/81453631869,"=HYPERLINK(""http://www.facebook.com/81453631869/?sk=info"", ""81453631869"")","=HYPERLINK(""http://builder.page2site.com/sites/add/fbid:81453631869"", ""Create"")"
"Antique Dealer",48,"International Fine Art & Antique Dealers Show, New York",,,"United States",1,"New York","Local business","[{""id"":""150732438316813"",""name"":""Antique Store""}]",29,1,170059216340769,http://www.facebook.com/170059216340769,"=HYPERLINK(""http://www.facebook.com/170059216340769/?sk=info"", ""170059216340769"")","=HYPERLINK(""http://builder.page2site.com/sites/add/fbid:170059216340769"", ""Create"")"
"Antique Dealer",49,"Maine Antiques Dealers Association (MADA)",,maineantiques.org,"United States",1,Wiscasset,"Non-profit organization",,228,8,325205130839101,http://www.facebook.com/325205130839101,"=HYPERLINK(""http://www.facebook.com/325205130839101/?sk=info"", ""325205130839101"")","=HYPERLINK(""http://builder.page2site.com/sites/add/fbid:325205130839101"", ""Create"")"
"Antique Dealer",50,"Vermont Antiques Dealers' Association",,http://www.vermontada.com,,,,Organization,,316,1,437618606360436,http://www.facebook.com/437618606360436,"=HYPERLINK(""http://www.facebook.com/437618606360436/?sk=info"", ""437618606360436"")","=HYPERLINK(""http://builder.page2site.com/sites/add/fbid:437618606360436"", ""Create"")"
"Antique Dealer",51,"Neil Monaghan Dealer in Antique & Vintage Jewellery & Silverware - Retired",,,,,,Product/service,,155,,142176222497780,http://www.facebook.com/142176222497780,"=HYPERLINK(""http://www.facebook.com/142176222497780/?sk=info"", ""142176222497780"")","=HYPERLINK(""http://builder.page2site.com/sites/add/fbid:142176222497780"", ""Create"")"
"Antique Dealer",52,"The Antiques Dealers Fair Limited","+44 (0)1797 252030",http://www.adfl.co.uk/,,,,"Small business","[{""id"":""133436743388217"",""name"":""Arts & Entertainment""}]",113,,381248828623656,http://www.facebook.com/381248828623656,"=HYPERLINK(""http://www.facebook.com/381248828623656/?sk=info"", ""381248828623656"")","=HYPERLINK(""http://builder.page2site.com/sites/add/fbid:381248828623656"", ""Create"")"
"Antique Dealer",53,"Young Antique Dealer Help Site",,,,,,Community,,1,,662677563825638,http://www.facebook.com/662677563825638,"=HYPERLINK(""http://www.facebook.com/662677563825638/?sk=info"", ""662677563825638"")","=HYPERLINK(""http://builder.page2site.com/sites/add/fbid:662677563825638"", ""Create"")"
"Antique Dealer",54,"E. W. Cousins & Son (Antique Furniture Dealers & Restorers)"," (+44) 01359 230254",ewcousins.co.uk,,,,"Small business",,68,,201748219842837,http://www.facebook.com/201748219842837,"=HYPERLINK(""http://www.facebook.com/201748219842837/?sk=info"", ""201748219842837"")","=HYPERLINK(""http://builder.page2site.com/sites/add/fbid:201748219842837"", ""Create"")"
"Antique Dealer",55,"Bucks County Antiques Dealers Association",,www.BCADAPA.org,,,,Product/service,,85,12,188136757880518,http://www.facebook.com/188136757880518,"=HYPERLINK(""http://www.facebook.com/188136757880518/?sk=info"", ""188136757880518"")","=HYPERLINK(""http://builder.page2site.com/sites/add/fbid:188136757880518"", ""Create"")"
"Antique Dealer",56,"Bestemor and Opa's Stuff at the Antique Depot - Dealer 44","(657) 206-9374",,"United States",1,Orange,Shopping/retail,"[{""id"":""200600219953504"",""name"":""Shopping & Retail""}]",27,,368622179819410,http://www.facebook.com/368622179819410,"=HYPERLINK(""http://www.facebook.com/368622179819410/?sk=info"", ""368622179819410"")","=HYPERLINK(""http://builder.page2site.com/sites/add/fbid:368622179819410"", ""Create"")"
"Antique Dealer",57,"Freelance seamstress and antique dealer",,,"United States",1,Charleston,Company,,,,1545313132371842,http://www.facebook.com/1545313132371842,"=HYPERLINK(""http://www.facebook.com/1545313132371842/?sk=info"", ""1545313132371842"")","=HYPERLINK(""http://builder.page2site.com/sites/add/fbid:1545313132371842"", ""Create"")"
"Antique Dealer",58,"Antique Dealer @ Hearts Desire Antiques & Pickers Paradise",,,,,,"Work position",,,,689665174458317,http://www.facebook.com/689665174458317,"=HYPERLINK(""http://www.facebook.com/689665174458317/?sk=info"", ""689665174458317"")","=HYPERLINK(""http://builder.page2site.com/sites/add/fbid:689665174458317"", ""Create"")"
"Antique Dealer",59,"Plain Dealer Antiques","717 642 5607   Cell 717 253 0451",,"United States",1,Fairfield,"Local business",,65,1,180126682121792,http://www.facebook.com/180126682121792,"=HYPERLINK(""http://www.facebook.com/180126682121792/?sk=info"", ""180126682121792"")","=HYPERLINK(""http://builder.page2site.com/sites/add/fbid:180126682121792"", ""Create"")"
"Antique Dealer",60,"Simply Fine Antiques Dealer #25  located at Good Old Days","(361) 572-5950",http://www.simplyfineantiques.com,"United States",1,Victoria,Shopping/retail,"[{""id"":""150732438316813"",""name"":""Antique Store""}]",143,7,327920810667327,http://www.facebook.com/327920810667327,"=HYPERLINK(""http://www.facebook.com/327920810667327/?sk=info"", ""327920810667327"")","=HYPERLINK(""http://builder.page2site.com/sites/add/fbid:327920810667327"", ""Create"")"
"Antique Dealer",61,"Antique Boat America.com - Antique & Classic Boat Listings","(800) 675-4089",www.antiqueboatamerica.com,"United States",1,Clayton,"Local business","[{""id"":""124886030917279"",""name"":""Boat Dealer""}]",968,78,317211539910,http://www.facebook.com/317211539910,"=HYPERLINK(""http://www.facebook.com/317211539910/?sk=info"", ""317211539910"")","=HYPERLINK(""http://builder.page2site.com/sites/add/fbid:317211539910"", ""Create"")"
"Antique Dealer",62,"Kensington Church Street Antiques Dealers' Association","0207 937 3754",http://www.antiques-london.com,"United Kingdom",44,London,Shopping/retail,"[{""id"":""197384240287028"",""name"":""Art Gallery""},{""id"":""162845797101278"",""name"":""Furniture Store""},{""id"":""150732438316813"",""name"":""Antique Store""}]",26,2,162860723882466,http://www.facebook.com/162860723882466,"=HYPERLINK(""http://www.facebook.com/162860723882466/?sk=info"", ""162860723882466"")","=HYPERLINK(""http://builder.page2site.com/sites/add/fbid:162860723882466"", ""Create"")"
"Antique Dealer",63,"New Antique Book- a Beginner's Guide to Be Coming an Antiques Dealer",,www.davidjpymantiques.com,,,,Book,,,,585512071468189,http://www.facebook.com/585512071468189,"=HYPERLINK(""http://www.facebook.com/585512071468189/?sk=info"", ""585512071468189"")","=HYPERLINK(""http://builder.page2site.com/sites/add/fbid:585512071468189"", ""Create"")"
"Antique Dealer",64,"Dealer at Ohio Valley Antique Mall  booth 218",,,,,,"Work position",,,,1505815866346634,http://www.facebook.com/1505815866346634,"=HYPERLINK(""http://www.facebook.com/1505815866346634/?sk=info"", ""1505815866346634"")","=HYPERLINK(""http://builder.page2site.com/sites/add/fbid:1505815866346634"", ""Create"")"
"Antique Dealer",65,"North Shore Antiques Dealers Association",,http://www.winnetkasummerantiquesshow.com/,,,,"Non-profit organization",,32,,292078504208502,http://www.facebook.com/292078504208502,"=HYPERLINK(""http://www.facebook.com/292078504208502/?sk=info"", ""292078504208502"")","=HYPERLINK(""http://builder.page2site.com/sites/add/fbid:292078504208502"", ""Create"")"
"Antique Dealer",66,"Hudson Antiques Dealers Association","(518) 828-1999",,"United States",1,Hudson,"Local business","[{""id"":""150732438316813"",""name"":""Antique Store""}]",13,,164500663575896,http://www.facebook.com/164500663575896,"=HYPERLINK(""http://www.facebook.com/164500663575896/?sk=info"", ""164500663575896"")","=HYPERLINK(""http://builder.page2site.com/sites/add/fbid:164500663575896"", ""Create"")"
"Antique Dealer",67,"Dealer 65","(626) 304-9886",,"United States",1,Pasadena,"Local business","[{""id"":""417935738217839"",""name"":""Antiques & Vintage""}]",52,1,1448596802057727,http://www.facebook.com/1448596802057727,"=HYPERLINK(""http://www.facebook.com/1448596802057727/?sk=info"", ""1448596802057727"")","=HYPERLINK(""http://builder.page2site.com/sites/add/fbid:1448596802057727"", ""Create"")"
"Antique Dealer",68,"Greater Delaware Valley Antiques Dealers Association (GDVADA)",,,,,,Product/service,,16,,183668791647609,http://www.facebook.com/183668791647609,"=HYPERLINK(""http://www.facebook.com/183668791647609/?sk=info"", ""183668791647609"")","=HYPERLINK(""http://builder.page2site.com/sites/add/fbid:183668791647609"", ""Create"")"
"Antique Dealer",69,"Vittorio Ragone - Antiques & Design dealer",02073510903,www.vittorioragone.com,"United Kingdom",44,London,"Local business","[{""id"":""150732438316813"",""name"":""Antique Store""}]",44,,146124088817971,http://www.facebook.com/146124088817971,"=HYPERLINK(""http://www.facebook.com/146124088817971/?sk=info"", ""146124088817971"")","=HYPERLINK(""http://builder.page2site.com/sites/add/fbid:146124088817971"", ""Create"")"
"Antique Dealer",70,"Comin Antiques Dealer",+41765253314,http://www.antiquesdealer.ch,Switzerland,41,Geneva,"Retail and consumer merchandise","[{""id"":""2239"",""name"":""Retail and Consumer Merchandise""}]",13,,175499539220470,http://www.facebook.com/175499539220470,"=HYPERLINK(""http://www.facebook.com/175499539220470/?sk=info"", ""175499539220470"")","=HYPERLINK(""http://builder.page2site.com/sites/add/fbid:175499539220470"", ""Create"")"
"Antique Dealer",71,"Mukesh Antiques Dealer",+919224122278,http://www.mukeshantiques.com,India,91,Mumbai,"Local business","[{""id"":""150732438316813"",""name"":""Antique Store""}]",16,,272978502862635,http://www.facebook.com/272978502862635,"=HYPERLINK(""http://www.facebook.com/272978502862635/?sk=info"", ""272978502862635"")","=HYPERLINK(""http://builder.page2site.com/sites/add/fbid:272978502862635"", ""Create"")"
"Antique Dealer",72,"Old South Furniture & Antiques & Carhartt Dealer","(870) 552-3007",,"United States",1,Carlisle,"Local business","[{""id"":""2500"",""name"":""Local Business""}]",17,,202142846489508,http://www.facebook.com/202142846489508,"=HYPERLINK(""http://www.facebook.com/202142846489508/?sk=info"", ""202142846489508"")","=HYPERLINK(""http://builder.page2site.com/sites/add/fbid:202142846489508"", ""Create"")"
"Antique Dealer",73,"Antique Cars",,,"United States",1,Arlington,"Local business","[{""id"":""131962450204676"",""name"":""Car Dealership""}]",13,5,161551437231733,http://www.facebook.com/161551437231733,"=HYPERLINK(""http://www.facebook.com/161551437231733/?sk=info"", ""161551437231733"")","=HYPERLINK(""http://builder.page2site.com/sites/add/fbid:161551437231733"", ""Create"")"
"Antique Dealer",74,"House Of Kars","(703) 331-1818",http://www.HouseOfKars.com,"United States",1,Manassas,Automotive,"[{""id"":""131962450204676"",""name"":""Car Dealership""}]",269,5,310903418980602,http://www.facebook.com/310903418980602,"=HYPERLINK(""http://www.facebook.com/310903418980602/?sk=info"", ""310903418980602"")","=HYPERLINK(""http://builder.page2site.com/sites/add/fbid:310903418980602"", ""Create"")"
"Antique Dealer",75,"Mother Hubbard’s Second Hand Dealers",0364424744,,Australia,61,Wynyard,Shopping/retail,"[{""id"":""417935738217839"",""name"":""Antiques & Vintage""}]",93,3,691654697566545,http://www.facebook.com/691654697566545,"=HYPERLINK(""http://www.facebook.com/691654697566545/?sk=info"", ""691654697566545"")","=HYPERLINK(""http://builder.page2site.com/sites/add/fbid:691654697566545"", ""Create"")"
"Antique Dealer",76,Autoplex,"(703) 330-6284",www.autoplexva.com,"United States",1,Manassas,Automotive,"[{""id"":""131962450204676"",""name"":""Car Dealership""}]",72,,126941644028224,http://www.facebook.com/126941644028224,"=HYPERLINK(""http://www.facebook.com/126941644028224/?sk=info"", ""126941644028224"")","=HYPERLINK(""http://builder.page2site.com/sites/add/fbid:126941644028224"", ""Create"")"
"Antique Dealer",77,"Dealers Finance Solution / Dmv Auto Loan","(703) 763-1319",http://www.dmvautoloan.com,"United States",1,Manassas,"Bank/financial services","[{""id"":""128184253916402"",""name"":""Loans""},{""id"":""108443649233212"",""name"":""Credit Counseling""},{""id"":""184888278217935"",""name"":""Automotive Consultant""}]",66,,357765637634625,http://www.facebook.com/357765637634625,"=HYPERLINK(""http://www.facebook.com/357765637634625/?sk=info"", ""357765637634625"")","=HYPERLINK(""http://builder.page2site.com/sites/add/fbid:357765637634625"", ""Create"")"
"Antique Dealer",78,"Bergstrom's Antique & Classic Autos","(360) 385-5061",,"United States",1,"Port Townsend","Local business","[{""id"":""131962450204676"",""name"":""Car Dealership""},{""id"":""150732438316813"",""name"":""Antique Store""}]",26,,154843521218343,http://www.facebook.com/154843521218343,"=HYPERLINK(""http://www.facebook.com/154843521218343/?sk=info"", ""154843521218343"")","=HYPERLINK(""http://builder.page2site.com/sites/add/fbid:154843521218343"", ""Create"")"
"Antique Dealer",79,"The Miniature Car Dealer at Pike's Place Market",,,"United States",1,Seattle,"Local business","[{""id"":""417935738217839"",""name"":""Antiques & Vintage""}]",2,1,305308952920773,http://www.facebook.com/305308952920773,"=HYPERLINK(""http://www.facebook.com/305308952920773/?sk=info"", ""305308952920773"")","=HYPERLINK(""http://builder.page2site.com/sites/add/fbid:305308952920773"", ""Create"")"
"Antique Dealer",80,"Alabama Antique Automotives","(205) 705-2740",,"United States",1,Bessemer,"Local business","[{""id"":""131962450204676"",""name"":""Car Dealership""},{""id"":""200600219953504"",""name"":""Shopping & Retail""}]",13,,162410213787234,http://www.facebook.com/162410213787234,"=HYPERLINK(""http://www.facebook.com/162410213787234/?sk=info"", ""162410213787234"")","=HYPERLINK(""http://builder.page2site.com/sites/add/fbid:162410213787234"", ""Create"")"
"Antique Dealer",81,"Mcbel Trust Antique & Classic Cars","(330) 456-7900",,"United States",1,Canton,"Local business","[{""id"":""131962450204676"",""name"":""Car Dealership""}]",1,,111324482263308,http://www.facebook.com/111324482263308,"=HYPERLINK(""http://www.facebook.com/111324482263308/?sk=info"", ""111324482263308"")","=HYPERLINK(""http://builder.page2site.com/sites/add/fbid:111324482263308"", ""Create"")"
"Antique Dealer",82,"Antique Auto Exchange","(712) 255-8262",,"United States",1,"Sioux City","Local business","[{""id"":""150732438316813"",""name"":""Antique Store""},{""id"":""131962450204676"",""name"":""Car Dealership""}]",,,122828641107958,http://www.facebook.com/122828641107958,"=HYPERLINK(""http://www.facebook.com/122828641107958/?sk=info"", ""122828641107958"")","=HYPERLINK(""http://builder.page2site.com/sites/add/fbid:122828641107958"", ""Create"")"
"Antique Dealer",83,"Antique World (Aael) Discount Dealer","+1 (204) 837-6958",,Canada,1,Winnipeg,"Local business","[{""id"":""150732438316813"",""name"":""Antique Store""}]",6,,125425504172815,http://www.facebook.com/125425504172815,"=HYPERLINK(""http://www.facebook.com/125425504172815/?sk=info"", ""125425504172815"")","=HYPERLINK(""http://builder.page2site.com/sites/add/fbid:125425504172815"", ""Create"")"
"Antique Dealer",84,"Carmas Auto Sale","(571) 208-1441",,"United States",1,Manassas,"Local business","[{""id"":""131962450204676"",""name"":""Car Dealership""}]",2,,157021937671310,http://www.facebook.com/157021937671310,"=HYPERLINK(""http://www.facebook.com/157021937671310/?sk=info"", ""157021937671310"")","=HYPERLINK(""http://builder.page2site.com/sites/add/fbid:157021937671310"", ""Create"")"
"Antique Dealer",85,"National Parts Locator Service Antique Auto Locator Service","(801) 779-0225",http://www.parts-locator-service.com,"United States",1,Layton,Automotive,"[{""id"":""131962450204676"",""name"":""Car Dealership""}]",1,,160743070793158,http://www.facebook.com/160743070793158,"=HYPERLINK(""http://www.facebook.com/160743070793158/?sk=info"", ""160743070793158"")","=HYPERLINK(""http://builder.page2site.com/sites/add/fbid:160743070793158"", ""Create"")"
"Antique Dealer",86,"新古美術 神田石雲堂",0853622234,www.facebook.com/sekiundo,,,,"Museum/art gallery","[{""id"":""150732438316813"",""name"":""Antique Store""},{""id"":""197384240287028"",""name"":""Art Gallery""}]",45,,301170973244033,http://www.facebook.com/301170973244033,"=HYPERLINK(""http://www.facebook.com/301170973244033/?sk=info"", ""301170973244033"")","=HYPERLINK(""http://builder.page2site.com/sites/add/fbid:301170973244033"", ""Create"")"
"Antique Dealer",87,"JB ART Dealers Antiquários",00351-915992931,http://www.jbartdealers.com,Portugal,351,Lisbon,"Museum/art gallery","[{""id"":""150732438316813"",""name"":""Antique Store""}]",95,2,1387478891490482,http://www.facebook.com/1387478891490482,"=HYPERLINK(""http://www.facebook.com/1387478891490482/?sk=info"", ""1387478891490482"")","=HYPERLINK(""http://builder.page2site.com/sites/add/fbid:1387478891490482"", ""Create"")"
"Antique Dealer",88,"Thrift Shop of NKY & Consignment / Authorized Uhaul Dealer","(859) 743-1546",,"United States",1,Richwood,"Local business","[{""id"":""205429726142620"",""name"":""Thrift or Consignment Store""},{""id"":""150732438316813"",""name"":""Antique Store""},{""id"":""187679647929203"",""name"":""Collectibles Store""}]",134,,603575259749884,http://www.facebook.com/603575259749884,"=HYPERLINK(""http://www.facebook.com/603575259749884/?sk=info"", ""603575259749884"")","=HYPERLINK(""http://builder.page2site.com/sites/add/fbid:603575259749884"", ""Create"")"
"Antique Dealer",89,"Solvang Antique Center-California's Premium Multiple-Dealer Gallery","(805) 686-2322",,"United States",1,Solvang,"Local business","[{""id"":""150732438316813"",""name"":""Antique Store""}]",9,,149687605075004,http://www.facebook.com/149687605075004,"=HYPERLINK(""http://www.facebook.com/149687605075004/?sk=info"", ""149687605075004"")","=HYPERLINK(""http://builder.page2site.com/sites/add/fbid:149687605075004"", ""Create"")"
"Antique Dealer",90,"Mike Antonucci Furniture Dealer",07442492476,http://42valleyroadantiques.com/,"United Kingdom",44,Plymouth,"Local business","[{""id"":""150732438316813"",""name"":""Antique Store""}]",203,,174670672665853,http://www.facebook.com/174670672665853,"=HYPERLINK(""http://www.facebook.com/174670672665853/?sk=info"", ""174670672665853"")","=HYPERLINK(""http://builder.page2site.com/sites/add/fbid:174670672665853"", ""Create"")"
"Antique Dealer",91,"Merle Gouws 2nd Hand dealer",0440500066,http://www.mgsales.co.za,"South Africa",27,"Mossel Bay","Home improvement","[{""id"":""108427109235243"",""name"":""Home Improvement""},{""id"":""187937741228885"",""name"":""Electronics Store""},{""id"":""150732438316813"",""name"":""Antique Store""}]",65,17,662010570554879,http://www.facebook.com/662010570554879,"=HYPERLINK(""http://www.facebook.com/662010570554879/?sk=info"", ""662010570554879"")","=HYPERLINK(""http://builder.page2site.com/sites/add/fbid:662010570554879"", ""Create"")"
"Antique Dealer",92,"Antique Dealer's Estate Liquidation","(405) 532-9668",,"United States",1,Bethany,"Local business","[{""id"":""2500"",""name"":""Local Business""}]",8,,142199189125786,http://www.facebook.com/142199189125786,"=HYPERLINK(""http://www.facebook.com/142199189125786/?sk=info"", ""142199189125786"")","=HYPERLINK(""http://builder.page2site.com/sites/add/fbid:142199189125786"", ""Create"")"
"Antique Dealer",93,"Dynasty Ming 1368-1644 -Trusted Genuine Chinesse  Ceramics Dealer",+6287823364744,,Indonesia,62,Bandung,"Museum/art gallery","[{""id"":""150732438316813"",""name"":""Antique Store""}]",83,1,520959864650967,http://www.facebook.com/520959864650967,"=HYPERLINK(""http://www.facebook.com/520959864650967/?sk=info"", ""520959864650967"")","=HYPERLINK(""http://builder.page2site.com/sites/add/fbid:520959864650967"", ""Create"")"
"Antique Dealer",94,"Antique dealer gallery",,,Thailand,66,Bangkok,"Museum/art gallery","[{""id"":""197384240287028"",""name"":""Art Gallery""}]",4,,650582225031098,http://www.facebook.com/650582225031098,"=HYPERLINK(""http://www.facebook.com/650582225031098/?sk=info"", ""650582225031098"")","=HYPERLINK(""http://builder.page2site.com/sites/add/fbid:650582225031098"", ""Create"")"
"Antique Dealer",95,"San Telmo Art                   Dealer","0054 9 11 40470800",,Argentina,54,"Buenos Aires","Local business","[{""id"":""150732438316813"",""name"":""Antique Store""}]",2,,1468204846778446,http://www.facebook.com/1468204846778446,"=HYPERLINK(""http://www.facebook.com/1468204846778446/?sk=info"", ""1468204846778446"")","=HYPERLINK(""http://builder.page2site.com/sites/add/fbid:1468204846778446"", ""Create"")"
"Antique Dealer",96,"Upstate Antique Dealers","(607) 624-5652",,"United States",1,Harpursville,"Local business","[{""id"":""188031587886173"",""name"":""Jewelry Store""},{""id"":""150732438316813"",""name"":""Antique Store""}]",,,569364233133536,http://www.facebook.com/569364233133536,"=HYPERLINK(""http://www.facebook.com/569364233133536/?sk=info"", ""569364233133536"")","=HYPERLINK(""http://builder.page2site.com/sites/add/fbid:569364233133536"", ""Create"")"
"Antique Dealer",97,"Vintage Blessings Dealer 08 Booths","(706) 340-0444",,"United States",1,Commerce,"Local business","[{""id"":""150732438316813"",""name"":""Antique Store""}]",91,,116898955007837,http://www.facebook.com/116898955007837,"=HYPERLINK(""http://www.facebook.com/116898955007837/?sk=info"", ""116898955007837"")","=HYPERLINK(""http://builder.page2site.com/sites/add/fbid:116898955007837"", ""Create"")"
"Antique Dealer",98,"Michael Duffy- Antique Dealer, Restorer & Valuer",(01)8726928,http://www.michaelduffyantiques.com,Ireland,353,Dublin,"Local business","[{""id"":""150732438316813"",""name"":""Antique Store""}]",6,,432355086882408,http://www.facebook.com/432355086882408,"=HYPERLINK(""http://www.facebook.com/432355086882408/?sk=info"", ""432355086882408"")","=HYPERLINK(""http://builder.page2site.com/sites/add/fbid:432355086882408"", ""Create"")"
"Antique Dealer",99,"City of Gold Antiques Antique-Dealers","(770) 459-9736",,"United States",1,"Villa Rica","Local business","[{""id"":""150732438316813"",""name"":""Antique Store""},{""id"":""161422927240513"",""name"":""Government Organization""}]",9,,139851982729787,http://www.facebook.com/139851982729787,"=HYPERLINK(""http://www.facebook.com/139851982729787/?sk=info"", ""139851982729787"")","=HYPERLINK(""http://builder.page2site.com/sites/add/fbid:139851982729787"", ""Create"")"
"Antique Dealer",100,"Pauhen Fabrics and General Dealers",0966702426,,Zambia,260,Lusaka,Shopping/retail,"[{""id"":""150732438316813"",""name"":""Antique Store""}]",166,,115757015277236,http://www.facebook.com/115757015277236,"=HYPERLINK(""http://www.facebook.com/115757015277236/?sk=info"", ""115757015277236"")","=HYPERLINK(""http://builder.page2site.com/sites/add/fbid:115757015277236"", ""Create"")"
"Antique Dealer",101,"Art & Antique Dealers League of Amer","(212) 879-7558",,"United States",1,"New York","Local business","[{""id"":""150732438316813"",""name"":""Antique Store""}]",14,,149483701761541,http://www.facebook.com/149483701761541,"=HYPERLINK(""http://www.facebook.com/149483701761541/?sk=info"", ""149483701761541"")","=HYPERLINK(""http://builder.page2site.com/sites/add/fbid:149483701761541"", ""Create"")"
"Antique Dealer",102,"National Antique & Art Dealers Assn of Amer","(212) 826-9707",,"United States",1,"New York","Local business","[{""id"":""150732438316813"",""name"":""Antique Store""},{""id"":""198503866828628"",""name"":""Organization""}]",8,,167300313282338,http://www.facebook.com/167300313282338,"=HYPERLINK(""http://www.facebook.com/167300313282338/?sk=info"", ""167300313282338"")","=HYPERLINK(""http://builder.page2site.com/sites/add/fbid:167300313282338"", ""Create"")"
"Antique Dealer",103,"High Plains Antique Dealer Assoc","(575) 762-2562",,"United States",1,Clovis,"Local business","[{""id"":""150732438316813"",""name"":""Antique Store""}]",1,,138841446164300,http://www.facebook.com/138841446164300,"=HYPERLINK(""http://www.facebook.com/138841446164300/?sk=info"", ""138841446164300"")","=HYPERLINK(""http://builder.page2site.com/sites/add/fbid:138841446164300"", ""Create"")"
"Antique Dealer",104,"Nh Antique Dealers Association Nhada","(603) 585-9199",,"United States",1,Fitzwilliam,"Local business","[{""id"":""150732438316813"",""name"":""Antique Store""}]",10,,105832179484237,http://www.facebook.com/105832179484237,"=HYPERLINK(""http://www.facebook.com/105832179484237/?sk=info"", ""105832179484237"")","=HYPERLINK(""http://builder.page2site.com/sites/add/fbid:105832179484237"", ""Create"")"
"Antique Dealer",105,"Gahimer Dean Antique Dealer","(765) 525-6535",,"United States",1,Waldron,"Local business","[{""id"":""150732438316813"",""name"":""Antique Store""}]",2,,126502814071237,http://www.facebook.com/126502814071237,"=HYPERLINK(""http://www.facebook.com/126502814071237/?sk=info"", ""126502814071237"")","=HYPERLINK(""http://builder.page2site.com/sites/add/fbid:126502814071237"", ""Create"")"
"Antique Dealer",106,"Alan S Drohan Antique Dealer","(315) 593-6631",,"United States",1,Fulton,"Local business","[{""id"":""150732438316813"",""name"":""Antique Store""}]",7,,166540000025435,http://www.facebook.com/166540000025435,"=HYPERLINK(""http://www.facebook.com/166540000025435/?sk=info"", ""166540000025435"")","=HYPERLINK(""http://builder.page2site.com/sites/add/fbid:166540000025435"", ""Create"")"
"Antique Dealer",107,"Antique dealer mike",0127165516,,Malaysia,60,"Johor Bahru","Local business","[{""id"":""2500"",""name"":""Local Business""}]",,,1425421081014075,http://www.facebook.com/1425421081014075,"=HYPERLINK(""http://www.facebook.com/1425421081014075/?sk=info"", ""1425421081014075"")","=HYPERLINK(""http://builder.page2site.com/sites/add/fbid:1425421081014075"", ""Create"")"
"Antique Dealer",108,"National Antique Oldsmobile Club",,www.antiqueolds.org,"United States",1,Myerstown,"Automobiles and parts","[{""id"":""180410821995109"",""name"":""Automotive""}]",944,5,259961720334,http://www.facebook.com/259961720334,"=HYPERLINK(""http://www.facebook.com/259961720334/?sk=info"", ""259961720334"")","=HYPERLINK(""http://builder.page2site.com/sites/add/fbid:259961720334"", ""Create"")"
"Antique Dealer",109,"Tucker Treasures/ Thrift, Antiques & more","(850) 225-8483",http://Tucker-treasures.com,"United States",1,"Fort Walton Beach",Shopping/retail,"[{""id"":""131962450204676"",""name"":""Car Dealership""},{""id"":""200600219953504"",""name"":""Shopping & Retail""}]",862,,381184835302858,http://www.facebook.com/381184835302858,"=HYPERLINK(""http://www.facebook.com/381184835302858/?sk=info"", ""381184835302858"")","=HYPERLINK(""http://builder.page2site.com/sites/add/fbid:381184835302858"", ""Create"")"
"Antique Dealer",110,"Cool Change Uniques at the Grapevine Antique Market  Dealer 742","(817) 329-2124",,"United States",1,Grapevine,Shopping/retail,"[{""id"":""150732438316813"",""name"":""Antique Store""}]",10,,1465166933713689,http://www.facebook.com/1465166933713689,"=HYPERLINK(""http://www.facebook.com/1465166933713689/?sk=info"", ""1465166933713689"")","=HYPERLINK(""http://builder.page2site.com/sites/add/fbid:1465166933713689"", ""Create"")"
"Antique Dealer",111,"Tenterden Antique Dealers",,,"United Kingdom",44,Tenterden,"Local business","[{""id"":""200600219953504"",""name"":""Shopping & Retail""}]",1,,102108143184746,http://www.facebook.com/102108143184746,"=HYPERLINK(""http://www.facebook.com/102108143184746/?sk=info"", ""102108143184746"")","=HYPERLINK(""http://builder.page2site.com/sites/add/fbid:102108143184746"", ""Create"")"
"Antique Dealer",112,"Antique Trove Dealers 550 and 735","(916) 786-2777",,"United States",1,Roseville,Shopping/retail,"[{""id"":""417935738217839"",""name"":""Antiques & Vintage""}]",6,,1394940454100150,http://www.facebook.com/1394940454100150,"=HYPERLINK(""http://www.facebook.com/1394940454100150/?sk=info"", ""1394940454100150"")","=HYPERLINK(""http://builder.page2site.com/sites/add/fbid:1394940454100150"", ""Create"")"
"Antique Dealer",113,"The British Antique Dealers' Association (BADA) Fair",,,"United Kingdom",44,London,"Local business","[{""id"":""2500"",""name"":""Local Business""}]",12,,192817730756346,http://www.facebook.com/192817730756346,"=HYPERLINK(""http://www.facebook.com/192817730756346/?sk=info"", ""192817730756346"")","=HYPERLINK(""http://builder.page2site.com/sites/add/fbid:192817730756346"", ""Create"")"
"Antique Dealer",114,"John's Antique & Classic Autos","(276) 228-8201",,"United States",1,Wytheville,"Local business","[{""id"":""131962450204676"",""name"":""Car Dealership""},{""id"":""150732438316813"",""name"":""Antique Store""}]",21,,165615466798090,http://www.facebook.com/165615466798090,"=HYPERLINK(""http://www.facebook.com/165615466798090/?sk=info"", ""165615466798090"")","=HYPERLINK(""http://builder.page2site.com/sites/add/fbid:165615466798090"", ""Create"")"
"Antique Dealer",115,"Brough Antique Autos","(435) 623-1834",,"United States",1,Nephi,"Local business","[{""id"":""131962450204676"",""name"":""Car Dealership""},{""id"":""200600219953504"",""name"":""Shopping & Retail""}]",2,,159296694104265,http://www.facebook.com/159296694104265,"=HYPERLINK(""http://www.facebook.com/159296694104265/?sk=info"", ""159296694104265"")","=HYPERLINK(""http://builder.page2site.com/sites/add/fbid:159296694104265"", ""Create"")"
"Antique Dealer",116,"SA Coin Dealer",0795430611,http://www.sacoindealer.co.za,"South Africa",27,Durban,Shopping/retail,"[{""id"":""417935738217839"",""name"":""Antiques & Vintage""}]",48,1,873024369393302,http://www.facebook.com/873024369393302,"=HYPERLINK(""http://www.facebook.com/873024369393302/?sk=info"", ""873024369393302"")","=HYPERLINK(""http://builder.page2site.com/sites/add/fbid:873024369393302"", ""Create"")"
"Antique Dealer",117,"Nana Nenas's Nik Naks dealer #48 at Then & Now Emporium","(682) 777-6623",,"United States",1,"Fort Worth",Shopping/retail,"[{""id"":""417935738217839"",""name"":""Antiques & Vintage""}]",47,,369666119799917,http://www.facebook.com/369666119799917,"=HYPERLINK(""http://www.facebook.com/369666119799917/?sk=info"", ""369666119799917"")","=HYPERLINK(""http://builder.page2site.com/sites/add/fbid:369666119799917"", ""Create"")"
"Antique Dealer",118,"Arnie's Antique Toys","(209) 334-6101",,"United States",1,Lodi,"Local business","[{""id"":""131962450204676"",""name"":""Car Dealership""},{""id"":""150732438316813"",""name"":""Antique Store""}]",2,,146733868704255,http://www.facebook.com/146733868704255,"=HYPERLINK(""http://www.facebook.com/146733868704255/?sk=info"", ""146733868704255"")","=HYPERLINK(""http://builder.page2site.com/sites/add/fbid:146733868704255"", ""Create"")"
"Antique Dealer",119,"小美術たかなし Japanese Antique Dealer Takanashi",,http://profile.ameba.jp/antiquetakanashi/://,,,,Shopping/retail,"[{""id"":""150732438316813"",""name"":""Antique Store""}]",1,,289802631207251,http://www.facebook.com/289802631207251,"=HYPERLINK(""http://www.facebook.com/289802631207251/?sk=info"", ""289802631207251"")","=HYPERLINK(""http://builder.page2site.com/sites/add/fbid:289802631207251"", ""Create"")"
"Antique Dealer",120,"Antique & Pre Owned Auto Sales","(405) 756-8399",,"United States",1,Lindsay,"Local business","[{""id"":""131962450204676"",""name"":""Car Dealership""}]",3,,133542473365215,http://www.facebook.com/133542473365215,"=HYPERLINK(""http://www.facebook.com/133542473365215/?sk=info"", ""133542473365215"")","=HYPERLINK(""http://builder.page2site.com/sites/add/fbid:133542473365215"", ""Create"")"
"Antique Dealer",121,"Unexpected Finds:       Dealer Code: MATS","(706) 319-7222",,"United States",1,Alpharetta,Shopping/retail,"[{""id"":""417935738217839"",""name"":""Antiques & Vintage""}]",116,1,294740813985877,http://www.facebook.com/294740813985877,"=HYPERLINK(""http://www.facebook.com/294740813985877/?sk=info"", ""294740813985877"")","=HYPERLINK(""http://builder.page2site.com/sites/add/fbid:294740813985877"", ""Create"")"
"Antique Dealer",122,"Eric L Smith Antique Autos","(815) 684-5776",,"United States",1,Chadwick,"Local business","[{""id"":""131962450204676"",""name"":""Car Dealership""},{""id"":""162845797101278"",""name"":""Furniture Store""}]",2,,154454697923928,http://www.facebook.com/154454697923928,"=HYPERLINK(""http://www.facebook.com/154454697923928/?sk=info"", ""154454697923928"")","=HYPERLINK(""http://builder.page2site.com/sites/add/fbid:154454697923928"", ""Create"")"
"Antique Dealer",123,"The Private Dealer",,,Philippines,63,Makati,"Museum/art gallery","[{""id"":""417935738217839"",""name"":""Antiques & Vintage""}]",10,,304136936422323,http://www.facebook.com/304136936422323,"=HYPERLINK(""http://www.facebook.com/304136936422323/?sk=info"", ""304136936422323"")","=HYPERLINK(""http://builder.page2site.com/sites/add/fbid:304136936422323"", ""Create"")"
"Antique Dealer",124,"American&european Classic&antique CARS",03235970843,,Pakistan,92,Islamabad,Automotive,"[{""id"":""131962450204676"",""name"":""Car Dealership""}]",7,4,647257778697141,http://www.facebook.com/647257778697141,"=HYPERLINK(""http://www.facebook.com/647257778697141/?sk=info"", ""647257778697141"")","=HYPERLINK(""http://builder.page2site.com/sites/add/fbid:647257778697141"", ""Create"")"
"Antique Dealer",125,"Norm's Antique Auto Supply","(563) 322-8388",,"United States",1,Davenport,"Local business","[{""id"":""182575511780536"",""name"":""Car Parts & Accessories""},{""id"":""131962450204676"",""name"":""Car Dealership""},{""id"":""150732438316813"",""name"":""Antique Store""}]",1,,147922158585696,http://www.facebook.com/147922158585696,"=HYPERLINK(""http://www.facebook.com/147922158585696/?sk=info"", ""147922158585696"")","=HYPERLINK(""http://builder.page2site.com/sites/add/fbid:147922158585696"", ""Create"")"
"Antique Dealer",126,"Riediger Antique Auto Salvage","(417) 325-6200",,"United States",1,Diamond,"Local business","[{""id"":""124718197599943"",""name"":""Automotive Restoration""},{""id"":""131962450204676"",""name"":""Car Dealership""},{""id"":""182575511780536"",""name"":""Car Parts & Accessories""}]",7,1,123391657717096,http://www.facebook.com/123391657717096,"=HYPERLINK(""http://www.facebook.com/123391657717096/?sk=info"", ""123391657717096"")","=HYPERLINK(""http://builder.page2site.com/sites/add/fbid:123391657717096"", ""Create"")"
"Antique Dealer",127,"Victory Motors","(571) 379-4977",http://www.victorymotorsva.com,"United States",1,Manassas,Automotive,"[{""id"":""131962450204676"",""name"":""Car Dealership""}]",5,,166233596882641,http://www.facebook.com/166233596882641,"=HYPERLINK(""http://www.facebook.com/166233596882641/?sk=info"", ""166233596882641"")","=HYPERLINK(""http://builder.page2site.com/sites/add/fbid:166233596882641"", ""Create"")"
"Antique Dealer",128,"Personal Effects   Dealer #83","(352) 466-0707",,"United States",1,Micanopy,Shopping/retail,"[{""id"":""150732438316813"",""name"":""Antique Store""}]",2,1,391768854306903,http://www.facebook.com/391768854306903,"=HYPERLINK(""http://www.facebook.com/391768854306903/?sk=info"", ""391768854306903"")","=HYPERLINK(""http://builder.page2site.com/sites/add/fbid:391768854306903"", ""Create"")"
