Keyword,#,Name,Phone,Website,Country,"Country code",City,Category,"Category List",Likes,"Talking about","Facebook ID","Facebook Url","Facebook Page Link","P2S Website"
"Anti-ageing Beauty Salon",0,"Anti Ageing Beauty Clinic",+27(0)836869217,,"South Africa",27,Pretoria,"Spas/beauty/personal care","[{""id"":""139225689474222"",""name"":""Spa, Beauty & Personal Care""}]",247,,233743760049903,http://www.facebook.com/233743760049903,"=HYPERLINK(""http://www.facebook.com/233743760049903/?sk=info"", ""233743760049903"")","=HYPERLINK(""http://builder.page2site.com/sites/add/fbid:233743760049903"", ""Create"")"
"Anti-ageing Beauty Salon",1,"Chrisalyas Beauty Salon London- Anti Ageing",07943550707,www.antiageingtherapy.co.uk,"United Kingdom",44,Kensington,"Spas/beauty/personal care","[{""id"":""199236533423806"",""name"":""Beauty Salon""}]",140,1,190169717788024,http://www.facebook.com/190169717788024,"=HYPERLINK(""http://www.facebook.com/190169717788024/?sk=info"", ""190169717788024"")","=HYPERLINK(""http://builder.page2site.com/sites/add/fbid:190169717788024"", ""Create"")"
"Anti-ageing Beauty Salon",2,"Dorien.nl Anti-Ageing Center","0487 - 51 75 34",www.dorien.nl,Netherlands,31,Druten,"Local business","[{""id"":""199236533423806"",""name"":""Beauty Salon""}]",2047,96,412265420303,http://www.facebook.com/412265420303,"=HYPERLINK(""http://www.facebook.com/412265420303/?sk=info"", ""412265420303"")","=HYPERLINK(""http://builder.page2site.com/sites/add/fbid:412265420303"", ""Create"")"
"Anti-ageing Beauty Salon",3,"Stella :Organic & Antiaging Beauty salon",+81363135858,stella-antiaging.com,,,,"Spas/beauty/personal care","[{""id"":""139225689474222"",""name"":""Spa, Beauty & Personal Care""}]",163,,195922653829131,http://www.facebook.com/195922653829131,"=HYPERLINK(""http://www.facebook.com/195922653829131/?sk=info"", ""195922653829131"")","=HYPERLINK(""http://builder.page2site.com/sites/add/fbid:195922653829131"", ""Create"")"
"Anti-ageing Beauty Salon",4,"Electric Beach Anti-Aging & Tanning Salon, Inc.","(386) 763-1001",http://DaytonaBeachTanning.com,"United States",1,"South Daytona","Spas/beauty/personal care","[{""id"":""139225689474222"",""name"":""Spa, Beauty & Personal Care""}]",695,16,179044475465739,http://www.facebook.com/179044475465739,"=HYPERLINK(""http://www.facebook.com/179044475465739/?sk=info"", ""179044475465739"")","=HYPERLINK(""http://builder.page2site.com/sites/add/fbid:179044475465739"", ""Create"")"
"Anti-ageing Beauty Salon",5,"Feminine Anti-Aging Központ",+3670/557-85-91,http://feminine.hu,Hungary,36,Budapest,"Local business","[{""id"":""199236533423806"",""name"":""Beauty Salon""}]",583,27,1493353950923225,http://www.facebook.com/1493353950923225,"=HYPERLINK(""http://www.facebook.com/1493353950923225/?sk=info"", ""1493353950923225"")","=HYPERLINK(""http://builder.page2site.com/sites/add/fbid:1493353950923225"", ""Create"")"
"Anti-ageing Beauty Salon",6,"Face to Face Instituut voor huidverzorging en anti-aging",020-6769293,http://www.facetofaceschoonheidssalon.nl,Netherlands,31,Amsterdam,"Local business","[{""id"":""199236533423806"",""name"":""Beauty Salon""}]",249,59,198166923546199,http://www.facebook.com/198166923546199,"=HYPERLINK(""http://www.facebook.com/198166923546199/?sk=info"", ""198166923546199"")","=HYPERLINK(""http://builder.page2site.com/sites/add/fbid:198166923546199"", ""Create"")"
"Anti-ageing Beauty Salon",7,"Healthy Living - Anti-aging Beauty Center","2836 8401",,Macau,853,Macau,Health/medical/pharmacy,"[{""id"":""174177802634376"",""name"":""Hair Salon""},{""id"":""199236533423806"",""name"":""Beauty Salon""},{""id"":""134091706658568"",""name"":""Health Agency""}]",97,3,686105378146706,http://www.facebook.com/686105378146706,"=HYPERLINK(""http://www.facebook.com/686105378146706/?sk=info"", ""686105378146706"")","=HYPERLINK(""http://builder.page2site.com/sites/add/fbid:686105378146706"", ""Create"")"
"Anti-ageing Beauty Salon",8,"Centre Médical Esthétique et Anti-Âge","(00 352) 27 44 97 00","http://www.esthemed.lu/ ",Luxembourg,352,Luxembourg,"Spas/beauty/personal care","[{""id"":""199236533423806"",""name"":""Beauty Salon""}]",1046,16,289129491244948,http://www.facebook.com/289129491244948,"=HYPERLINK(""http://www.facebook.com/289129491244948/?sk=info"", ""289129491244948"")","=HYPERLINK(""http://builder.page2site.com/sites/add/fbid:289129491244948"", ""Create"")"
"Anti-ageing Beauty Salon",9,"Nerium Anti-Aging Skincare",,http://www.ajakimoski.nerium.com,"United States",1,Valparaiso,Health/beauty,"[{""id"":""199236533423806"",""name"":""Beauty Salon""}]",195,,212123575645737,http://www.facebook.com/212123575645737,"=HYPERLINK(""http://www.facebook.com/212123575645737/?sk=info"", ""212123575645737"")","=HYPERLINK(""http://builder.page2site.com/sites/add/fbid:212123575645737"", ""Create"")"
"Anti-ageing Beauty Salon",10,"Beverly Hills Sunless Tanning & Anti-Aging Skincare","(559) 289-7512","www.bevhillstanandskin.com
www.infinitysun.com","United States",1,Clovis,"Local business","[{""id"":""199236533423806"",""name"":""Beauty Salon""}]",128,,140973615941239,http://www.facebook.com/140973615941239,"=HYPERLINK(""http://www.facebook.com/140973615941239/?sk=info"", ""140973615941239"")","=HYPERLINK(""http://builder.page2site.com/sites/add/fbid:140973615941239"", ""Create"")"
"Anti-ageing Beauty Salon",11,"Anti-Aging Behandlung Berlin","0176 56511926",http://kosmetikstudio-charlottenburg.berlin/,Germany,49,Berlin,"Spas/beauty/personal care","[{""id"":""199236533423806"",""name"":""Beauty Salon""},{""id"":""144873802247220"",""name"":""Cosmetics & Beauty Supply""},{""id"":""138322342904312"",""name"":""Skin Care""}]",1047,,558057600958550,http://www.facebook.com/558057600958550,"=HYPERLINK(""http://www.facebook.com/558057600958550/?sk=info"", ""558057600958550"")","=HYPERLINK(""http://builder.page2site.com/sites/add/fbid:558057600958550"", ""Create"")"
"Anti-ageing Beauty Salon",12,"Proaging Antiaging Szépségszalon",+36203734979,,Hungary,36,Székesfehérvár,"Spas/beauty/personal care","[{""id"":""199236533423806"",""name"":""Beauty Salon""}]",44,,498532783591346,http://www.facebook.com/498532783591346,"=HYPERLINK(""http://www.facebook.com/498532783591346/?sk=info"", ""498532783591346"")","=HYPERLINK(""http://builder.page2site.com/sites/add/fbid:498532783591346"", ""Create"")"
"Anti-ageing Beauty Salon",13,"Klinika Kosmetologii Estetycznej i Anti-Aging",500-070-366,http://www.klinikakosmetologii.com.pl,Poland,48,Katowice,"Spas/beauty/personal care","[{""id"":""199236533423806"",""name"":""Beauty Salon""}]",175,3,466931450094629,http://www.facebook.com/466931450094629,"=HYPERLINK(""http://www.facebook.com/466931450094629/?sk=info"", ""466931450094629"")","=HYPERLINK(""http://builder.page2site.com/sites/add/fbid:466931450094629"", ""Create"")"
"Anti-ageing Beauty Salon",14,"SalonTannah.nl Huidverbetering & Anti-aging",06-81443452,http://www.salontannah.nl,Netherlands,31,Wijchen,Health/beauty,"[{""id"":""199236533423806"",""name"":""Beauty Salon""}]",146,2,422072807826327,http://www.facebook.com/422072807826327,"=HYPERLINK(""http://www.facebook.com/422072807826327/?sk=info"", ""422072807826327"")","=HYPERLINK(""http://builder.page2site.com/sites/add/fbid:422072807826327"", ""Create"")"
"Anti-ageing Beauty Salon",15,"Valence Detox Slimming Anti-aging","(310) 275-8005",www.vlns-spa.com,"United States",1,"Beverly Hills","Spas/beauty/personal care","[{""id"":""199236533423806"",""name"":""Beauty Salon""}]",65,,134006986238,http://www.facebook.com/134006986238,"=HYPERLINK(""http://www.facebook.com/134006986238/?sk=info"", ""134006986238"")","=HYPERLINK(""http://builder.page2site.com/sites/add/fbid:134006986238"", ""Create"")"
"Anti-ageing Beauty Salon",16,"Bay Skin & Body Anti-Ageing Clinic","(03) 9589 0200",http://www.bay-skinbodycare.com.au/,Australia,61,"Black Rock","Local business","[{""id"":""146053955462002"",""name"":""Esthethics""},{""id"":""199236533423806"",""name"":""Beauty Salon""},{""id"":""210460678964858"",""name"":""Laser Hair Removal""}]",2,,1400343880229783,http://www.facebook.com/1400343880229783,"=HYPERLINK(""http://www.facebook.com/1400343880229783/?sk=info"", ""1400343880229783"")","=HYPERLINK(""http://builder.page2site.com/sites/add/fbid:1400343880229783"", ""Create"")"
"Anti-ageing Beauty Salon",17,"Visage Anti-Aging Studio","0416 157 466",,Australia,61,"Gold Coast","Spas/beauty/personal care","[{""id"":""199236533423806"",""name"":""Beauty Salon""}]",20,,156194707884768,http://www.facebook.com/156194707884768,"=HYPERLINK(""http://www.facebook.com/156194707884768/?sk=info"", ""156194707884768"")","=HYPERLINK(""http://builder.page2site.com/sites/add/fbid:156194707884768"", ""Create"")"
"Anti-ageing Beauty Salon",18,"Glampapa Institute for Skin Care and Anti-Aging Therapies","(973) 746-3535",,"United States",1,Montclair,"Local business","[{""id"":""199236533423806"",""name"":""Beauty Salon""}]",1,,166570933355601,http://www.facebook.com/166570933355601,"=HYPERLINK(""http://www.facebook.com/166570933355601/?sk=info"", ""166570933355601"")","=HYPERLINK(""http://builder.page2site.com/sites/add/fbid:166570933355601"", ""Create"")"
"Anti-ageing Beauty Salon",19,"Anti-Aging Skin Clinique","(802) 775-7546",,"United States",1,"Rutland (city)","Local business","[{""id"":""145118935550090"",""name"":""Medical & Health""},{""id"":""200814353265561"",""name"":""Spa""},{""id"":""199236533423806"",""name"":""Beauty Salon""}]",1,,131310760247233,http://www.facebook.com/131310760247233,"=HYPERLINK(""http://www.facebook.com/131310760247233/?sk=info"", ""131310760247233"")","=HYPERLINK(""http://builder.page2site.com/sites/add/fbid:131310760247233"", ""Create"")"
"Anti-ageing Beauty Salon",20,"Impressions Beauty","01869 249 996",http://www.ImpressionsAntiAgeing.com,"United Kingdom",44,Bicester,"Spas/beauty/personal care","[{""id"":""199236533423806"",""name"":""Beauty Salon""}]",59,,1417499528466302,http://www.facebook.com/1417499528466302,"=HYPERLINK(""http://www.facebook.com/1417499528466302/?sk=info"", ""1417499528466302"")","=HYPERLINK(""http://builder.page2site.com/sites/add/fbid:1417499528466302"", ""Create"")"
"Anti-ageing Beauty Salon",21,"The Butterfly Lounge Anti Ageing Room",07821653255,,"United Kingdom",44,Padiham,"Spas/beauty/personal care","[{""id"":""138322342904312"",""name"":""Skin Care""},{""id"":""199236533423806"",""name"":""Beauty Salon""}]",53,,637255652974016,http://www.facebook.com/637255652974016,"=HYPERLINK(""http://www.facebook.com/637255652974016/?sk=info"", ""637255652974016"")","=HYPERLINK(""http://builder.page2site.com/sites/add/fbid:637255652974016"", ""Create"")"
"Anti-ageing Beauty Salon",22,"Antiaging Clinic","(954) 742-4430",,"United States",1,Lauderhill,"Local business","[{""id"":""199236533423806"",""name"":""Beauty Salon""}]",,,136174726432306,http://www.facebook.com/136174726432306,"=HYPERLINK(""http://www.facebook.com/136174726432306/?sk=info"", ""136174726432306"")","=HYPERLINK(""http://builder.page2site.com/sites/add/fbid:136174726432306"", ""Create"")"
"Anti-ageing Beauty Salon",23,"Manhattan Anti-Aging Clinic","(212) 265-4600",,"United States",1,"New York","Local business","[{""id"":""145118935550090"",""name"":""Medical & Health""},{""id"":""199236533423806"",""name"":""Beauty Salon""}]",1,,155680424467772,http://www.facebook.com/155680424467772,"=HYPERLINK(""http://www.facebook.com/155680424467772/?sk=info"", ""155680424467772"")","=HYPERLINK(""http://builder.page2site.com/sites/add/fbid:155680424467772"", ""Create"")"
"Anti-ageing Beauty Salon",24,"Choices Anti-Aging & Aesthetics","(320) 235-7546",,"United States",1,Willmar,"Local business","[{""id"":""134091706658568"",""name"":""Health Agency""},{""id"":""196021933757044"",""name"":""Dermatologist""},{""id"":""128905757179140"",""name"":""Hair Removal""}]",,,110112345717486,http://www.facebook.com/110112345717486,"=HYPERLINK(""http://www.facebook.com/110112345717486/?sk=info"", ""110112345717486"")","=HYPERLINK(""http://builder.page2site.com/sites/add/fbid:110112345717486"", ""Create"")"
"Anti-ageing Beauty Salon",25,"Impressions Beauty & Anti-Ageing","01869 249996",http://www.impressionsAntiAgeing.com,"United Kingdom",44,Bicester,"Spas/beauty/personal care","[{""id"":""199236533423806"",""name"":""Beauty Salon""}]",1,,1421507534780250,http://www.facebook.com/1421507534780250,"=HYPERLINK(""http://www.facebook.com/1421507534780250/?sk=info"", ""1421507534780250"")","=HYPERLINK(""http://builder.page2site.com/sites/add/fbid:1421507534780250"", ""Create"")"
"Anti-ageing Beauty Salon",26,"Neuskin anti-aging centre",0193223849,,Malaysia,60,"Petaling Jaya","Spas/beauty/personal care","[{""id"":""199236533423806"",""name"":""Beauty Salon""}]",10,,610561305665457,http://www.facebook.com/610561305665457,"=HYPERLINK(""http://www.facebook.com/610561305665457/?sk=info"", ""610561305665457"")","=HYPERLINK(""http://builder.page2site.com/sites/add/fbid:610561305665457"", ""Create"")"
