Keyword,#,Name,Phone,Website,Country,"Country code",City,Category,"Category List",Likes,"Talking about","Facebook ID","Facebook Url","Facebook Page Link","P2S Website"
"Artificial Nails",0,"Artificial nails",,,,,,Interest,,6668,8,112324078783932,http://www.facebook.com/112324078783932,"=HYPERLINK(""http://www.facebook.com/112324078783932/?sk=info"", ""112324078783932"")","=HYPERLINK(""http://builder.page2site.com/sites/add/fbid:112324078783932"", ""Create"")"
"Artificial Nails",1,"Artificial nails",6984780926,,Greece,30,Loútsa,"Spas/beauty/personal care",,83,,376226379112833,http://www.facebook.com/376226379112833,"=HYPERLINK(""http://www.facebook.com/376226379112833/?sk=info"", ""376226379112833"")","=HYPERLINK(""http://builder.page2site.com/sites/add/fbid:376226379112833"", ""Create"")"
"Artificial Nails",2,"Artificial Nails","(956) 521-5294",,"United States",1,Brownsville,Community,"[{""id"":""2612"",""name"":""Community""}]",46,,653975294686372,http://www.facebook.com/653975294686372,"=HYPERLINK(""http://www.facebook.com/653975294686372/?sk=info"", ""653975294686372"")","=HYPERLINK(""http://builder.page2site.com/sites/add/fbid:653975294686372"", ""Create"")"
"Artificial Nails",3,"Artificial NAIL","07 - 350 2271",<<not-applicable>>,"New Zealand",64,Rotorua,Community,,28,,331023976908774,http://www.facebook.com/331023976908774,"=HYPERLINK(""http://www.facebook.com/331023976908774/?sk=info"", ""331023976908774"")","=HYPERLINK(""http://builder.page2site.com/sites/add/fbid:331023976908774"", ""Create"")"
"Artificial Nails",4,"Frostings Decadent Artificial Nails by Tamara Cere",9026812697,,,,,"Spas/beauty/personal care",,357,23,193710534025307,http://www.facebook.com/193710534025307,"=HYPERLINK(""http://www.facebook.com/193710534025307/?sk=info"", ""193710534025307"")","=HYPERLINK(""http://builder.page2site.com/sites/add/fbid:193710534025307"", ""Create"")"
"Artificial Nails",5,"Artificial nail extensions art & design tips.","+380 631694514",,,,,"Local business",,1794,1,106338846070429,http://www.facebook.com/106338846070429,"=HYPERLINK(""http://www.facebook.com/106338846070429/?sk=info"", ""106338846070429"")","=HYPERLINK(""http://builder.page2site.com/sites/add/fbid:106338846070429"", ""Create"")"
"Artificial Nails",6,"Nails by becky",07881207243,http://www.beckysnails.co.uk,"United Kingdom",44,London,"Spas/beauty/personal care","[{""id"":""139225689474222"",""name"":""Spa, Beauty & Personal Care""}]",160,,292015984227334,http://www.facebook.com/292015984227334,"=HYPERLINK(""http://www.facebook.com/292015984227334/?sk=info"", ""292015984227334"")","=HYPERLINK(""http://builder.page2site.com/sites/add/fbid:292015984227334"", ""Create"")"
"Artificial Nails",7,"Artificial nails by fresh in the city",2105754115,,,,,Health/beauty,,28,,103838279764659,http://www.facebook.com/103838279764659,"=HYPERLINK(""http://www.facebook.com/103838279764659/?sk=info"", ""103838279764659"")","=HYPERLINK(""http://builder.page2site.com/sites/add/fbid:103838279764659"", ""Create"")"
"Artificial Nails",8,"Revlon False Lashes and Artificial Nails",,"www.Revlonlashvideos.com
www.Revlon.com",,,,Company,,46,,121701121235326,http://www.facebook.com/121701121235326,"=HYPERLINK(""http://www.facebook.com/121701121235326/?sk=info"", ""121701121235326"")","=HYPERLINK(""http://builder.page2site.com/sites/add/fbid:121701121235326"", ""Create"")"
"Artificial Nails",9,"Nails and beauty",,https://www.facebook.com/totti.aj.5,Spain,34,Barcelona,"Spas/beauty/personal care","[{""id"":""198516863494646"",""name"":""Nail Salon""}]",78,1,537692019634859,http://www.facebook.com/537692019634859,"=HYPERLINK(""http://www.facebook.com/537692019634859/?sk=info"", ""537692019634859"")","=HYPERLINK(""http://builder.page2site.com/sites/add/fbid:537692019634859"", ""Create"")"
"Artificial Nails",10,"Cerea Boudreau Hairstylist & Nail Technician",902-742-9863,,Canada,1,Yarmouth,"Spas/beauty/personal care","[{""id"":""139225689474222"",""name"":""Spa, Beauty & Personal Care""}]",125,,348689805198569,http://www.facebook.com/348689805198569,"=HYPERLINK(""http://www.facebook.com/348689805198569/?sk=info"", ""348689805198569"")","=HYPERLINK(""http://builder.page2site.com/sites/add/fbid:348689805198569"", ""Create"")"
"Artificial Nails",11,"Anna Sroka   Artificial Nail & Designs",,,,,,Health/beauty,,29,,152238244936971,http://www.facebook.com/152238244936971,"=HYPERLINK(""http://www.facebook.com/152238244936971/?sk=info"", ""152238244936971"")","=HYPERLINK(""http://builder.page2site.com/sites/add/fbid:152238244936971"", ""Create"")"
"Artificial Nails",12,"Hair By Helen - Nails and Artificial Enhancements",604-612-5103,http://www.hairbyhelen.ca/,Canada,1,Surrey,"Spas/beauty/personal care","[{""id"":""139225689474222"",""name"":""Spa, Beauty & Personal Care""}]",38,,136893473178485,http://www.facebook.com/136893473178485,"=HYPERLINK(""http://www.facebook.com/136893473178485/?sk=info"", ""136893473178485"")","=HYPERLINK(""http://builder.page2site.com/sites/add/fbid:136893473178485"", ""Create"")"
"Artificial Nails",13,"Artificial NAIL",,,,,,Community,,15,,218671421558575,http://www.facebook.com/218671421558575,"=HYPERLINK(""http://www.facebook.com/218671421558575/?sk=info"", ""218671421558575"")","=HYPERLINK(""http://builder.page2site.com/sites/add/fbid:218671421558575"", ""Create"")"
"Artificial Nails",14,"Artificial nail induced contact dermatitis",,,,,,Diseases,,1,,114761521873065,http://www.facebook.com/114761521873065,"=HYPERLINK(""http://www.facebook.com/114761521873065/?sk=info"", ""114761521873065"")","=HYPERLINK(""http://builder.page2site.com/sites/add/fbid:114761521873065"", ""Create"")"
"Artificial Nails",15,"La Bella Vita -Hair & Artificial Nail Extensions",07805025436,,"United Kingdom",44,Wombwell,"Local business",,58,,344715942295302,http://www.facebook.com/344715942295302,"=HYPERLINK(""http://www.facebook.com/344715942295302/?sk=info"", ""344715942295302"")","=HYPERLINK(""http://builder.page2site.com/sites/add/fbid:344715942295302"", ""Create"")"
"Artificial Nails",16,"Artificial Nail",,,"New Zealand",64,Rotorua,"Local business","[{""id"":""198516863494646"",""name"":""Nail Salon""}]",8,,191039507704110,http://www.facebook.com/191039507704110,"=HYPERLINK(""http://www.facebook.com/191039507704110/?sk=info"", ""191039507704110"")","=HYPERLINK(""http://builder.page2site.com/sites/add/fbid:191039507704110"", ""Create"")"
