Keyword,#,Name,Phone,Website,Country,"Country code",City,Category,"Category List",Likes,"Talking about","Facebook ID","Facebook Url","Facebook Page Link","P2S Website"
"Artificial Plants & Flowers",0,"Artificial Flowers and Plants",086-532-86998458,http://brillianteast.en.made-in-china.com/,,,,Company,,336,12,260503750798830,http://www.facebook.com/260503750798830,"=HYPERLINK(""http://www.facebook.com/260503750798830/?sk=info"", ""260503750798830"")","=HYPERLINK(""http://builder.page2site.com/sites/add/fbid:260503750798830"", ""Create"")"
"Artificial Plants & Flowers",1,"Floraline - Importers of Artificial Trees, Plants and Flowers","078 310 1518",http://www.floraline.co.za,"South Africa",27,Doornfontein,Company,"[{""id"":""187827497907070"",""name"":""Bakery""},{""id"":""128698093865240"",""name"":""Outlet Store""},{""id"":""192647794097278"",""name"":""Home Decor""}]",42,,540143659355571,http://www.facebook.com/540143659355571,"=HYPERLINK(""http://www.facebook.com/540143659355571/?sk=info"", ""540143659355571"")","=HYPERLINK(""http://builder.page2site.com/sites/add/fbid:540143659355571"", ""Create"")"
"Artificial Plants & Flowers",2,"Neuhaus Decor - Artificial Plants and Flowers","+852 2552 8044",http://www.neuhaus-artificial-plants.com,,,,"Small business",,29,,411842175559870,http://www.facebook.com/411842175559870,"=HYPERLINK(""http://www.facebook.com/411842175559870/?sk=info"", ""411842175559870"")","=HYPERLINK(""http://builder.page2site.com/sites/add/fbid:411842175559870"", ""Create"")"
"Artificial Plants & Flowers",3,"Artificial Flowers online shop",86-532-86998458,"http://brillianteast.en.made-in-china.com/ https://twitter.com/brillianteast https://www.facebook.com/pages/Artificial-Flowers-and-Plants/260503750798830",China,86,Shanghai,Shopping/retail,"[{""id"":""200600219953504"",""name"":""Shopping & Retail""}]",160,,1482823735280176,http://www.facebook.com/1482823735280176,"=HYPERLINK(""http://www.facebook.com/1482823735280176/?sk=info"", ""1482823735280176"")","=HYPERLINK(""http://builder.page2site.com/sites/add/fbid:1482823735280176"", ""Create"")"
