Keyword,#,Name,Phone,Website,Country,"Country code",City,Category,"Category List",Likes,"Talking about","Facebook ID","Facebook Url","Facebook Page Link","P2S Website"
"Body & Ear Piercing",0,"Ear/Body Piercing","(313) 893-8460",earpiercingclinic.com,"United States",1,Detroit,"Professional services","[{""id"":""176831012360626"",""name"":""Professional Services""}]",99,1,299600576721620,http://www.facebook.com/299600576721620,"=HYPERLINK(""http://www.facebook.com/299600576721620/?sk=info"", ""299600576721620"")","=HYPERLINK(""http://builder.page2site.com/sites/add/fbid:299600576721620"", ""Create"")"
"Body & Ear Piercing",1,"Ear & Body Piercing",,,,,,Jewelry/watches,,177,1,279186715516578,http://www.facebook.com/279186715516578,"=HYPERLINK(""http://www.facebook.com/279186715516578/?sk=info"", ""279186715516578"")","=HYPERLINK(""http://builder.page2site.com/sites/add/fbid:279186715516578"", ""Create"")"
"Body & Ear Piercing",2,"Holly's Mobile Ear & Body Piercing",07800636230,,"United Kingdom",44,"Leamington Spa",Health/medical/pharmacy,"[{""id"":""196188420407122"",""name"":""Tattoo & Piercing""}]",136,7,1392692190991590,http://www.facebook.com/1392692190991590,"=HYPERLINK(""http://www.facebook.com/1392692190991590/?sk=info"", ""1392692190991590"")","=HYPERLINK(""http://builder.page2site.com/sites/add/fbid:1392692190991590"", ""Create"")"
"Body & Ear Piercing",3,"B Holed Ear & Body Piercing","07732 122484",http://www.bholed.com,"United Kingdom",44,"Appleby Magna","Local business","[{""id"":""196188420407122"",""name"":""Tattoo & Piercing""}]",29,,419192291555548,http://www.facebook.com/419192291555548,"=HYPERLINK(""http://www.facebook.com/419192291555548/?sk=info"", ""419192291555548"")","=HYPERLINK(""http://builder.page2site.com/sites/add/fbid:419192291555548"", ""Create"")"
"Body & Ear Piercing",4,"Pure Identity/Beauty Salon/Body Piercing/Ear Piercing",01246766180,"http://pure-identity.co.uk adelethesalonforhair@gmail.com","United Kingdom",44,Chesterfield,Health/beauty,"[{""id"":""199236533423806"",""name"":""Beauty Salon""}]",258,8,121792898012801,http://www.facebook.com/121792898012801,"=HYPERLINK(""http://www.facebook.com/121792898012801/?sk=info"", ""121792898012801"")","=HYPERLINK(""http://builder.page2site.com/sites/add/fbid:121792898012801"", ""Create"")"
"Body & Ear Piercing",5,"Home Ear and body piercing- Emo Piercing",0718216965,,"United Kingdom",44,Wokingham,"Professional services",,46,,164654443609883,http://www.facebook.com/164654443609883,"=HYPERLINK(""http://www.facebook.com/164654443609883/?sk=info"", ""164654443609883"")","=HYPERLINK(""http://builder.page2site.com/sites/add/fbid:164654443609883"", ""Create"")"
