Keyword,#,Name,Phone,Website,Country,"Country code",City,Category,"Category List",Likes,"Talking about","Facebook ID","Facebook Url","Facebook Page Link","P2S Website"
"Bowen Therapy Massage Therapy",0,"Bowen & Massage Therapy","(916) 879-7375",,"United States",1,Carmichael,"Spas/beauty/personal care","[{""id"":""357645644269220"",""name"":""Alternative & Holistic Health""},{""id"":""181108811925394"",""name"":""Horses""},{""id"":""109578329118821"",""name"":""Massage""}]",57,,424278197652951,http://www.facebook.com/424278197652951,"=HYPERLINK(""http://www.facebook.com/424278197652951/?sk=info"", ""424278197652951"")","=HYPERLINK(""http://builder.page2site.com/sites/add/fbid:424278197652951"", ""Create"")"
"Bowen Therapy Massage Therapy",1,"Bowen & Massage Therapy",0408012570,,Australia,61,Gladstone,"Professional services","[{""id"":""109578329118821"",""name"":""Massage""},{""id"":""357645644269220"",""name"":""Alternative & Holistic Health""}]",61,5,246342705424021,http://www.facebook.com/246342705424021,"=HYPERLINK(""http://www.facebook.com/246342705424021/?sk=info"", ""246342705424021"")","=HYPERLINK(""http://builder.page2site.com/sites/add/fbid:246342705424021"", ""Create"")"
"Bowen Therapy Massage Therapy",2,"Isa Massage & Bowen Therapy","0411 496 311",www.isamassagetherapy.com.au,Australia,61,"Mount Isa","Professional services","[{""id"":""137847742955715"",""name"":""Clinic""}]",236,26,425390537494976,http://www.facebook.com/425390537494976,"=HYPERLINK(""http://www.facebook.com/425390537494976/?sk=info"", ""425390537494976"")","=HYPERLINK(""http://builder.page2site.com/sites/add/fbid:425390537494976"", ""Create"")"
"Bowen Therapy Massage Therapy",3,"Bronya's Remedial Massage Bowen & Reflexology Therapy","0417 416 644",http://www.bronyasmassagetherapy.com,Australia,61,Rockingham,"Professional services","[{""id"":""109578329118821"",""name"":""Massage""}]",152,4,658890744133967,http://www.facebook.com/658890744133967,"=HYPERLINK(""http://www.facebook.com/658890744133967/?sk=info"", ""658890744133967"")","=HYPERLINK(""http://builder.page2site.com/sites/add/fbid:658890744133967"", ""Create"")"
"Bowen Therapy Massage Therapy",4,"Harry's Massage & Bowen Therapy"," *0429415328",,Australia,61,Canberra,Health/medical/pharmacy,"[{""id"":""357645644269220"",""name"":""Alternative & Holistic Health""}]",204,,123337941085592,http://www.facebook.com/123337941085592,"=HYPERLINK(""http://www.facebook.com/123337941085592/?sk=info"", ""123337941085592"")","=HYPERLINK(""http://builder.page2site.com/sites/add/fbid:123337941085592"", ""Create"")"
"Bowen Therapy Massage Therapy",5,"Cessnock Bowen Therapy & Remedial Massage","0448 963 306",,Australia,61,Cessnock,Health/medical/pharmacy,"[{""id"":""109578329118821"",""name"":""Massage""},{""id"":""357645644269220"",""name"":""Alternative & Holistic Health""}]",130,38,639108689540328,http://www.facebook.com/639108689540328,"=HYPERLINK(""http://www.facebook.com/639108689540328/?sk=info"", ""639108689540328"")","=HYPERLINK(""http://builder.page2site.com/sites/add/fbid:639108689540328"", ""Create"")"
"Bowen Therapy Massage Therapy",6,"Bodhi Tree Therapies  - Bowen & Remedial  Soft Tissue Massage Therapy","03 9775 2517, 0407 768223",http://www.bodhitreetherapies.com.au,Australia,61,"Mount Eliza",Health/medical/pharmaceuticals,"[{""id"":""109578329118821"",""name"":""Massage""},{""id"":""357645644269220"",""name"":""Alternative & Holistic Health""},{""id"":""182582595112411"",""name"":""Women's Health""}]",279,5,107649376056448,http://www.facebook.com/107649376056448,"=HYPERLINK(""http://www.facebook.com/107649376056448/?sk=info"", ""107649376056448"")","=HYPERLINK(""http://builder.page2site.com/sites/add/fbid:107649376056448"", ""Create"")"
"Bowen Therapy Massage Therapy",7,"BodyMind Studio -  Bowen & Massage Therapy & Naturopathy","Mobile 0468 349 375",www.bodymindhealingstudio.com.au,Australia,61,Belmont,"Professional services","[{""id"":""357645644269220"",""name"":""Alternative & Holistic Health""}]",282,3,244552052262918,http://www.facebook.com/244552052262918,"=HYPERLINK(""http://www.facebook.com/244552052262918/?sk=info"", ""244552052262918"")","=HYPERLINK(""http://builder.page2site.com/sites/add/fbid:244552052262918"", ""Create"")"
"Bowen Therapy Massage Therapy",8,"Nottingham Massage and Bowen Therapy",07743495588,http://www.nottinghammassage.com,"United Kingdom",44,Nottingham,"Professional services","[{""id"":""176831012360626"",""name"":""Professional Services""}]",28,1,243293785750667,http://www.facebook.com/243293785750667,"=HYPERLINK(""http://www.facebook.com/243293785750667/?sk=info"", ""243293785750667"")","=HYPERLINK(""http://builder.page2site.com/sites/add/fbid:243293785750667"", ""Create"")"
"Bowen Therapy Massage Therapy",9,"Lynelle's Massage & Bowen Therapy",0401477508,,Australia,61,Beerwah,Health/medical/pharmacy,"[{""id"":""145118935550090"",""name"":""Medical & Health""}]",133,1,236315066395791,http://www.facebook.com/236315066395791,"=HYPERLINK(""http://www.facebook.com/236315066395791/?sk=info"", ""236315066395791"")","=HYPERLINK(""http://builder.page2site.com/sites/add/fbid:236315066395791"", ""Create"")"
"Bowen Therapy Massage Therapy",10,"Walkerston Bowen Therapy and Massage","07 49592332",,Australia,61,Walkerston,Health/medical/pharmacy,"[{""id"":""2514"",""name"":""Health\/Medical\/Pharmacy""}]",164,1,278943565636682,http://www.facebook.com/278943565636682,"=HYPERLINK(""http://www.facebook.com/278943565636682/?sk=info"", ""278943565636682"")","=HYPERLINK(""http://builder.page2site.com/sites/add/fbid:278943565636682"", ""Create"")"
"Bowen Therapy Massage Therapy",11,"Janessa Bowen Massage Therapy",573-582-0227,http://www.renaissancesalonandspa.com/,"United States",1,Mexico,"Local business",,65,,166807403331216,http://www.facebook.com/166807403331216,"=HYPERLINK(""http://www.facebook.com/166807403331216/?sk=info"", ""166807403331216"")","=HYPERLINK(""http://builder.page2site.com/sites/add/fbid:166807403331216"", ""Create"")"
"Bowen Therapy Massage Therapy",12,"Jen Mullin Bowen and Massage Therapy",,,,,,Community,,94,,310519055764264,http://www.facebook.com/310519055764264,"=HYPERLINK(""http://www.facebook.com/310519055764264/?sk=info"", ""310519055764264"")","=HYPERLINK(""http://builder.page2site.com/sites/add/fbid:310519055764264"", ""Create"")"
"Bowen Therapy Massage Therapy",13,"Massage & Bowen Therapy by Melissa",0418840922,,Australia,61,Adelaide,Health/medical/pharmacy,,187,2,135491936626163,http://www.facebook.com/135491936626163,"=HYPERLINK(""http://www.facebook.com/135491936626163/?sk=info"", ""135491936626163"")","=HYPERLINK(""http://builder.page2site.com/sites/add/fbid:135491936626163"", ""Create"")"
"Bowen Therapy Massage Therapy",14,"Bathurst Bowen Therapy & Remedial Massage",0448963306,www.bathurstbowentherapy.com.au,Australia,61,Bathurst,"Professional services","[{""id"":""357645644269220"",""name"":""Alternative & Holistic Health""}]",312,1,224506857574853,http://www.facebook.com/224506857574853,"=HYPERLINK(""http://www.facebook.com/224506857574853/?sk=info"", ""224506857574853"")","=HYPERLINK(""http://builder.page2site.com/sites/add/fbid:224506857574853"", ""Create"")"
"Bowen Therapy Massage Therapy",15,"Catherine Dowhaniuk Bowen Therapy and Massage",5872803420,,Canada,1,Vegreville,Health/medical/pharmacy,"[{""id"":""109578329118821"",""name"":""Massage""}]",75,6,647130122014838,http://www.facebook.com/647130122014838,"=HYPERLINK(""http://www.facebook.com/647130122014838/?sk=info"", ""647130122014838"")","=HYPERLINK(""http://builder.page2site.com/sites/add/fbid:647130122014838"", ""Create"")"
"Bowen Therapy Massage Therapy",16,"Nantwich Bowen and Massage Therapy",07904520890,https://twitter.com/mandygorst,"United Kingdom",44,Chester,Health/medical/pharmacy,"[{""id"":""357645644269220"",""name"":""Alternative & Holistic Health""}]",50,1,520252968088084,http://www.facebook.com/520252968088084,"=HYPERLINK(""http://www.facebook.com/520252968088084/?sk=info"", ""520252968088084"")","=HYPERLINK(""http://builder.page2site.com/sites/add/fbid:520252968088084"", ""Create"")"
"Bowen Therapy Massage Therapy",17,"WMT Massage and Bowen Therapy",780-402-4496,,Canada,1,"Grande Prairie","Professional services","[{""id"":""176831012360626"",""name"":""Professional Services""}]",57,1,126756344141399,http://www.facebook.com/126756344141399,"=HYPERLINK(""http://www.facebook.com/126756344141399/?sk=info"", ""126756344141399"")","=HYPERLINK(""http://builder.page2site.com/sites/add/fbid:126756344141399"", ""Create"")"
"Bowen Therapy Massage Therapy",18,"Sue Morris Remedial Massage and Bowen Therapy",0400382859,,,,,Health/medical/pharmaceuticals,,105,,642051385823241,http://www.facebook.com/642051385823241,"=HYPERLINK(""http://www.facebook.com/642051385823241/?sk=info"", ""642051385823241"")","=HYPERLINK(""http://builder.page2site.com/sites/add/fbid:642051385823241"", ""Create"")"
"Bowen Therapy Massage Therapy",19,"Manuela Hair Beauty Massage Bowen Therapy",0408078205,,Australia,61,Esk,Health/beauty,"[{""id"":""2214"",""name"":""Health\/Beauty""}]",226,3,487498634596170,http://www.facebook.com/487498634596170,"=HYPERLINK(""http://www.facebook.com/487498634596170/?sk=info"", ""487498634596170"")","=HYPERLINK(""http://builder.page2site.com/sites/add/fbid:487498634596170"", ""Create"")"
"Bowen Therapy Massage Therapy",20,"Massage & Bowen Therapy - Wazasway","03 473 0144 or 0800 459 612",www.wazasway.co.nz,"New Zealand",64,Dunedin,Health/medical/pharmacy,,7,,213547641999017,http://www.facebook.com/213547641999017,"=HYPERLINK(""http://www.facebook.com/213547641999017/?sk=info"", ""213547641999017"")","=HYPERLINK(""http://builder.page2site.com/sites/add/fbid:213547641999017"", ""Create"")"
"Bowen Therapy Massage Therapy",21,"Heart & Soul Massage And Bowen Therapy",519-495-5577,https://twitter.com/Etrevelynbrown?utm_source=fb&utm_medium=fb&utm_campaign=Etrevelynbrown&utm_content=334295762584367104,Canada,1,London,"Local business","[{""id"":""109578329118821"",""name"":""Massage""},{""id"":""357645644269220"",""name"":""Alternative & Holistic Health""}]",49,,159240127524420,http://www.facebook.com/159240127524420,"=HYPERLINK(""http://www.facebook.com/159240127524420/?sk=info"", ""159240127524420"")","=HYPERLINK(""http://builder.page2site.com/sites/add/fbid:159240127524420"", ""Create"")"
"Bowen Therapy Massage Therapy",22,"Bodywork Fremantle- Remedial Massage & Bowen Therapy.",,http://bodyworkfremantle.com,,,,Health/medical/pharmacy,"[{""id"":""145118935550090"",""name"":""Medical & Health""}]",55,,1483318301904224,http://www.facebook.com/1483318301904224,"=HYPERLINK(""http://www.facebook.com/1483318301904224/?sk=info"", ""1483318301904224"")","=HYPERLINK(""http://builder.page2site.com/sites/add/fbid:1483318301904224"", ""Create"")"
"Bowen Therapy Massage Therapy",23,"Remedial Massage & Bowen Therapy",,,,,,Health/beauty,,2,,246536502198838,http://www.facebook.com/246536502198838,"=HYPERLINK(""http://www.facebook.com/246536502198838/?sk=info"", ""246536502198838"")","=HYPERLINK(""http://builder.page2site.com/sites/add/fbid:246536502198838"", ""Create"")"
"Bowen Therapy Massage Therapy",24,"Tracey Waters - Bowen Therapy &  Remedial Massage","03 5974 8099/ 0415 138751",www.angelicworks.com.au,Australia,61,"Mount Martha",Health/medical/pharmacy,"[{""id"":""145118935550090"",""name"":""Medical & Health""}]",19,,313557612059206,http://www.facebook.com/313557612059206,"=HYPERLINK(""http://www.facebook.com/313557612059206/?sk=info"", ""313557612059206"")","=HYPERLINK(""http://builder.page2site.com/sites/add/fbid:313557612059206"", ""Create"")"
"Bowen Therapy Massage Therapy",25,"BL Bodycare - Bowen Therapy, Massage, Reflexology & Sports treatments","07866 77 83 85","http://blbodycare.co.uk http://twitter.com/GillyBilly06","United Kingdom",44,Blackburn,Health/medical/pharmacy,"[{""id"":""109578329118821"",""name"":""Massage""}]",17,,439527319455027,http://www.facebook.com/439527319455027,"=HYPERLINK(""http://www.facebook.com/439527319455027/?sk=info"", ""439527319455027"")","=HYPERLINK(""http://builder.page2site.com/sites/add/fbid:439527319455027"", ""Create"")"
"Bowen Therapy Massage Therapy",26,"Frank Rossi Remedial Massage & Bowen Therapy",,,Australia,61,Melbourne,Health/medical/pharmacy,,89,,166196583392212,http://www.facebook.com/166196583392212,"=HYPERLINK(""http://www.facebook.com/166196583392212/?sk=info"", ""166196583392212"")","=HYPERLINK(""http://builder.page2site.com/sites/add/fbid:166196583392212"", ""Create"")"
"Bowen Therapy Massage Therapy",27,"Sydney Muscle Care Massage & Bowen Therapy Treatment and Training","02 8865 9277 /  0425 278 540",www.musclecare.com.au,Australia,61,Toongabbie,Sports/recreation/activities,"[{""id"":""186982054657561"",""name"":""Sports & Recreation""}]",41,,60636742636,http://www.facebook.com/60636742636,"=HYPERLINK(""http://www.facebook.com/60636742636/?sk=info"", ""60636742636"")","=HYPERLINK(""http://builder.page2site.com/sites/add/fbid:60636742636"", ""Create"")"
"Bowen Therapy Massage Therapy",28,"Bowen Therapy Kirsty-Lee Jones",0422761210,,Australia,61,"Port Noarlunga",Health/medical/pharmacy,"[{""id"":""145118935550090"",""name"":""Medical & Health""}]",83,1,419915828101476,http://www.facebook.com/419915828101476,"=HYPERLINK(""http://www.facebook.com/419915828101476/?sk=info"", ""419915828101476"")","=HYPERLINK(""http://builder.page2site.com/sites/add/fbid:419915828101476"", ""Create"")"
"Bowen Therapy Massage Therapy",29,"BowenWork and Massage Therapy","(586) 202-6939",<<not-applicable>>,"United States",1,"Mount Clemens","Local business","[{""id"":""357645644269220"",""name"":""Alternative & Holistic Health""}]",2,1,1455656321382289,http://www.facebook.com/1455656321382289,"=HYPERLINK(""http://www.facebook.com/1455656321382289/?sk=info"", ""1455656321382289"")","=HYPERLINK(""http://builder.page2site.com/sites/add/fbid:1455656321382289"", ""Create"")"
"Bowen Therapy Massage Therapy",30,"Atlanta Massage & Bowen Therapy","(404) 271-4605",,"United States",1,Atlanta,"Local business","[{""id"":""109578329118821"",""name"":""Massage""},{""id"":""145118935550090"",""name"":""Medical & Health""}]",,,127270517326728,http://www.facebook.com/127270517326728,"=HYPERLINK(""http://www.facebook.com/127270517326728/?sk=info"", ""127270517326728"")","=HYPERLINK(""http://builder.page2site.com/sites/add/fbid:127270517326728"", ""Create"")"
"Bowen Therapy Massage Therapy",31,"Good Bowen Therapy","(03) 9311 3803",http://goodbt.com.au,Australia,61,"North Melbourne","Professional services","[{""id"":""109578329118821"",""name"":""Massage""}]",3,3,1493092124280925,http://www.facebook.com/1493092124280925,"=HYPERLINK(""http://www.facebook.com/1493092124280925/?sk=info"", ""1493092124280925"")","=HYPERLINK(""http://builder.page2site.com/sites/add/fbid:1493092124280925"", ""Create"")"
"Bowen Therapy Massage Therapy",32,"AWSM Bowen Therapy Centre","(07) 54459753",http://www.awsmbowen.com.au/,Australia,61,Palmwoods,"Local business","[{""id"":""109578329118821"",""name"":""Massage""}]",52,,209510509209598,http://www.facebook.com/209510509209598,"=HYPERLINK(""http://www.facebook.com/209510509209598/?sk=info"", ""209510509209598"")","=HYPERLINK(""http://builder.page2site.com/sites/add/fbid:209510509209598"", ""Create"")"
"Bowen Therapy Massage Therapy",33,"Michele's massage & Bowen Therapy",0420577882,,Australia,61,Melbourne,Health/medical/pharmacy,"[{""id"":""145118935550090"",""name"":""Medical & Health""}]",2,,585153781502271,http://www.facebook.com/585153781502271,"=HYPERLINK(""http://www.facebook.com/585153781502271/?sk=info"", ""585153781502271"")","=HYPERLINK(""http://builder.page2site.com/sites/add/fbid:585153781502271"", ""Create"")"
"Bowen Therapy Massage Therapy",34,"Remedial Massage & Bowen Therapy",0466588923,,Australia,61,Wangaratta,Health/medical/pharmacy,"[{""id"":""2514"",""name"":""Health\/Medical\/Pharmacy""}]",,,581373768655941,http://www.facebook.com/581373768655941,"=HYPERLINK(""http://www.facebook.com/581373768655941/?sk=info"", ""581373768655941"")","=HYPERLINK(""http://builder.page2site.com/sites/add/fbid:581373768655941"", ""Create"")"
"Bowen Therapy Massage Therapy",35,"Body Vitality Massage Therapy"," (250) 726-8080",http://www.bodyvitality.ca,Canada,1,"Bowen Island",Health/medical/pharmacy,"[{""id"":""109578329118821"",""name"":""Massage""},{""id"":""137847742955715"",""name"":""Clinic""}]",35,,561772327199063,http://www.facebook.com/561772327199063,"=HYPERLINK(""http://www.facebook.com/561772327199063/?sk=info"", ""561772327199063"")","=HYPERLINK(""http://builder.page2site.com/sites/add/fbid:561772327199063"", ""Create"")"
"Bowen Therapy Massage Therapy",36,"Cornwalls Bowen and Sports Therapy Services",01637879374,http://www.hibiscussurfschool.co.uk,"United Kingdom",44,Newquay,Health/medical/pharmacy,"[{""id"":""109578329118821"",""name"":""Massage""}]",74,2,169833213193954,http://www.facebook.com/169833213193954,"=HYPERLINK(""http://www.facebook.com/169833213193954/?sk=info"", ""169833213193954"")","=HYPERLINK(""http://builder.page2site.com/sites/add/fbid:169833213193954"", ""Create"")"
"Bowen Therapy Massage Therapy",37,"Narooma Remedial & Relaxation Massage & Bowen Therapy","0425 788 059",http://www.naroomamassage4u.com.au,Australia,61,Narooma,"Spas/beauty/personal care","[{""id"":""109578329118821"",""name"":""Massage""},{""id"":""200600219953504"",""name"":""Shopping & Retail""}]",1,,1536091599956527,http://www.facebook.com/1536091599956527,"=HYPERLINK(""http://www.facebook.com/1536091599956527/?sk=info"", ""1536091599956527"")","=HYPERLINK(""http://builder.page2site.com/sites/add/fbid:1536091599956527"", ""Create"")"
