Keyword,#,Name,Phone,Website,Country,"Country code",City,Category,"Category List",Likes,"Talking about","Facebook ID","Facebook Url","Facebook Page Link","P2S Website"
"Chinese Massage Therapy",0,"Massage Therapy, chinese massage, relaxing massage in Istanbul",00905075958980,https://sites.google.com/site/istanbultherapymassage/,Turkey,90,Bahçelievler,"Spas/beauty/personal care","[{""id"":""139225689474222"",""name"":""Spa, Beauty & Personal Care""}]",1876,32,522965684383649,http://www.facebook.com/522965684383649,"=HYPERLINK(""http://www.facebook.com/522965684383649/?sk=info"", ""522965684383649"")","=HYPERLINK(""http://builder.page2site.com/sites/add/fbid:522965684383649"", ""Create"")"
"Chinese Massage Therapy",1,"TuiNa- Chinese Massage Therapy",,http://palden.wix.com/tuinalondon,,,,Health/beauty,,280,2,339747376097,http://www.facebook.com/339747376097,"=HYPERLINK(""http://www.facebook.com/339747376097/?sk=info"", ""339747376097"")","=HYPERLINK(""http://builder.page2site.com/sites/add/fbid:339747376097"", ""Create"")"
"Chinese Massage Therapy",2,"Traditional Chinese Massage Therapy and Herbal Medicine","(07) 3901 1122 -  0401426926 ",www.traditionalchineseclinic.com,Australia,61,Wynnum,Health/medical/pharmacy,"[{""id"":""357645644269220"",""name"":""Alternative & Holistic Health""}]",319,3,109284282471402,http://www.facebook.com/109284282471402,"=HYPERLINK(""http://www.facebook.com/109284282471402/?sk=info"", ""109284282471402"")","=HYPERLINK(""http://builder.page2site.com/sites/add/fbid:109284282471402"", ""Create"")"
"Chinese Massage Therapy",3,"Chinese Medicine and Massage Therapy Center","(707) 762-9111",,"United States",1,Petaluma,"Local business","[{""id"":""2500"",""name"":""Local Business""}]",44,,125902890892050,http://www.facebook.com/125902890892050,"=HYPERLINK(""http://www.facebook.com/125902890892050/?sk=info"", ""125902890892050"")","=HYPERLINK(""http://builder.page2site.com/sites/add/fbid:125902890892050"", ""Create"")"
"Chinese Massage Therapy",4,"Professional Chinese Massage Therapy, #220 North Town Centre, 9450-137 Ave",780-782-7410,http://www.prochinesemassage.com,Canada,1,Edmonton,Health/medical/pharmacy,"[{""id"":""109578329118821"",""name"":""Massage""}]",26,,1437188286567491,http://www.facebook.com/1437188286567491,"=HYPERLINK(""http://www.facebook.com/1437188286567491/?sk=info"", ""1437188286567491"")","=HYPERLINK(""http://builder.page2site.com/sites/add/fbid:1437188286567491"", ""Create"")"
"Chinese Massage Therapy",5,"Tong's Authentic Chinese Therapy","(03) 94083786",https://www.facebook.com/tongstherapy,Australia,61,Epping,Health/beauty,"[{""id"":""109578329118821"",""name"":""Massage""},{""id"":""181885068517499"",""name"":""Physical Therapist""},{""id"":""192781160749720"",""name"":""Chiropractor""}]",79,1,348176811993719,http://www.facebook.com/348176811993719,"=HYPERLINK(""http://www.facebook.com/348176811993719/?sk=info"", ""348176811993719"")","=HYPERLINK(""http://builder.page2site.com/sites/add/fbid:348176811993719"", ""Create"")"
"Chinese Massage Therapy",6,"Good Chinese Therapy","08 97587666",https://www.facebook.com/pages/getting_started?page_id=1427588614165362,Australia,61,"Margaret River","Professional services","[{""id"":""109578329118821"",""name"":""Massage""},{""id"":""121549447920861"",""name"":""Acupuncture""}]",62,1,1427588614165362,http://www.facebook.com/1427588614165362,"=HYPERLINK(""http://www.facebook.com/1427588614165362/?sk=info"", ""1427588614165362"")","=HYPERLINK(""http://builder.page2site.com/sites/add/fbid:1427588614165362"", ""Create"")"
"Chinese Massage Therapy",7,"Chinese Massage Therapy","(814) 695-5606",,"United States",1,Hollidaysburg,"Local business","[{""id"":""181885068517499"",""name"":""Physical Therapist""},{""id"":""109578329118821"",""name"":""Massage""},{""id"":""174483852595760"",""name"":""Chinese Restaurant""}]",,,166945426655267,http://www.facebook.com/166945426655267,"=HYPERLINK(""http://www.facebook.com/166945426655267/?sk=info"", ""166945426655267"")","=HYPERLINK(""http://builder.page2site.com/sites/add/fbid:166945426655267"", ""Create"")"
"Chinese Massage Therapy",8,"Chinese Prof. Massage Therapy","(402) 934-8950",,"United States",1,Omaha,"Spas/beauty/personal care","[{""id"":""109578329118821"",""name"":""Massage""}]",,,338646169640307,http://www.facebook.com/338646169640307,"=HYPERLINK(""http://www.facebook.com/338646169640307/?sk=info"", ""338646169640307"")","=HYPERLINK(""http://builder.page2site.com/sites/add/fbid:338646169640307"", ""Create"")"
"Chinese Massage Therapy",9,"Chinese Massage Therapy","(661) 940-5608",,"United States",1,Lancaster,"Local business","[{""id"":""109578329118821"",""name"":""Massage""},{""id"":""174483852595760"",""name"":""Chinese Restaurant""},{""id"":""145118935550090"",""name"":""Medical & Health""}]",,,163799446979019,http://www.facebook.com/163799446979019,"=HYPERLINK(""http://www.facebook.com/163799446979019/?sk=info"", ""163799446979019"")","=HYPERLINK(""http://builder.page2site.com/sites/add/fbid:163799446979019"", ""Create"")"
"Chinese Massage Therapy",10,"Chinese Massage Therapy Center","(413) 732-8398",,"United States",1,Springfield,"Local business","[{""id"":""109578329118821"",""name"":""Massage""},{""id"":""174483852595760"",""name"":""Chinese Restaurant""}]",2,,137772116270701,http://www.facebook.com/137772116270701,"=HYPERLINK(""http://www.facebook.com/137772116270701/?sk=info"", ""137772116270701"")","=HYPERLINK(""http://builder.page2site.com/sites/add/fbid:137772116270701"", ""Create"")"
"Chinese Massage Therapy",11,"Chinese Massage Therapy","(617) 926-0919",,"United States",1,Watertown,"Local business","[{""id"":""109578329118821"",""name"":""Massage""},{""id"":""145118935550090"",""name"":""Medical & Health""},{""id"":""174483852595760"",""name"":""Chinese Restaurant""}]",,,161577003870977,http://www.facebook.com/161577003870977,"=HYPERLINK(""http://www.facebook.com/161577003870977/?sk=info"", ""161577003870977"")","=HYPERLINK(""http://builder.page2site.com/sites/add/fbid:161577003870977"", ""Create"")"
"Chinese Massage Therapy",12,"Tiger Therapy Chinese Massage",,,Australia,61,Bundoora,"Local business","[{""id"":""145118935550090"",""name"":""Medical & Health""}]",2,,139778682761416,http://www.facebook.com/139778682761416,"=HYPERLINK(""http://www.facebook.com/139778682761416/?sk=info"", ""139778682761416"")","=HYPERLINK(""http://builder.page2site.com/sites/add/fbid:139778682761416"", ""Create"")"
"Chinese Massage Therapy",13,"Coral Traditional Chinese Massage & Therapy","09 4893868",http://www.coralhealthmassage.co.nz/,"New Zealand",64,Auckland,"Spas/beauty/personal care","[{""id"":""170598252986387"",""name"":""Occupational Therapist""},{""id"":""181885068517499"",""name"":""Physical Therapist""},{""id"":""109578329118821"",""name"":""Massage""}]",5,,683140361760331,http://www.facebook.com/683140361760331,"=HYPERLINK(""http://www.facebook.com/683140361760331/?sk=info"", ""683140361760331"")","=HYPERLINK(""http://builder.page2site.com/sites/add/fbid:683140361760331"", ""Create"")"
"Chinese Massage Therapy",14,"Shao Ting He Chinese Massage Therapy","(724) 347-6685",,"United States",1,Hermitage,"Local business","[{""id"":""109578329118821"",""name"":""Massage""}]",1,,140865469292632,http://www.facebook.com/140865469292632,"=HYPERLINK(""http://www.facebook.com/140865469292632/?sk=info"", ""140865469292632"")","=HYPERLINK(""http://builder.page2site.com/sites/add/fbid:140865469292632"", ""Create"")"
"Chinese Massage Therapy",15,"Chinese Massage Therapy Center",,,"United States",1,"Los Angeles","Local business","[{""id"":""145118935550090"",""name"":""Medical & Health""},{""id"":""109578329118821"",""name"":""Massage""}]",,,180141085365540,http://www.facebook.com/180141085365540,"=HYPERLINK(""http://www.facebook.com/180141085365540/?sk=info"", ""180141085365540"")","=HYPERLINK(""http://builder.page2site.com/sites/add/fbid:180141085365540"", ""Create"")"
"Chinese Massage Therapy",16,"Hongwei's Chinese Massage Therapy","(724) 431-0435",,"United States",1,Butler,"Local business","[{""id"":""109578329118821"",""name"":""Massage""},{""id"":""174483852595760"",""name"":""Chinese Restaurant""}]",1,,162888940396021,http://www.facebook.com/162888940396021,"=HYPERLINK(""http://www.facebook.com/162888940396021/?sk=info"", ""162888940396021"")","=HYPERLINK(""http://builder.page2site.com/sites/add/fbid:162888940396021"", ""Create"")"
"Chinese Massage Therapy",17,"Chinese Therapy Center","(805) 653-5988",,"United States",1,Ventura,"Local business","[{""id"":""181885068517499"",""name"":""Physical Therapist""},{""id"":""109578329118821"",""name"":""Massage""},{""id"":""174483852595760"",""name"":""Chinese Restaurant""}]",,,134072549977758,http://www.facebook.com/134072549977758,"=HYPERLINK(""http://www.facebook.com/134072549977758/?sk=info"", ""134072549977758"")","=HYPERLINK(""http://builder.page2site.com/sites/add/fbid:134072549977758"", ""Create"")"
"Chinese Massage Therapy",18,"Chinese Medicine, Acupuncture, Massage Therapy","(925) 388-6339",,"United States",1,Lafayette,Health/medical/pharmacy,"[{""id"":""145118935550090"",""name"":""Medical & Health""}]",,,237490162937281,http://www.facebook.com/237490162937281,"=HYPERLINK(""http://www.facebook.com/237490162937281/?sk=info"", ""237490162937281"")","=HYPERLINK(""http://builder.page2site.com/sites/add/fbid:237490162937281"", ""Create"")"
"Chinese Massage Therapy",19,"Wang NA Chinese Massage Therapy","(412) 761-2211",,"United States",1,Bellevue,"Local business","[{""id"":""109578329118821"",""name"":""Massage""},{""id"":""174483852595760"",""name"":""Chinese Restaurant""}]",2,,155258604514635,http://www.facebook.com/155258604514635,"=HYPERLINK(""http://www.facebook.com/155258604514635/?sk=info"", ""155258604514635"")","=HYPERLINK(""http://builder.page2site.com/sites/add/fbid:155258604514635"", ""Create"")"
"Chinese Massage Therapy",20,"Shao Ping He Chinese Massage Therapy","(724) 745-6685",,"United States",1,Canonsburg,"Local business","[{""id"":""109578329118821"",""name"":""Massage""},{""id"":""174483852595760"",""name"":""Chinese Restaurant""}]",1,,151359068239857,http://www.facebook.com/151359068239857,"=HYPERLINK(""http://www.facebook.com/151359068239857/?sk=info"", ""151359068239857"")","=HYPERLINK(""http://builder.page2site.com/sites/add/fbid:151359068239857"", ""Create"")"
"Chinese Massage Therapy",21,"Shao Ping He Chinese Massage Therapy","(724) 444-6685",,"United States",1,Gibsonia,"Local business","[{""id"":""109578329118821"",""name"":""Massage""},{""id"":""174483852595760"",""name"":""Chinese Restaurant""}]",,,154270994611714,http://www.facebook.com/154270994611714,"=HYPERLINK(""http://www.facebook.com/154270994611714/?sk=info"", ""154270994611714"")","=HYPERLINK(""http://builder.page2site.com/sites/add/fbid:154270994611714"", ""Create"")"
"Chinese Massage Therapy",22,"Chinese Traditional Therapy Center","(281) 495-2558",,"United States",1,Houston,"Local business","[{""id"":""109578329118821"",""name"":""Massage""},{""id"":""181044611932826"",""name"":""Allergist""},{""id"":""174483852595760"",""name"":""Chinese Restaurant""}]",1,,159658630722083,http://www.facebook.com/159658630722083,"=HYPERLINK(""http://www.facebook.com/159658630722083/?sk=info"", ""159658630722083"")","=HYPERLINK(""http://builder.page2site.com/sites/add/fbid:159658630722083"", ""Create"")"
"Chinese Massage Therapy",23,"Equilibrium Chinese Medicine & Therapy Clinic","0207 780 1888, 0791779 5580",http://www.equilibriumE1.co.uk,"United Kingdom",44,London,Hospital/clinic,"[{""id"":""121549447920861"",""name"":""Acupuncture""},{""id"":""109578329118821"",""name"":""Massage""}]",8,,368378653281627,http://www.facebook.com/368378653281627,"=HYPERLINK(""http://www.facebook.com/368378653281627/?sk=info"", ""368378653281627"")","=HYPERLINK(""http://builder.page2site.com/sites/add/fbid:368378653281627"", ""Create"")"
"Chinese Massage Therapy",24,"New Youhao Chinese Therapy Centre 新友好中医推拿","+65 62993983",http://newyouhao.wordpress.com/,Singapore,65,Singapore,"Local business","[{""id"":""109578329118821"",""name"":""Massage""},{""id"":""170598252986387"",""name"":""Occupational Therapist""},{""id"":""259030350843802"",""name"":""Aromatherapy""}]",6,,748404675181186,http://www.facebook.com/748404675181186,"=HYPERLINK(""http://www.facebook.com/748404675181186/?sk=info"", ""748404675181186"")","=HYPERLINK(""http://builder.page2site.com/sites/add/fbid:748404675181186"", ""Create"")"
"Chinese Massage Therapy",25,"Ido Kompano - chinese madison & massage therapy",0544279377,,Israel,972,"Tel Aviv",Health/medical/pharmacy,"[{""id"":""357645644269220"",""name"":""Alternative & Holistic Health""},{""id"":""109578329118821"",""name"":""Massage""},{""id"":""121549447920861"",""name"":""Acupuncture""}]",1,,429983540456773,http://www.facebook.com/429983540456773,"=HYPERLINK(""http://www.facebook.com/429983540456773/?sk=info"", ""429983540456773"")","=HYPERLINK(""http://builder.page2site.com/sites/add/fbid:429983540456773"", ""Create"")"
"Chinese Massage Therapy",26,"Bao Zhi Tang Chinese Therapy Center",,,Singapore,65,Singapore,"Local business","[{""id"":""109578329118821"",""name"":""Massage""}]",,,389705927777950,http://www.facebook.com/389705927777950,"=HYPERLINK(""http://www.facebook.com/389705927777950/?sk=info"", ""389705927777950"")","=HYPERLINK(""http://builder.page2site.com/sites/add/fbid:389705927777950"", ""Create"")"
