Keyword,#,Name,Phone,Website,Country,"Country code",City,Category,"Category List",Likes,"Talking about","Facebook ID","Facebook Url","Facebook Page Link","P2S Website"
"Cosmetics Beauty Salon",0,"EV Cosmetics & Beauty Salon",22310108,www.ev.co.ls,Lesotho,266,Maseru,"Spas/beauty/personal care","[{""id"":""139225689474222"",""name"":""Spa, Beauty & Personal Care""}]",620,3,246039978852795,http://www.facebook.com/246039978852795,"=HYPERLINK(""http://www.facebook.com/246039978852795/?sk=info"", ""246039978852795"")","=HYPERLINK(""http://builder.page2site.com/sites/add/fbid:246039978852795"", ""Create"")"
"Cosmetics Beauty Salon",1,"Beauty Salon &  Dirce Cosmetics",002382616021,"https://www.oasisatlantico.com/index.aspx?p=HotelPage&HotelId=21 ","Cape Verde",238,Praia,"Local business",,645,,147704011937714,http://www.facebook.com/147704011937714,"=HYPERLINK(""http://www.facebook.com/147704011937714/?sk=info"", ""147704011937714"")","=HYPERLINK(""http://builder.page2site.com/sites/add/fbid:147704011937714"", ""Create"")"
"Cosmetics Beauty Salon",2,"Beauty Salon Felicia Cosmetics",0234362057,,Romania,40,Bacau,"Spas/beauty/personal care",,154,1,174854105986762,http://www.facebook.com/174854105986762,"=HYPERLINK(""http://www.facebook.com/174854105986762/?sk=info"", ""174854105986762"")","=HYPERLINK(""http://builder.page2site.com/sites/add/fbid:174854105986762"", ""Create"")"
"Cosmetics Beauty Salon",3,"Beauty & Beyond,   Permanent Cosmetics and Full Service Salon","(573) 447-0272",http://ColumbiaMoSalon.com,"United States",1,Columbia,"Spas/beauty/personal care","[{""id"":""139225689474222"",""name"":""Spa, Beauty & Personal Care""}]",295,,111412008946853,http://www.facebook.com/111412008946853,"=HYPERLINK(""http://www.facebook.com/111412008946853/?sk=info"", ""111412008946853"")","=HYPERLINK(""http://builder.page2site.com/sites/add/fbid:111412008946853"", ""Create"")"
"Cosmetics Beauty Salon",4,"Ntalee cosmetics & beauty salon",,,,,,Health/beauty,,83,2,1486527411584427,http://www.facebook.com/1486527411584427,"=HYPERLINK(""http://www.facebook.com/1486527411584427/?sk=info"", ""1486527411584427"")","=HYPERLINK(""http://builder.page2site.com/sites/add/fbid:1486527411584427"", ""Create"")"
"Cosmetics Beauty Salon",5,"Beauty-Salon Feel Happy Cosmetics",,http://www.feelhappycosmetics.nl,,,,Health/beauty,,31,16,1493848284203212,http://www.facebook.com/1493848284203212,"=HYPERLINK(""http://www.facebook.com/1493848284203212/?sk=info"", ""1493848284203212"")","=HYPERLINK(""http://builder.page2site.com/sites/add/fbid:1493848284203212"", ""Create"")"
"Cosmetics Beauty Salon",6,"Salon Firmowy Eclair Cosmetics Beauty Nails & Lashes",515177511,https://www.facebook.com/beata.przekoracka?ref=tn_tnmn,Poland,48,Słubice,"Spas/beauty/personal care",,142,1,101863236650753,http://www.facebook.com/101863236650753,"=HYPERLINK(""http://www.facebook.com/101863236650753/?sk=info"", ""101863236650753"")","=HYPERLINK(""http://builder.page2site.com/sites/add/fbid:101863236650753"", ""Create"")"
"Cosmetics Beauty Salon",7,"Hans Cosmetics Beauty Supply and Salon","(626) 338-5358","http://www.yelp.com/biz/hans-cosmetics-baldwin-park http://www.youtube.com/user/HansCosmetics","United States",1,"Baldwin Park","Spas/beauty/personal care","[{""id"":""199236533423806"",""name"":""Beauty Salon""},{""id"":""191693100854505"",""name"":""Hair & Beauty Supply""},{""id"":""144873802247220"",""name"":""Cosmetics & Beauty Supply""}]",231,10,199421693404679,http://www.facebook.com/199421693404679,"=HYPERLINK(""http://www.facebook.com/199421693404679/?sk=info"", ""199421693404679"")","=HYPERLINK(""http://builder.page2site.com/sites/add/fbid:199421693404679"", ""Create"")"
"Cosmetics Beauty Salon",8,"Japhem beauty salon and cosmetics",0715095283,,,,,"Business services",,27,1,1436846353233810,http://www.facebook.com/1436846353233810,"=HYPERLINK(""http://www.facebook.com/1436846353233810/?sk=info"", ""1436846353233810"")","=HYPERLINK(""http://builder.page2site.com/sites/add/fbid:1436846353233810"", ""Create"")"
"Cosmetics Beauty Salon",9,"Fabelle Cosmetics and Beauty Salon","057 8681728",,Ireland,353,"Port Laoise","Spas/beauty/personal care","[{""id"":""139225689474222"",""name"":""Spa, Beauty & Personal Care""}]",14,,172203309502722,http://www.facebook.com/172203309502722,"=HYPERLINK(""http://www.facebook.com/172203309502722/?sk=info"", ""172203309502722"")","=HYPERLINK(""http://builder.page2site.com/sites/add/fbid:172203309502722"", ""Create"")"
"Cosmetics Beauty Salon",10,"Saloni Health & Beauty Supply","+92 (042) 3591-5290 ",http://www.saloni.pk,Pakistan,92,Lahore,Health/beauty,"[{""id"":""138322342904312"",""name"":""Skin Care""},{""id"":""191693100854505"",""name"":""Hair & Beauty Supply""},{""id"":""144873802247220"",""name"":""Cosmetics & Beauty Supply""}]",108345,8883,451750774927804,http://www.facebook.com/451750774927804,"=HYPERLINK(""http://www.facebook.com/451750774927804/?sk=info"", ""451750774927804"")","=HYPERLINK(""http://builder.page2site.com/sites/add/fbid:451750774927804"", ""Create"")"
"Cosmetics Beauty Salon",11,"Dr. Flys Salon","(417) 623-6000",drflyssalon.com,"United States",1,Joplin,"Spas/beauty/personal care","[{""id"":""139225689474222"",""name"":""Spa, Beauty & Personal Care""}]",3937,25,132539570916,http://www.facebook.com/132539570916,"=HYPERLINK(""http://www.facebook.com/132539570916/?sk=info"", ""132539570916"")","=HYPERLINK(""http://builder.page2site.com/sites/add/fbid:132539570916"", ""Create"")"
"Cosmetics Beauty Salon",12,"Milvali Salon & Cosmetics","(415) 409-1500      415 388-0988",http://www.milvali.com,"United States",1,"San Francisco","Spas/beauty/personal care","[{""id"":""199236533423806"",""name"":""Beauty Salon""},{""id"":""181550638549454"",""name"":""Hairpieces & Extensions""},{""id"":""185600691480842"",""name"":""Tanning Salon""}]",3299,17,17759928946,http://www.facebook.com/17759928946,"=HYPERLINK(""http://www.facebook.com/17759928946/?sk=info"", ""17759928946"")","=HYPERLINK(""http://builder.page2site.com/sites/add/fbid:17759928946"", ""Create"")"
"Cosmetics Beauty Salon",13,"Zeni Beauty & Cosmetic Salon & Shop",03081827710,,Germany,49,Berlin,"Spas/beauty/personal care","[{""id"":""139225689474222"",""name"":""Spa, Beauty & Personal Care""}]",79,2,601646586577309,http://www.facebook.com/601646586577309,"=HYPERLINK(""http://www.facebook.com/601646586577309/?sk=info"", ""601646586577309"")","=HYPERLINK(""http://builder.page2site.com/sites/add/fbid:601646586577309"", ""Create"")"
"Cosmetics Beauty Salon",14,"Merle Norman Cosmetics & Beauty Salon","(334) 347-8344",,"United States",1,Enterprise,"Local business","[{""id"":""199236533423806"",""name"":""Beauty Salon""},{""id"":""187133811318958"",""name"":""Business Services""}]",25,,375733026769,http://www.facebook.com/375733026769,"=HYPERLINK(""http://www.facebook.com/375733026769/?sk=info"", ""375733026769"")","=HYPERLINK(""http://builder.page2site.com/sites/add/fbid:375733026769"", ""Create"")"
"Cosmetics Beauty Salon",15,"PHD Perfumes, Cosmetics & Beauty Salon - Potchefstroom","018 294 6696",,"South Africa",27,Potchefstroom,"Professional services","[{""id"":""199236533423806"",""name"":""Beauty Salon""},{""id"":""144873802247220"",""name"":""Cosmetics & Beauty Supply""}]",64,,1409117945990838,http://www.facebook.com/1409117945990838,"=HYPERLINK(""http://www.facebook.com/1409117945990838/?sk=info"", ""1409117945990838"")","=HYPERLINK(""http://builder.page2site.com/sites/add/fbid:1409117945990838"", ""Create"")"
"Cosmetics Beauty Salon",16,"Liwet Beauty & Cosmetic Salon",,,Slovakia,421,Nitra,Health/beauty,"[{""id"":""2214"",""name"":""Health\/Beauty""}]",82,,466794686692717,http://www.facebook.com/466794686692717,"=HYPERLINK(""http://www.facebook.com/466794686692717/?sk=info"", ""466794686692717"")","=HYPERLINK(""http://builder.page2site.com/sites/add/fbid:466794686692717"", ""Create"")"
"Cosmetics Beauty Salon",17,"Elegant beauty and cosmetics salon","071 491 6030",,"South Africa",27,Welkom,"Spas/beauty/personal care","[{""id"":""139225689474222"",""name"":""Spa, Beauty & Personal Care""}]",20,1,464874473615822,http://www.facebook.com/464874473615822,"=HYPERLINK(""http://www.facebook.com/464874473615822/?sk=info"", ""464874473615822"")","=HYPERLINK(""http://builder.page2site.com/sites/add/fbid:464874473615822"", ""Create"")"
"Cosmetics Beauty Salon",18,"Vision of Beauty Salon, Cosmetics & Events",,"http://Www.visionofbeautyevents.com http://www.twitter.com/vobcosmetics",,,,Health/beauty,,626,3,139008569624942,http://www.facebook.com/139008569624942,"=HYPERLINK(""http://www.facebook.com/139008569624942/?sk=info"", ""139008569624942"")","=HYPERLINK(""http://builder.page2site.com/sites/add/fbid:139008569624942"", ""Create"")"
"Cosmetics Beauty Salon",19,"Green Beauty Creations - Day Spa salon","(408) 532-1888",http://www.greenbeautycreation.com/about-us/,"United States",1,"San Jose","Spas/beauty/personal care","[{""id"":""205950169432461"",""name"":""Day Spa""},{""id"":""169758603141095"",""name"":""Barber Shop""},{""id"":""174177802634376"",""name"":""Hair Salon""}]",113,,263420523673110,http://www.facebook.com/263420523673110,"=HYPERLINK(""http://www.facebook.com/263420523673110/?sk=info"", ""263420523673110"")","=HYPERLINK(""http://builder.page2site.com/sites/add/fbid:263420523673110"", ""Create"")"
"Cosmetics Beauty Salon",20,"Lavish Hair Studio/Just for You Salon & Spa Motives Cosmetics","(480) 430-1177","http://www.motivescosmetics.com/lavishlifestyles www.isotonix.com/lavishlifestyles","United States",1,Tempe,"Spas/beauty/personal care","[{""id"":""199236533423806"",""name"":""Beauty Salon""}]",816,2,143721422393335,http://www.facebook.com/143721422393335,"=HYPERLINK(""http://www.facebook.com/143721422393335/?sk=info"", ""143721422393335"")","=HYPERLINK(""http://builder.page2site.com/sites/add/fbid:143721422393335"", ""Create"")"
"Cosmetics Beauty Salon",21,"The One Hair Salon","(513) 932-4912",www.theonehairsalon.com,"United States",1,Lebanon,"Local business","[{""id"":""199236533423806"",""name"":""Beauty Salon""},{""id"":""144873802247220"",""name"":""Cosmetics & Beauty Supply""}]",2288,121,133590126693880,http://www.facebook.com/133590126693880,"=HYPERLINK(""http://www.facebook.com/133590126693880/?sk=info"", ""133590126693880"")","=HYPERLINK(""http://builder.page2site.com/sites/add/fbid:133590126693880"", ""Create"")"
"Cosmetics Beauty Salon",22,"Confidence Beauty Salon And Spa.","(212) 213-3636",Confidencebeautysalon.com,"United States",1,"New York","Local business","[{""id"":""199236533423806"",""name"":""Beauty Salon""},{""id"":""200814353265561"",""name"":""Spa""},{""id"":""144873802247220"",""name"":""Cosmetics & Beauty Supply""}]",2347,11,136989759691356,http://www.facebook.com/136989759691356,"=HYPERLINK(""http://www.facebook.com/136989759691356/?sk=info"", ""136989759691356"")","=HYPERLINK(""http://builder.page2site.com/sites/add/fbid:136989759691356"", ""Create"")"
"Cosmetics Beauty Salon",23,"Pink Beauty Salon","(713) 289-4420",<<not-applicable>>,"United States",1,Pasadena,"Spas/beauty/personal care","[{""id"":""174177802634376"",""name"":""Hair Salon""},{""id"":""146059155460366"",""name"":""Makeup Artist""},{""id"":""198516863494646"",""name"":""Nail Salon""}]",2000,86,452040321493982,http://www.facebook.com/452040321493982,"=HYPERLINK(""http://www.facebook.com/452040321493982/?sk=info"", ""452040321493982"")","=HYPERLINK(""http://builder.page2site.com/sites/add/fbid:452040321493982"", ""Create"")"
"Cosmetics Beauty Salon",24,"Navaratna Ladies Cosmetic & Personal Care","+97143960772/ 0559173753",http://www.facebook.com/NavaratnaNaturalBeautySalonDubai,"United Arab Emirates",971,Dubai,"Spas/beauty/personal care","[{""id"":""138322342904312"",""name"":""Skin Care""},{""id"":""144873802247220"",""name"":""Cosmetics & Beauty Supply""},{""id"":""199236533423806"",""name"":""Beauty Salon""}]",309,34,766499343406624,http://www.facebook.com/766499343406624,"=HYPERLINK(""http://www.facebook.com/766499343406624/?sk=info"", ""766499343406624"")","=HYPERLINK(""http://builder.page2site.com/sites/add/fbid:766499343406624"", ""Create"")"
"Cosmetics Beauty Salon",25,"In His Image Beauty Salon And Cosmetics",519-830-3575,none,Canada,1,Guelph,"Local business","[{""id"":""2500"",""name"":""Local Business""}]",47,,267014242725,http://www.facebook.com/267014242725,"=HYPERLINK(""http://www.facebook.com/267014242725/?sk=info"", ""267014242725"")","=HYPERLINK(""http://builder.page2site.com/sites/add/fbid:267014242725"", ""Create"")"
"Cosmetics Beauty Salon",26,"Dream Ladies Beauty Salon And Cosmetics",0025290299994,,Somalia,252,Bosasso,"Spas/beauty/personal care",,204,,334922016589577,http://www.facebook.com/334922016589577,"=HYPERLINK(""http://www.facebook.com/334922016589577/?sk=info"", ""334922016589577"")","=HYPERLINK(""http://builder.page2site.com/sites/add/fbid:334922016589577"", ""Create"")"
"Cosmetics Beauty Salon",27,"ADI JACOB Beauty&Cosmetics",054-8084174,,Israel,972,"Ness Ziona","Spas/beauty/personal care",,105,68,438470226284655,http://www.facebook.com/438470226284655,"=HYPERLINK(""http://www.facebook.com/438470226284655/?sk=info"", ""438470226284655"")","=HYPERLINK(""http://builder.page2site.com/sites/add/fbid:438470226284655"", ""Create"")"
"Cosmetics Beauty Salon",28,"Strawberry Hair Beauty Salon and Cosmetic Studio","(740) 446-2673",,"United States",1,Gallipolis,"Local business","[{""id"":""199236533423806"",""name"":""Beauty Salon""},{""id"":""198516863494646"",""name"":""Nail Salon""},{""id"":""144873802247220"",""name"":""Cosmetics & Beauty Supply""}]",1056,38,102184903157336,http://www.facebook.com/102184903157336,"=HYPERLINK(""http://www.facebook.com/102184903157336/?sk=info"", ""102184903157336"")","=HYPERLINK(""http://builder.page2site.com/sites/add/fbid:102184903157336"", ""Create"")"
"Cosmetics Beauty Salon",29,"Nikkis Fashion and Cosmetics Beauty Salon",004796854288,,Norway,47,Oslo,Shopping/retail,"[{""id"":""186230924744328"",""name"":""Clothing Store""},{""id"":""191693100854505"",""name"":""Hair & Beauty Supply""}]",26,,769393316473990,http://www.facebook.com/769393316473990,"=HYPERLINK(""http://www.facebook.com/769393316473990/?sk=info"", ""769393316473990"")","=HYPERLINK(""http://builder.page2site.com/sites/add/fbid:769393316473990"", ""Create"")"
"Cosmetics Beauty Salon",30,"Rojas De La Cruz Salon,  Cosmetic Tattoo & Beauty Treatments.",0432925480,,Australia,61,"Forest Lake","Spas/beauty/personal care","[{""id"":""196188420407122"",""name"":""Tattoo & Piercing""},{""id"":""199236533423806"",""name"":""Beauty Salon""},{""id"":""146059155460366"",""name"":""Makeup Artist""}]",155,12,734765883213358,http://www.facebook.com/734765883213358,"=HYPERLINK(""http://www.facebook.com/734765883213358/?sk=info"", ""734765883213358"")","=HYPERLINK(""http://builder.page2site.com/sites/add/fbid:734765883213358"", ""Create"")"
"Cosmetics Beauty Salon",31,"Mermic Salon ,barber Shop& Cosmetics Beauty Shop",0711276772,,Kenya,254,Kisii,"Spas/beauty/personal care","[{""id"":""199236533423806"",""name"":""Beauty Salon""},{""id"":""144873802247220"",""name"":""Cosmetics & Beauty Supply""},{""id"":""169758603141095"",""name"":""Barber Shop""}]",110,,447722175316001,http://www.facebook.com/447722175316001,"=HYPERLINK(""http://www.facebook.com/447722175316001/?sk=info"", ""447722175316001"")","=HYPERLINK(""http://builder.page2site.com/sites/add/fbid:447722175316001"", ""Create"")"
"Cosmetics Beauty Salon",32,"Jenna beauty salon,boutique &cosmetics","720349619 ",http://www.ncpb.co.ke,Kenya,254,Nairobi,"Local business","[{""id"":""2500"",""name"":""Local Business""}]",42,,637637409605181,http://www.facebook.com/637637409605181,"=HYPERLINK(""http://www.facebook.com/637637409605181/?sk=info"", ""637637409605181"")","=HYPERLINK(""http://builder.page2site.com/sites/add/fbid:637637409605181"", ""Create"")"
"Cosmetics Beauty Salon",33,"Nikki,s fashion and cosmetics beauty salon",004796854288,http://www.nikkisfashionandcosmetics.com,Norway,47,Oslo,"Attractions/things to do","[{""id"":""191693100854505"",""name"":""Hair & Beauty Supply""}]",25,1,528709830504063,http://www.facebook.com/528709830504063,"=HYPERLINK(""http://www.facebook.com/528709830504063/?sk=info"", ""528709830504063"")","=HYPERLINK(""http://builder.page2site.com/sites/add/fbid:528709830504063"", ""Create"")"
"Cosmetics Beauty Salon",34,"Permanently Beautiful Cosmetics in Shear Heaven Salon and Spa","(775) 901-1739",http://Shearheavensalonnv.com,"United States",1,Gardnerville,"Local business","[{""id"":""2500"",""name"":""Local Business""}]",93,,109507525778516,http://www.facebook.com/109507525778516,"=HYPERLINK(""http://www.facebook.com/109507525778516/?sk=info"", ""109507525778516"")","=HYPERLINK(""http://builder.page2site.com/sites/add/fbid:109507525778516"", ""Create"")"
"Cosmetics Beauty Salon",35,"Naakfattu beauty & cosmetic salon",002209983422,,"The Gambia",,Kanifing,"Spas/beauty/personal care",,25,,331377410289974,http://www.facebook.com/331377410289974,"=HYPERLINK(""http://www.facebook.com/331377410289974/?sk=info"", ""331377410289974"")","=HYPERLINK(""http://builder.page2site.com/sites/add/fbid:331377410289974"", ""Create"")"
"Cosmetics Beauty Salon",36,"Mocobrand cosmetics, beauty & hair salon",0715817431,,Kenya,254,Kisumu,"Spas/beauty/personal care","[{""id"":""144873802247220"",""name"":""Cosmetics & Beauty Supply""},{""id"":""174177802634376"",""name"":""Hair Salon""}]",68,1,600337003395354,http://www.facebook.com/600337003395354,"=HYPERLINK(""http://www.facebook.com/600337003395354/?sk=info"", ""600337003395354"")","=HYPERLINK(""http://builder.page2site.com/sites/add/fbid:600337003395354"", ""Create"")"
"Cosmetics Beauty Salon",37,"Julie's Beauty & Cosmetic Salon",0761289383,,"South Africa",27,Johannesburg,"Spas/beauty/personal care",,36,,424098967654572,http://www.facebook.com/424098967654572,"=HYPERLINK(""http://www.facebook.com/424098967654572/?sk=info"", ""424098967654572"")","=HYPERLINK(""http://builder.page2site.com/sites/add/fbid:424098967654572"", ""Create"")"
"Cosmetics Beauty Salon",38,"M&R  Salon & Cosmetics Supplies",09289724604.,,Philippines,63,"San Francisco","Spas/beauty/personal care",,54,,373271452695290,http://www.facebook.com/373271452695290,"=HYPERLINK(""http://www.facebook.com/373271452695290/?sk=info"", ""373271452695290"")","=HYPERLINK(""http://builder.page2site.com/sites/add/fbid:373271452695290"", ""Create"")"
"Cosmetics Beauty Salon",39,"princes petra beauty salon and cosmetics",,,Kenya,254,Mombasa,Company,,,,278110842387899,http://www.facebook.com/278110842387899,"=HYPERLINK(""http://www.facebook.com/278110842387899/?sk=info"", ""278110842387899"")","=HYPERLINK(""http://builder.page2site.com/sites/add/fbid:278110842387899"", ""Create"")"
"Cosmetics Beauty Salon",40,"Boichoko Hair & Beauty Salon - Cosmetically",,,,,,"Business services",,18,,1471057719825580,http://www.facebook.com/1471057719825580,"=HYPERLINK(""http://www.facebook.com/1471057719825580/?sk=info"", ""1471057719825580"")","=HYPERLINK(""http://builder.page2site.com/sites/add/fbid:1471057719825580"", ""Create"")"
"Cosmetics Beauty Salon",41,"Vash Beauty Cosmetics, Photo Studio and Salon.",,,,,,"Business services",,8,1,658541777516194,http://www.facebook.com/658541777516194,"=HYPERLINK(""http://www.facebook.com/658541777516194/?sk=info"", ""658541777516194"")","=HYPERLINK(""http://builder.page2site.com/sites/add/fbid:658541777516194"", ""Create"")"
"Cosmetics Beauty Salon",42,"Regis Hair Salon ,beauty Cosmetics and Ladies Wear",0713718854,http://facebook.regis,Kenya,254,Nairobi,"Spas/beauty/personal care","[{""id"":""191693100854505"",""name"":""Hair & Beauty Supply""},{""id"":""174177802634376"",""name"":""Hair Salon""}]",17,,134625110070578,http://www.facebook.com/134625110070578,"=HYPERLINK(""http://www.facebook.com/134625110070578/?sk=info"", ""134625110070578"")","=HYPERLINK(""http://builder.page2site.com/sites/add/fbid:134625110070578"", ""Create"")"
"Cosmetics Beauty Salon",43,"Fatima Mua at Pretty Woman Cosmetics",647.501.9269,http://www.prettywomancosmetics.ca/,Canada,1,Mississauga,"Spas/beauty/personal care","[{""id"":""139225689474222"",""name"":""Spa, Beauty & Personal Care""}]",251,,435110763250478,http://www.facebook.com/435110763250478,"=HYPERLINK(""http://www.facebook.com/435110763250478/?sk=info"", ""435110763250478"")","=HYPERLINK(""http://builder.page2site.com/sites/add/fbid:435110763250478"", ""Create"")"
"Cosmetics Beauty Salon",44,"Saa Cosmetic Beauty & Salon",019-9858867,,Malaysia,60,"Rantau Panjang","Spas/beauty/personal care",,26,,204740769619218,http://www.facebook.com/204740769619218,"=HYPERLINK(""http://www.facebook.com/204740769619218/?sk=info"", ""204740769619218"")","=HYPERLINK(""http://builder.page2site.com/sites/add/fbid:204740769619218"", ""Create"")"
"Cosmetics Beauty Salon",45,"Kolour Me Beautiful Salon and Cosmetics Studio",,http://kolourmebeautiful.com,"United States",1,Laurel,"Spas/beauty/personal care","[{""id"":""139225689474222"",""name"":""Spa, Beauty & Personal Care""}]",81,2,413811918651724,http://www.facebook.com/413811918651724,"=HYPERLINK(""http://www.facebook.com/413811918651724/?sk=info"", ""413811918651724"")","=HYPERLINK(""http://builder.page2site.com/sites/add/fbid:413811918651724"", ""Create"")"
"Cosmetics Beauty Salon",46,"Johanne Cosmetic - ג'ואן קוסמטיקס",050-8861771,,Israel,972,Ashdod,"Local business",,29,,114744875368791,http://www.facebook.com/114744875368791,"=HYPERLINK(""http://www.facebook.com/114744875368791/?sk=info"", ""114744875368791"")","=HYPERLINK(""http://builder.page2site.com/sites/add/fbid:114744875368791"", ""Create"")"
"Cosmetics Beauty Salon",47,"Elite class beauty salon and cosmetic",,,,,,Health/beauty,,32,,268894883249310,http://www.facebook.com/268894883249310,"=HYPERLINK(""http://www.facebook.com/268894883249310/?sk=info"", ""268894883249310"")","=HYPERLINK(""http://builder.page2site.com/sites/add/fbid:268894883249310"", ""Create"")"
"Cosmetics Beauty Salon",48,"Ilhaam Beauty Salon & Cosmetic Shop Moyale",,http://www.facebook/ilhaam,,,,Health/beauty,,15,,654598564555753,http://www.facebook.com/654598564555753,"=HYPERLINK(""http://www.facebook.com/654598564555753/?sk=info"", ""654598564555753"")","=HYPERLINK(""http://builder.page2site.com/sites/add/fbid:654598564555753"", ""Create"")"
"Cosmetics Beauty Salon",49,"DEAN & DIVA Salon  Hair Beauty Cosmetic Barber Shop","0708438476 (local call)",,,,,Health/beauty,,,,769805123067356,http://www.facebook.com/769805123067356,"=HYPERLINK(""http://www.facebook.com/769805123067356/?sk=info"", ""769805123067356"")","=HYPERLINK(""http://builder.page2site.com/sites/add/fbid:769805123067356"", ""Create"")"
"Cosmetics Beauty Salon",50,"Cosmetic Brands","012 910 907",,Cambodia,855,"Siem Reap","Local business","[{""id"":""199236533423806"",""name"":""Beauty Salon""},{""id"":""144873802247220"",""name"":""Cosmetics & Beauty Supply""}]",104,7,142891369119203,http://www.facebook.com/142891369119203,"=HYPERLINK(""http://www.facebook.com/142891369119203/?sk=info"", ""142891369119203"")","=HYPERLINK(""http://builder.page2site.com/sites/add/fbid:142891369119203"", ""Create"")"
"Cosmetics Beauty Salon",51,"Beauty salon ""5stars""","+385 35 410 741",www.5stars.hr,Croatia,385,"Slavonski Brod","Local business","[{""id"":""144873802247220"",""name"":""Cosmetics & Beauty Supply""}]",26179,144,189111061136904,http://www.facebook.com/189111061136904,"=HYPERLINK(""http://www.facebook.com/189111061136904/?sk=info"", ""189111061136904"")","=HYPERLINK(""http://builder.page2site.com/sites/add/fbid:189111061136904"", ""Create"")"
"Cosmetics Beauty Salon",52,"Signature Nail Salon","(972) 548-2990",,"United States",1,McKinney,"Local business","[{""id"":""198516863494646"",""name"":""Nail Salon""},{""id"":""144873802247220"",""name"":""Cosmetics & Beauty Supply""}]",99,6,110605392336697,http://www.facebook.com/110605392336697,"=HYPERLINK(""http://www.facebook.com/110605392336697/?sk=info"", ""110605392336697"")","=HYPERLINK(""http://builder.page2site.com/sites/add/fbid:110605392336697"", ""Create"")"
"Cosmetics Beauty Salon",53,"Fleur d'Ulysses Beauty Salon","25613915/9 - 99307960",<<not-applicable>>,Kuwait,965,Salmiya,"Spas/beauty/personal care","[{""id"":""199236533423806"",""name"":""Beauty Salon""},{""id"":""144873802247220"",""name"":""Cosmetics & Beauty Supply""},{""id"":""191693100854505"",""name"":""Hair & Beauty Supply""}]",8392,637,334584923280902,http://www.facebook.com/334584923280902,"=HYPERLINK(""http://www.facebook.com/334584923280902/?sk=info"", ""334584923280902"")","=HYPERLINK(""http://builder.page2site.com/sites/add/fbid:334584923280902"", ""Create"")"
"Cosmetics Beauty Salon",54,"Just Hair Unisex Salon, Abuja","2348036329313; 2348099094631;  2348099093566; PIN: 2AF8C1C0",http://www.justhaironline.com,Nigeria,234,Abuja,"Spas/beauty/personal care","[{""id"":""174177802634376"",""name"":""Hair Salon""},{""id"":""169758603141095"",""name"":""Barber Shop""},{""id"":""144873802247220"",""name"":""Cosmetics & Beauty Supply""}]",2050,5,1401623196747594,http://www.facebook.com/1401623196747594,"=HYPERLINK(""http://www.facebook.com/1401623196747594/?sk=info"", ""1401623196747594"")","=HYPERLINK(""http://builder.page2site.com/sites/add/fbid:1401623196747594"", ""Create"")"
"Cosmetics Beauty Salon",55,"Even-Cosmetics Naildesign","05606 / 2225",www.even-cosmetics.de,Germany,49,Zierenberg,Health/beauty,"[{""id"":""200600219953504"",""name"":""Shopping & Retail""},{""id"":""198516863494646"",""name"":""Nail Salon""}]",12843,393,125480857508366,http://www.facebook.com/125480857508366,"=HYPERLINK(""http://www.facebook.com/125480857508366/?sk=info"", ""125480857508366"")","=HYPERLINK(""http://builder.page2site.com/sites/add/fbid:125480857508366"", ""Create"")"
"Cosmetics Beauty Salon",56,"Gadaya Cosmetic",016-2637467,http://www.gadaya.com,Malaysia,60,Puchong,"Local business","[{""id"":""199236533423806"",""name"":""Beauty Salon""}]",12276,5,201142266734415,http://www.facebook.com/201142266734415,"=HYPERLINK(""http://www.facebook.com/201142266734415/?sk=info"", ""201142266734415"")","=HYPERLINK(""http://builder.page2site.com/sites/add/fbid:201142266734415"", ""Create"")"
"Cosmetics Beauty Salon",57,"Brilliance Beauty Salon",,,Romania,40,Bucharest,"Local business","[{""id"":""144873802247220"",""name"":""Cosmetics & Beauty Supply""}]",622,9,469943083134568,http://www.facebook.com/469943083134568,"=HYPERLINK(""http://www.facebook.com/469943083134568/?sk=info"", ""469943083134568"")","=HYPERLINK(""http://builder.page2site.com/sites/add/fbid:469943083134568"", ""Create"")"
"Cosmetics Beauty Salon",58,"Aesthetic Cosmetics",01413341777,http://www.aestheticcosmetics.com,"United Kingdom",44,Glasgow,"Spas/beauty/personal care","[{""id"":""199236533423806"",""name"":""Beauty Salon""}]",903,10,231209557048233,http://www.facebook.com/231209557048233,"=HYPERLINK(""http://www.facebook.com/231209557048233/?sk=info"", ""231209557048233"")","=HYPERLINK(""http://builder.page2site.com/sites/add/fbid:231209557048233"", ""Create"")"
"Cosmetics Beauty Salon",59,"i GURU Beauty Hair-Nails-Cosmetics","Laci +3620 5840 561  Ildi +3630 3124 073  Tomi +3630 2416 463  Rita +3630 3692 641",http://iguru.hu/,Hungary,36,Budapest,"Spas/beauty/personal care","[{""id"":""199236533423806"",""name"":""Beauty Salon""}]",2042,32,214554911935460,http://www.facebook.com/214554911935460,"=HYPERLINK(""http://www.facebook.com/214554911935460/?sk=info"", ""214554911935460"")","=HYPERLINK(""http://builder.page2site.com/sites/add/fbid:214554911935460"", ""Create"")"
"Cosmetics Beauty Salon",60,"Mr&mrs cosmetics",0748-593.803,,Romania,40,Gyergyószentmiklós,"Spas/beauty/personal care","[{""id"":""199236533423806"",""name"":""Beauty Salon""}]",328,108,253613331488494,http://www.facebook.com/253613331488494,"=HYPERLINK(""http://www.facebook.com/253613331488494/?sk=info"", ""253613331488494"")","=HYPERLINK(""http://builder.page2site.com/sites/add/fbid:253613331488494"", ""Create"")"
"Cosmetics Beauty Salon",61,"Tanggi Salon","017 74 8883",,Cambodia,855,"Phnom Pen","Spas/beauty/personal care","[{""id"":""199236533423806"",""name"":""Beauty Salon""},{""id"":""191693100854505"",""name"":""Hair & Beauty Supply""},{""id"":""144873802247220"",""name"":""Cosmetics & Beauty Supply""}]",6799,4,322494384561296,http://www.facebook.com/322494384561296,"=HYPERLINK(""http://www.facebook.com/322494384561296/?sk=info"", ""322494384561296"")","=HYPERLINK(""http://builder.page2site.com/sites/add/fbid:322494384561296"", ""Create"")"
"Cosmetics Beauty Salon",62,"Blush Cosmetic House","(42) 3036-1499",http://www.maisblush.com.br,Brazil,55,Guarapuava,"Spas/beauty/personal care","[{""id"":""144873802247220"",""name"":""Cosmetics & Beauty Supply""},{""id"":""191693100854505"",""name"":""Hair & Beauty Supply""},{""id"":""199236533423806"",""name"":""Beauty Salon""}]",8273,313,117219961724251,http://www.facebook.com/117219961724251,"=HYPERLINK(""http://www.facebook.com/117219961724251/?sk=info"", ""117219961724251"")","=HYPERLINK(""http://builder.page2site.com/sites/add/fbid:117219961724251"", ""Create"")"
"Cosmetics Beauty Salon",63,"Kedem Cosmetics",+44(0)1617375547,http://www.kedemcosmetics.com,"United Kingdom",44,Manchester,Health/beauty,"[{""id"":""138322342904312"",""name"":""Skin Care""},{""id"":""199236533423806"",""name"":""Beauty Salon""}]",3033,27,203480586381356,http://www.facebook.com/203480586381356,"=HYPERLINK(""http://www.facebook.com/203480586381356/?sk=info"", ""203480586381356"")","=HYPERLINK(""http://builder.page2site.com/sites/add/fbid:203480586381356"", ""Create"")"
"Cosmetics Beauty Salon",64,"מכון שרי קוסמטיקס - Salon Sheri Cosmetics","+972 (0)774421329",http://www.sheri-cosmetics.com,Israel,972,Ashdod,"Spas/beauty/personal care","[{""id"":""199236533423806"",""name"":""Beauty Salon""}]",1589,17,222743121264209,http://www.facebook.com/222743121264209,"=HYPERLINK(""http://www.facebook.com/222743121264209/?sk=info"", ""222743121264209"")","=HYPERLINK(""http://builder.page2site.com/sites/add/fbid:222743121264209"", ""Create"")"
"Cosmetics Beauty Salon",65,"Sarah Catherine Cosmetics",07753124892,http://www.sarahcatherinecosmetics.com,"United Kingdom",44,"Saint Albans","Spas/beauty/personal care","[{""id"":""199236533423806"",""name"":""Beauty Salon""}]",1100,7,1414401238780874,http://www.facebook.com/1414401238780874,"=HYPERLINK(""http://www.facebook.com/1414401238780874/?sk=info"", ""1414401238780874"")","=HYPERLINK(""http://builder.page2site.com/sites/add/fbid:1414401238780874"", ""Create"")"
"Cosmetics Beauty Salon",66,"Boxx cosmetics","(416) 921-8608",www.boxxcosmetics.com,Canada,1,Toronto,"Local business","[{""id"":""199236533423806"",""name"":""Beauty Salon""},{""id"":""146059155460366"",""name"":""Makeup Artist""},{""id"":""144873802247220"",""name"":""Cosmetics & Beauty Supply""}]",1674,10,172828866110294,http://www.facebook.com/172828866110294,"=HYPERLINK(""http://www.facebook.com/172828866110294/?sk=info"", ""172828866110294"")","=HYPERLINK(""http://builder.page2site.com/sites/add/fbid:172828866110294"", ""Create"")"
"Cosmetics Beauty Salon",67,"Beauty Salon Sanny","Tel: 07181 / 20 85 740 / Mobil: 0176 / 626 95 008",http://www.facebook.com/BeautySalonSanny,Germany,49,Schorndorf,Health/beauty,"[{""id"":""144873802247220"",""name"":""Cosmetics & Beauty Supply""},{""id"":""199236533423806"",""name"":""Beauty Salon""}]",2349,12,312010935491562,http://www.facebook.com/312010935491562,"=HYPERLINK(""http://www.facebook.com/312010935491562/?sk=info"", ""312010935491562"")","=HYPERLINK(""http://builder.page2site.com/sites/add/fbid:312010935491562"", ""Create"")"
"Cosmetics Beauty Salon",68,"SheShe's Permanent Cosmetics & Aesthetics","(520) 477-8282",,"United States",1,Tucson,"Professional services","[{""id"":""200814353265561"",""name"":""Spa""},{""id"":""199236533423806"",""name"":""Beauty Salon""},{""id"":""196188420407122"",""name"":""Tattoo & Piercing""}]",243,,685153161579037,http://www.facebook.com/685153161579037,"=HYPERLINK(""http://www.facebook.com/685153161579037/?sk=info"", ""685153161579037"")","=HYPERLINK(""http://builder.page2site.com/sites/add/fbid:685153161579037"", ""Create"")"
"Cosmetics Beauty Salon",69,"Roxana make-up & cosmetics",0742097044,http://facebook.roxroxana,Romania,40,Bacau,"Local business","[{""id"":""199236533423806"",""name"":""Beauty Salon""}]",817,13,433235613477530,http://www.facebook.com/433235613477530,"=HYPERLINK(""http://www.facebook.com/433235613477530/?sk=info"", ""433235613477530"")","=HYPERLINK(""http://builder.page2site.com/sites/add/fbid:433235613477530"", ""Create"")"
"Cosmetics Beauty Salon",70,"Cosmetic Color Santutxu",946543621,,Spain,34,Bilbao,"Spas/beauty/personal care","[{""id"":""144873802247220"",""name"":""Cosmetics & Beauty Supply""},{""id"":""199236533423806"",""name"":""Beauty Salon""}]",1305,2,675967105766837,http://www.facebook.com/675967105766837,"=HYPERLINK(""http://www.facebook.com/675967105766837/?sk=info"", ""675967105766837"")","=HYPERLINK(""http://builder.page2site.com/sites/add/fbid:675967105766837"", ""Create"")"
"Cosmetics Beauty Salon",71,"Makeup Artist Miami by CoCo La Rue","(202) 465-6035",http://www.CoCoLaRueCosmetics.com,"United States",1,"Sunny Isles","Professional services","[{""id"":""146059155460366"",""name"":""Makeup Artist""},{""id"":""199236533423806"",""name"":""Beauty Salon""},{""id"":""174177802634376"",""name"":""Hair Salon""}]",1019,,240135816110252,http://www.facebook.com/240135816110252,"=HYPERLINK(""http://www.facebook.com/240135816110252/?sk=info"", ""240135816110252"")","=HYPERLINK(""http://builder.page2site.com/sites/add/fbid:240135816110252"", ""Create"")"
"Cosmetics Beauty Salon",72,"מוטי זארו Hair & Cosmetics",02-622-2565,,Israel,972,Jerusalem,"Spas/beauty/personal care","[{""id"":""169758603141095"",""name"":""Barber Shop""},{""id"":""144873802247220"",""name"":""Cosmetics & Beauty Supply""},{""id"":""199236533423806"",""name"":""Beauty Salon""}]",1024,1,1535688899977373,http://www.facebook.com/1535688899977373,"=HYPERLINK(""http://www.facebook.com/1535688899977373/?sk=info"", ""1535688899977373"")","=HYPERLINK(""http://builder.page2site.com/sites/add/fbid:1535688899977373"", ""Create"")"
"Cosmetics Beauty Salon",73,"The Secret of Beauty Salon","(201) 440-1557",http://www.thesecretofbeautysalon.com,"United States",1,"Ridgefield Park",Health/beauty,"[{""id"":""144873802247220"",""name"":""Cosmetics & Beauty Supply""},{""id"":""199236533423806"",""name"":""Beauty Salon""},{""id"":""191693100854505"",""name"":""Hair & Beauty Supply""}]",547,46,638676922885406,http://www.facebook.com/638676922885406,"=HYPERLINK(""http://www.facebook.com/638676922885406/?sk=info"", ""638676922885406"")","=HYPERLINK(""http://builder.page2site.com/sites/add/fbid:638676922885406"", ""Create"")"
"Cosmetics Beauty Salon",74,"Regina Cosmetics Castelar",4483-1881,http://reginak.com/index.php,Argentina,54,Castelar,"Spas/beauty/personal care","[{""id"":""199236533423806"",""name"":""Beauty Salon""},{""id"":""144873802247220"",""name"":""Cosmetics & Beauty Supply""}]",1233,15,625357664151539,http://www.facebook.com/625357664151539,"=HYPERLINK(""http://www.facebook.com/625357664151539/?sk=info"", ""625357664151539"")","=HYPERLINK(""http://builder.page2site.com/sites/add/fbid:625357664151539"", ""Create"")"
"Cosmetics Beauty Salon",75,"Inspired Cosmetics",07814374314,,"United Kingdom",44,Wishaw,Health/medical/pharmacy,"[{""id"":""199236533423806"",""name"":""Beauty Salon""}]",708,31,238121026335790,http://www.facebook.com/238121026335790,"=HYPERLINK(""http://www.facebook.com/238121026335790/?sk=info"", ""238121026335790"")","=HYPERLINK(""http://builder.page2site.com/sites/add/fbid:238121026335790"", ""Create"")"
"Cosmetics Beauty Salon",76,"Star Cosmetic Medicine",0295184984,www.starcosmeticmedicine.com.au,Australia,61,Pyrmont,"Spas/beauty/personal care","[{""id"":""199236533423806"",""name"":""Beauty Salon""},{""id"":""188780244476392"",""name"":""Plastic Surgery""},{""id"":""144873802247220"",""name"":""Cosmetics & Beauty Supply""}]",4856,14,114485218594681,http://www.facebook.com/114485218594681,"=HYPERLINK(""http://www.facebook.com/114485218594681/?sk=info"", ""114485218594681"")","=HYPERLINK(""http://builder.page2site.com/sites/add/fbid:114485218594681"", ""Create"")"
"Cosmetics Beauty Salon",77,"קרן -אור קוסמטיקס ברעננה",+972522-231476,,Israel,972,Ra'anana,"Spas/beauty/personal care","[{""id"":""199236533423806"",""name"":""Beauty Salon""}]",216,1,1503563536553791,http://www.facebook.com/1503563536553791,"=HYPERLINK(""http://www.facebook.com/1503563536553791/?sk=info"", ""1503563536553791"")","=HYPERLINK(""http://builder.page2site.com/sites/add/fbid:1503563536553791"", ""Create"")"
"Cosmetics Beauty Salon",78,Salon-Shop.vn,+84909502667,http://www.salon-shop.vn,Vietnam,84,"Ho Chi Minh City",Shopping/retail,"[{""id"":""144873802247220"",""name"":""Cosmetics & Beauty Supply""}]",2134,593,779075602121984,http://www.facebook.com/779075602121984,"=HYPERLINK(""http://www.facebook.com/779075602121984/?sk=info"", ""779075602121984"")","=HYPERLINK(""http://builder.page2site.com/sites/add/fbid:779075602121984"", ""Create"")"
"Cosmetics Beauty Salon",79,"US Salon Supply","(616) 365-5790",http://www.ussalonsupply.com/,"United States",1,"Paw Paw",Health/beauty,"[{""id"":""144873802247220"",""name"":""Cosmetics & Beauty Supply""},{""id"":""191693100854505"",""name"":""Hair & Beauty Supply""}]",1605,10,237266623041616,http://www.facebook.com/237266623041616,"=HYPERLINK(""http://www.facebook.com/237266623041616/?sk=info"", ""237266623041616"")","=HYPERLINK(""http://builder.page2site.com/sites/add/fbid:237266623041616"", ""Create"")"
"Cosmetics Beauty Salon",80,"Bonita Beauty Salon",02-2775821,,Palestine,,"Beit Sahur","Spas/beauty/personal care","[{""id"":""199236533423806"",""name"":""Beauty Salon""},{""id"":""144873802247220"",""name"":""Cosmetics & Beauty Supply""},{""id"":""146059155460366"",""name"":""Makeup Artist""}]",1144,78,566785253364589,http://www.facebook.com/566785253364589,"=HYPERLINK(""http://www.facebook.com/566785253364589/?sk=info"", ""566785253364589"")","=HYPERLINK(""http://builder.page2site.com/sites/add/fbid:566785253364589"", ""Create"")"
"Cosmetics Beauty Salon",81,"Cosmetic Tattoo Gold Coast","(07) 55006829",http://www.cosmetictattoogoldcoast.com.au,Australia,61,"Gold Coast","Professional services","[{""id"":""199236533423806"",""name"":""Beauty Salon""},{""id"":""199732070036794"",""name"":""Artistic Services""},{""id"":""146059155460366"",""name"":""Makeup Artist""}]",678,60,1413901075522875,http://www.facebook.com/1413901075522875,"=HYPERLINK(""http://www.facebook.com/1413901075522875/?sk=info"", ""1413901075522875"")","=HYPERLINK(""http://builder.page2site.com/sites/add/fbid:1413901075522875"", ""Create"")"
"Cosmetics Beauty Salon",82,"Pariti Cosmetic / Ihr Spezialist für Permanent Make-up / Sabrina Pariti","0178 - 618 05 08",www.pariti-cosmetic.de,Germany,49,Gießen,Health/beauty,"[{""id"":""146053955462002"",""name"":""Esthethics""},{""id"":""199236533423806"",""name"":""Beauty Salon""},{""id"":""144873802247220"",""name"":""Cosmetics & Beauty Supply""}]",1196,68,206267216165600,http://www.facebook.com/206267216165600,"=HYPERLINK(""http://www.facebook.com/206267216165600/?sk=info"", ""206267216165600"")","=HYPERLINK(""http://builder.page2site.com/sites/add/fbid:206267216165600"", ""Create"")"
"Cosmetics Beauty Salon",83,"Denisa Beauty Salon",0765570585,http://denisabeautysalon.ro,Romania,40,Buftea,"Spas/beauty/personal care","[{""id"":""144873802247220"",""name"":""Cosmetics & Beauty Supply""}]",293,65,697161993692771,http://www.facebook.com/697161993692771,"=HYPERLINK(""http://www.facebook.com/697161993692771/?sk=info"", ""697161993692771"")","=HYPERLINK(""http://builder.page2site.com/sites/add/fbid:697161993692771"", ""Create"")"
"Cosmetics Beauty Salon",84,"Beauty Studio Million","011 303 8 703, 062 64 65 64",http://www.million.rs,Serbia,381,Belgrade,Health/beauty,"[{""id"":""144873802247220"",""name"":""Cosmetics & Beauty Supply""}]",5618,8,416661005085052,http://www.facebook.com/416661005085052,"=HYPERLINK(""http://www.facebook.com/416661005085052/?sk=info"", ""416661005085052"")","=HYPERLINK(""http://builder.page2site.com/sites/add/fbid:416661005085052"", ""Create"")"
"Cosmetics Beauty Salon",85,"Regina Cosmetics Lacroze",(011)4772-3050,http://reginak.com/index.php,Argentina,54,"Buenos Aires","Spas/beauty/personal care","[{""id"":""199236533423806"",""name"":""Beauty Salon""},{""id"":""144873802247220"",""name"":""Cosmetics & Beauty Supply""}]",1974,9,254273168046498,http://www.facebook.com/254273168046498,"=HYPERLINK(""http://www.facebook.com/254273168046498/?sk=info"", ""254273168046498"")","=HYPERLINK(""http://builder.page2site.com/sites/add/fbid:254273168046498"", ""Create"")"
"Cosmetics Beauty Salon",86,"ULTA Salon, Cosmetics & Fragrance","(336) 538-2025",http://www.ulta.com/,"United States",1,Burlington,"Local business","[{""id"":""199236533423806"",""name"":""Beauty Salon""},{""id"":""191693100854505"",""name"":""Hair & Beauty Supply""}]",6,,122970604426523,http://www.facebook.com/122970604426523,"=HYPERLINK(""http://www.facebook.com/122970604426523/?sk=info"", ""122970604426523"")","=HYPERLINK(""http://builder.page2site.com/sites/add/fbid:122970604426523"", ""Create"")"
"Cosmetics Beauty Salon",87,"Trish's Terrific 3D Lashes and Cosmetics","(541) 531-8261",https://www.youniqueproducts.com/TrishaMartinson/business,"United States",1,"Eagle Point","Spas/beauty/personal care","[{""id"":""146059155460366"",""name"":""Makeup Artist""},{""id"":""199236533423806"",""name"":""Beauty Salon""}]",180,1,551565944972996,http://www.facebook.com/551565944972996,"=HYPERLINK(""http://www.facebook.com/551565944972996/?sk=info"", ""551565944972996"")","=HYPERLINK(""http://builder.page2site.com/sites/add/fbid:551565944972996"", ""Create"")"
"Cosmetics Beauty Salon",88,"ABC Cosmetic","387 33 53 29 00",http://www.abccosmetic.ba,"Bosnia and Herzegovina",387,Sarajevo,"Spas/beauty/personal care","[{""id"":""199236533423806"",""name"":""Beauty Salon""}]",1417,21,618845758127735,http://www.facebook.com/618845758127735,"=HYPERLINK(""http://www.facebook.com/618845758127735/?sk=info"", ""618845758127735"")","=HYPERLINK(""http://builder.page2site.com/sites/add/fbid:618845758127735"", ""Create"")"
"Cosmetics Beauty Salon",89,"La Bella Donna",0753203386,http://cosmetics.belladonna,Romania,40,Iasi,"Spas/beauty/personal care","[{""id"":""199236533423806"",""name"":""Beauty Salon""}]",731,4,839420702739426,http://www.facebook.com/839420702739426,"=HYPERLINK(""http://www.facebook.com/839420702739426/?sk=info"", ""839420702739426"")","=HYPERLINK(""http://builder.page2site.com/sites/add/fbid:839420702739426"", ""Create"")"
"Cosmetics Beauty Salon",90,"Elson Cosmetic Clinic","01704 233207",http://www.elsoncosmeticclinic.com,"United Kingdom",44,Southport,Health/medical/pharmacy,"[{""id"":""199236533423806"",""name"":""Beauty Salon""},{""id"":""137847742955715"",""name"":""Clinic""}]",1350,12,493856024054675,http://www.facebook.com/493856024054675,"=HYPERLINK(""http://www.facebook.com/493856024054675/?sk=info"", ""493856024054675"")","=HYPERLINK(""http://builder.page2site.com/sites/add/fbid:493856024054675"", ""Create"")"
"Cosmetics Beauty Salon",91,"Aneley Cosmetics","(917) 426-3539",http://www.aneleycosmetics.com,"United States",1,Brooklyn,Health/beauty,"[{""id"":""146059155460366"",""name"":""Makeup Artist""},{""id"":""199236533423806"",""name"":""Beauty Salon""}]",2343,19,328919310521201,http://www.facebook.com/328919310521201,"=HYPERLINK(""http://www.facebook.com/328919310521201/?sk=info"", ""328919310521201"")","=HYPERLINK(""http://builder.page2site.com/sites/add/fbid:328919310521201"", ""Create"")"
"Cosmetics Beauty Salon",92,"Ellemme Cosmetics",905-682-3321,http://www.ellemmecosmetics.com,Canada,1,"Saint Catherines","Spas/beauty/personal care","[{""id"":""199236533423806"",""name"":""Beauty Salon""}]",262,22,533350456734509,http://www.facebook.com/533350456734509,"=HYPERLINK(""http://www.facebook.com/533350456734509/?sk=info"", ""533350456734509"")","=HYPERLINK(""http://builder.page2site.com/sites/add/fbid:533350456734509"", ""Create"")"
"Cosmetics Beauty Salon",93,"Nfinity Permanent Cosmetics at Salon Vargas","(903) 918-7164",,"United States",1,Longview,"Spas/beauty/personal care","[{""id"":""139225689474222"",""name"":""Spa, Beauty & Personal Care""}]",551,1,225541270798700,http://www.facebook.com/225541270798700,"=HYPERLINK(""http://www.facebook.com/225541270798700/?sk=info"", ""225541270798700"")","=HYPERLINK(""http://builder.page2site.com/sites/add/fbid:225541270798700"", ""Create"")"
"Cosmetics Beauty Salon",94,"Dori Diamond Beauty Clinic      Diamond Cosmetics UK","07525639410   ",,"United Kingdom",44,Wednesbury,"Spas/beauty/personal care","[{""id"":""199236533423806"",""name"":""Beauty Salon""}]",765,81,525666694232138,http://www.facebook.com/525666694232138,"=HYPERLINK(""http://www.facebook.com/525666694232138/?sk=info"", ""525666694232138"")","=HYPERLINK(""http://builder.page2site.com/sites/add/fbid:525666694232138"", ""Create"")"
"Cosmetics Beauty Salon",95,"Red Carpet Hair Salon","+254 729 467 381",http://redcarpethairbeauty.com,Kenya,254,Westlands,"Spas/beauty/personal care","[{""id"":""174177802634376"",""name"":""Hair Salon""},{""id"":""199236533423806"",""name"":""Beauty Salon""},{""id"":""144873802247220"",""name"":""Cosmetics & Beauty Supply""}]",995,,439037706195945,http://www.facebook.com/439037706195945,"=HYPERLINK(""http://www.facebook.com/439037706195945/?sk=info"", ""439037706195945"")","=HYPERLINK(""http://builder.page2site.com/sites/add/fbid:439037706195945"", ""Create"")"
"Cosmetics Beauty Salon",96,"Coco - cosmetic & nails",062800405,,"Bosnia and Herzegovina",387,Bihac,"Spas/beauty/personal care","[{""id"":""198516863494646"",""name"":""Nail Salon""},{""id"":""146059155460366"",""name"":""Makeup Artist""}]",866,21,1402691559978112,http://www.facebook.com/1402691559978112,"=HYPERLINK(""http://www.facebook.com/1402691559978112/?sk=info"", ""1402691559978112"")","=HYPERLINK(""http://builder.page2site.com/sites/add/fbid:1402691559978112"", ""Create"")"
"Cosmetics Beauty Salon",97,"Zensual Beauty Salon",0439586009,http://www.zensual.com.au,Australia,61,Cranbourne,"Spas/beauty/personal care","[{""id"":""144873802247220"",""name"":""Cosmetics & Beauty Supply""}]",769,,576851529064028,http://www.facebook.com/576851529064028,"=HYPERLINK(""http://www.facebook.com/576851529064028/?sk=info"", ""576851529064028"")","=HYPERLINK(""http://builder.page2site.com/sites/add/fbid:576851529064028"", ""Create"")"
"Cosmetics Beauty Salon",98,"Eden Beauty Salon",07514247106,http://Www.edenbeautyportadown.co.uk,"United Kingdom",44,Portadown,"Spas/beauty/personal care","[{""id"":""199236533423806"",""name"":""Beauty Salon""},{""id"":""191693100854505"",""name"":""Hair & Beauty Supply""},{""id"":""144873802247220"",""name"":""Cosmetics & Beauty Supply""}]",373,89,299117543622740,http://www.facebook.com/299117543622740,"=HYPERLINK(""http://www.facebook.com/299117543622740/?sk=info"", ""299117543622740"")","=HYPERLINK(""http://builder.page2site.com/sites/add/fbid:299117543622740"", ""Create"")"
"Cosmetics Beauty Salon",99,"Live Cosmetics",04-927601,,Lebanon,961,"Mazra`at Yashu`","Spas/beauty/personal care","[{""id"":""144873802247220"",""name"":""Cosmetics & Beauty Supply""},{""id"":""169758603141095"",""name"":""Barber Shop""},{""id"":""191693100854505"",""name"":""Hair & Beauty Supply""}]",782,13,239683982814014,http://www.facebook.com/239683982814014,"=HYPERLINK(""http://www.facebook.com/239683982814014/?sk=info"", ""239683982814014"")","=HYPERLINK(""http://builder.page2site.com/sites/add/fbid:239683982814014"", ""Create"")"
"Cosmetics Beauty Salon",100,"Little Spoils Beauty Salon","0423 299 287",http://www.littlespoils.com.au,Australia,61,Warnbro,"Spas/beauty/personal care","[{""id"":""144873802247220"",""name"":""Cosmetics & Beauty Supply""},{""id"":""199236533423806"",""name"":""Beauty Salon""},{""id"":""138322342904312"",""name"":""Skin Care""}]",462,45,1446742155575027,http://www.facebook.com/1446742155575027,"=HYPERLINK(""http://www.facebook.com/1446742155575027/?sk=info"", ""1446742155575027"")","=HYPERLINK(""http://builder.page2site.com/sites/add/fbid:1446742155575027"", ""Create"")"
"Cosmetics Beauty Salon",101,"Sandra Schnider Cosmetics",0789091286,http://www.schnider-cosmetics.ch,,,,"Spas/beauty/personal care","[{""id"":""199236533423806"",""name"":""Beauty Salon""},{""id"":""128905757179140"",""name"":""Hair Removal""},{""id"":""138322342904312"",""name"":""Skin Care""}]",163,7,603141516364791,http://www.facebook.com/603141516364791,"=HYPERLINK(""http://www.facebook.com/603141516364791/?sk=info"", ""603141516364791"")","=HYPERLINK(""http://builder.page2site.com/sites/add/fbid:603141516364791"", ""Create"")"
"Cosmetics Beauty Salon",102,"Elea Cosmetics",0786284979,https://www.youtube.com/channel/UCBUij-af50HMEsz226M2iTA,France,33,Tourrette-Levens,"Spas/beauty/personal care","[{""id"":""199236533423806"",""name"":""Beauty Salon""}]",1209,460,625209570902229,http://www.facebook.com/625209570902229,"=HYPERLINK(""http://www.facebook.com/625209570902229/?sk=info"", ""625209570902229"")","=HYPERLINK(""http://builder.page2site.com/sites/add/fbid:625209570902229"", ""Create"")"
"Cosmetics Beauty Salon",103,OnCosmetics,+380953839907,http://www.beautyart.kiev.ua,Ukraine,380,Kyiv,"Spas/beauty/personal care","[{""id"":""199236533423806"",""name"":""Beauty Salon""}]",76,,461862750622034,http://www.facebook.com/461862750622034,"=HYPERLINK(""http://www.facebook.com/461862750622034/?sk=info"", ""461862750622034"")","=HYPERLINK(""http://builder.page2site.com/sites/add/fbid:461862750622034"", ""Create"")"
"Cosmetics Beauty Salon",104,"Daia Style Cosmetics",0747853091,,Romania,40,Radauti,"Spas/beauty/personal care","[{""id"":""199236533423806"",""name"":""Beauty Salon""}]",14,1,1465671813712297,http://www.facebook.com/1465671813712297,"=HYPERLINK(""http://www.facebook.com/1465671813712297/?sk=info"", ""1465671813712297"")","=HYPERLINK(""http://builder.page2site.com/sites/add/fbid:1465671813712297"", ""Create"")"
"Cosmetics Beauty Salon",105,"Le Salon Lip Voltage & Dreamweave Mascara Stockists",01706221630,http://www.le-salon.co.uk/home.html,"United Kingdom",44,Rawtenstall,Shopping/retail,"[{""id"":""144873802247220"",""name"":""Cosmetics & Beauty Supply""}]",337,1,627847460640552,http://www.facebook.com/627847460640552,"=HYPERLINK(""http://www.facebook.com/627847460640552/?sk=info"", ""627847460640552"")","=HYPERLINK(""http://builder.page2site.com/sites/add/fbid:627847460640552"", ""Create"")"
"Cosmetics Beauty Salon",106,CosmeticsPinky,,<<not-applicable>>,Thailand,66,Bangkok,Health/beauty,"[{""id"":""144873802247220"",""name"":""Cosmetics & Beauty Supply""},{""id"":""146059155460366"",""name"":""Makeup Artist""},{""id"":""199236533423806"",""name"":""Beauty Salon""}]",579,,214038442081093,http://www.facebook.com/214038442081093,"=HYPERLINK(""http://www.facebook.com/214038442081093/?sk=info"", ""214038442081093"")","=HYPERLINK(""http://builder.page2site.com/sites/add/fbid:214038442081093"", ""Create"")"
"Cosmetics Beauty Salon",107,"Angie - beauty salon",0507178674,,Israel,972,Haderah,"Spas/beauty/personal care","[{""id"":""144873802247220"",""name"":""Cosmetics & Beauty Supply""}]",353,55,247943382072844,http://www.facebook.com/247943382072844,"=HYPERLINK(""http://www.facebook.com/247943382072844/?sk=info"", ""247943382072844"")","=HYPERLINK(""http://builder.page2site.com/sites/add/fbid:247943382072844"", ""Create"")"
"Cosmetics Beauty Salon",108,"Flawless Cosmetic",07773965668,http://www.flawlesscosmetic.co.uk,"United Kingdom",44,Harrogate,"Spas/beauty/personal care","[{""id"":""199236533423806"",""name"":""Beauty Salon""}]",1986,222,1446449275569366,http://www.facebook.com/1446449275569366,"=HYPERLINK(""http://www.facebook.com/1446449275569366/?sk=info"", ""1446449275569366"")","=HYPERLINK(""http://builder.page2site.com/sites/add/fbid:1446449275569366"", ""Create"")"
"Cosmetics Beauty Salon",109,"JB. Cosmetics",01634832434,http://juliabeuther.de/,Germany,49,Aalen,"Local business","[{""id"":""199236533423806"",""name"":""Beauty Salon""}]",12,,547369228633434,http://www.facebook.com/547369228633434,"=HYPERLINK(""http://www.facebook.com/547369228633434/?sk=info"", ""547369228633434"")","=HYPERLINK(""http://builder.page2site.com/sites/add/fbid:547369228633434"", ""Create"")"
"Cosmetics Beauty Salon",110,"Klau Cosmetics",06-70/663-5232,,Hungary,36,Tatabánya,"Spas/beauty/personal care","[{""id"":""199236533423806"",""name"":""Beauty Salon""}]",368,2,669254676488863,http://www.facebook.com/669254676488863,"=HYPERLINK(""http://www.facebook.com/669254676488863/?sk=info"", ""669254676488863"")","=HYPERLINK(""http://builder.page2site.com/sites/add/fbid:669254676488863"", ""Create"")"
"Cosmetics Beauty Salon",111,"D"" Cosmetics",0723611973,,Romania,40,Lugoj,"Spas/beauty/personal care","[{""id"":""199236533423806"",""name"":""Beauty Salon""}]",65,,1468357420112372,http://www.facebook.com/1468357420112372,"=HYPERLINK(""http://www.facebook.com/1468357420112372/?sk=info"", ""1468357420112372"")","=HYPERLINK(""http://builder.page2site.com/sites/add/fbid:1468357420112372"", ""Create"")"
"Cosmetics Beauty Salon",112,"Devon Cosmetics & Beauty Salon","(206) 364-8322",,"United States",1,Shoreline,"Local business","[{""id"":""191693100854505"",""name"":""Hair & Beauty Supply""},{""id"":""199236533423806"",""name"":""Beauty Salon""}]",3,1,114256768634227,http://www.facebook.com/114256768634227,"=HYPERLINK(""http://www.facebook.com/114256768634227/?sk=info"", ""114256768634227"")","=HYPERLINK(""http://builder.page2site.com/sites/add/fbid:114256768634227"", ""Create"")"
"Cosmetics Beauty Salon",113,"LIPOGLAZE e cosmetics",07591151096,http://www.ecosmeticsuk.co.uk,,,,Health/beauty,"[{""id"":""199236533423806"",""name"":""Beauty Salon""},{""id"":""146053955462002"",""name"":""Esthethics""}]",97,,371040889696878,http://www.facebook.com/371040889696878,"=HYPERLINK(""http://www.facebook.com/371040889696878/?sk=info"", ""371040889696878"")","=HYPERLINK(""http://builder.page2site.com/sites/add/fbid:371040889696878"", ""Create"")"
"Cosmetics Beauty Salon",114,"New Beginnings Beauty Salon & Cosmetics","(334) 445-0061",,"United States",1,Ozark,"Local business","[{""id"":""199236533423806"",""name"":""Beauty Salon""},{""id"":""191693100854505"",""name"":""Hair & Beauty Supply""}]",,,135354999848909,http://www.facebook.com/135354999848909,"=HYPERLINK(""http://www.facebook.com/135354999848909/?sk=info"", ""135354999848909"")","=HYPERLINK(""http://builder.page2site.com/sites/add/fbid:135354999848909"", ""Create"")"
"Cosmetics Beauty Salon",115,"Merle Norman Cosmetics","(251) 937-7602",http://www.merlenorman.com/,"United States",1,"Bay Minette","Local business","[{""id"":""191693100854505"",""name"":""Hair & Beauty Supply""},{""id"":""199236533423806"",""name"":""Beauty Salon""}]",3,,136117433105709,http://www.facebook.com/136117433105709,"=HYPERLINK(""http://www.facebook.com/136117433105709/?sk=info"", ""136117433105709"")","=HYPERLINK(""http://builder.page2site.com/sites/add/fbid:136117433105709"", ""Create"")"
"Cosmetics Beauty Salon",116,"Nova Yes Cosmetics Balsas","(099) 8198-1437",,Brazil,55,Balsas,"Spas/beauty/personal care","[{""id"":""144873802247220"",""name"":""Cosmetics & Beauty Supply""},{""id"":""146059155460366"",""name"":""Makeup Artist""},{""id"":""199236533423806"",""name"":""Beauty Salon""}]",3092,87,826510454036761,http://www.facebook.com/826510454036761,"=HYPERLINK(""http://www.facebook.com/826510454036761/?sk=info"", ""826510454036761"")","=HYPERLINK(""http://builder.page2site.com/sites/add/fbid:826510454036761"", ""Create"")"
"Cosmetics Beauty Salon",117,"Annette's Hair & Cosmetics","(614) 798-8233",,"United States",1,Powell,"Local business","[{""id"":""199236533423806"",""name"":""Beauty Salon""}]",,,100278640031653,http://www.facebook.com/100278640031653,"=HYPERLINK(""http://www.facebook.com/100278640031653/?sk=info"", ""100278640031653"")","=HYPERLINK(""http://builder.page2site.com/sites/add/fbid:100278640031653"", ""Create"")"
"Cosmetics Beauty Salon",118,"Merle Norman Cosmetics","(904) 940-0277",http://www.merlenorman.com/,"United States",1,"Saint Augustine","Local business","[{""id"":""199236533423806"",""name"":""Beauty Salon""},{""id"":""191693100854505"",""name"":""Hair & Beauty Supply""}]",,,163209383697530,http://www.facebook.com/163209383697530,"=HYPERLINK(""http://www.facebook.com/163209383697530/?sk=info"", ""163209383697530"")","=HYPERLINK(""http://builder.page2site.com/sites/add/fbid:163209383697530"", ""Create"")"
"Cosmetics Beauty Salon",119,"Mary Kay Cosmetics","(937) 372-2809",http://www.marykay.com/,"United States",1,Bellbrook,"Local business","[{""id"":""199236533423806"",""name"":""Beauty Salon""},{""id"":""191693100854505"",""name"":""Hair & Beauty Supply""}]",,,114593071934166,http://www.facebook.com/114593071934166,"=HYPERLINK(""http://www.facebook.com/114593071934166/?sk=info"", ""114593071934166"")","=HYPERLINK(""http://builder.page2site.com/sites/add/fbid:114593071934166"", ""Create"")"
"Cosmetics Beauty Salon",120,"Cabinet Daniela Cosmetics",0752277433,http://danielacosmetics.cabanova.com,Romania,40,Bucharest,"Spas/beauty/personal care","[{""id"":""199236533423806"",""name"":""Beauty Salon""},{""id"":""174177802634376"",""name"":""Hair Salon""},{""id"":""198516863494646"",""name"":""Nail Salon""}]",349,15,303573519797606,http://www.facebook.com/303573519797606,"=HYPERLINK(""http://www.facebook.com/303573519797606/?sk=info"", ""303573519797606"")","=HYPERLINK(""http://builder.page2site.com/sites/add/fbid:303573519797606"", ""Create"")"
"Cosmetics Beauty Salon",121,"Roopshree Parlour & Cosmetics",7869761818,,India,91,"Maharajpur (Chhatarpur)","Business services","[{""id"":""199236533423806"",""name"":""Beauty Salon""}]",1,,654804547933781,http://www.facebook.com/654804547933781,"=HYPERLINK(""http://www.facebook.com/654804547933781/?sk=info"", ""654804547933781"")","=HYPERLINK(""http://builder.page2site.com/sites/add/fbid:654804547933781"", ""Create"")"
"Cosmetics Beauty Salon",122,"Cosmetics & Moore Beauty Salon","(973) 783-9000",,"United States",1,Montclair,"Spas/beauty/personal care","[{""id"":""139225689474222"",""name"":""Spa, Beauty & Personal Care""}]",1,,474514702606721,http://www.facebook.com/474514702606721,"=HYPERLINK(""http://www.facebook.com/474514702606721/?sk=info"", ""474514702606721"")","=HYPERLINK(""http://builder.page2site.com/sites/add/fbid:474514702606721"", ""Create"")"
"Cosmetics Beauty Salon",123,"Anna Cosmetics",,,Poland,48,Dojlidy,"Local business","[{""id"":""199236533423806"",""name"":""Beauty Salon""}]",8,,174492732599222,http://www.facebook.com/174492732599222,"=HYPERLINK(""http://www.facebook.com/174492732599222/?sk=info"", ""174492732599222"")","=HYPERLINK(""http://builder.page2site.com/sites/add/fbid:174492732599222"", ""Create"")"
"Cosmetics Beauty Salon",124,"Lisa's Beauty Salon Hair & Cosmetics","0208 672 7662",,"United Kingdom",44,London,"Business services","[{""id"":""174177802634376"",""name"":""Hair Salon""}]",3,,650388885051678,http://www.facebook.com/650388885051678,"=HYPERLINK(""http://www.facebook.com/650388885051678/?sk=info"", ""650388885051678"")","=HYPERLINK(""http://builder.page2site.com/sites/add/fbid:650388885051678"", ""Create"")"
"Cosmetics Beauty Salon",125,"Requisite Salon Beauty Parlour & Cosmetics",0728873748,http://www.facebook.com,Kenya,254,"South Kinangop","Business services","[{""id"":""187133811318958"",""name"":""Business Services""}]",6,,289177047892213,http://www.facebook.com/289177047892213,"=HYPERLINK(""http://www.facebook.com/289177047892213/?sk=info"", ""289177047892213"")","=HYPERLINK(""http://builder.page2site.com/sites/add/fbid:289177047892213"", ""Create"")"
"Cosmetics Beauty Salon",126,"Regina Cosmetics Beauty Salon",04-651-7135,,Israel,972,Nazareth,"Spas/beauty/personal care","[{""id"":""138322342904312"",""name"":""Skin Care""}]",2,,694829403923635,http://www.facebook.com/694829403923635,"=HYPERLINK(""http://www.facebook.com/694829403923635/?sk=info"", ""694829403923635"")","=HYPERLINK(""http://builder.page2site.com/sites/add/fbid:694829403923635"", ""Create"")"
"Cosmetics Beauty Salon",127,"Merle Norman Cosmetics Beauty Salon & Formal Wear","(850) 547-3434",,"United States",1,Bonifay,"Local business","[{""id"":""149966661728482"",""name"":""Formal Wear""},{""id"":""191693100854505"",""name"":""Hair & Beauty Supply""},{""id"":""199236533423806"",""name"":""Beauty Salon""}]",1,,163034103715610,http://www.facebook.com/163034103715610,"=HYPERLINK(""http://www.facebook.com/163034103715610/?sk=info"", ""163034103715610"")","=HYPERLINK(""http://builder.page2site.com/sites/add/fbid:163034103715610"", ""Create"")"
"Cosmetics Beauty Salon",128,"Head & Finger Beauty Salon  and Cosmetics","1 (876) 868-2048","HEAD AND FINGER@YMAIL.COM",Jamaica,"1 876","Montego Bay","Attractions/things to do","[{""id"":""2523"",""name"":""Attractions\/Things to Do""}]",7,,226496890712445,http://www.facebook.com/226496890712445,"=HYPERLINK(""http://www.facebook.com/226496890712445/?sk=info"", ""226496890712445"")","=HYPERLINK(""http://builder.page2site.com/sites/add/fbid:226496890712445"", ""Create"")"
