Keyword,#,Name,Phone,Website,Country,"Country code",City,Category,"Category List",Likes,"Talking about","Facebook ID","Facebook Url","Facebook Page Link","P2S Website"
"Deep Tissue Massage Therapy",0,"Patty's Ultimate Sports Massage & Deep Tissue Therapy","(480) 970-7719",http://www.pattysheart.com/,"United States",1,Tempe,Health/medical/pharmacy,"[{""id"":""109578329118821"",""name"":""Massage""}]",62,6,728511273878024,http://www.facebook.com/728511273878024,"=HYPERLINK(""http://www.facebook.com/728511273878024/?sk=info"", ""728511273878024"")","=HYPERLINK(""http://builder.page2site.com/sites/add/fbid:728511273878024"", ""Create"")"
"Deep Tissue Massage Therapy",1,"Carole Osborne's Prenatal and Deep Tissue Massage Training","(858) 633-3033",www.bodytherapyeducation.com,"United States",1,"San Diego",Education,"[{""id"":""109578329118821"",""name"":""Massage""},{""id"":""197048876974331"",""name"":""Book Store""},{""id"":""151676848220295"",""name"":""Education""}]",1215,67,125969290816369,http://www.facebook.com/125969290816369,"=HYPERLINK(""http://www.facebook.com/125969290816369/?sk=info"", ""125969290816369"")","=HYPERLINK(""http://builder.page2site.com/sites/add/fbid:125969290816369"", ""Create"")"
"Deep Tissue Massage Therapy",2,"Joe's Body Shop Inc.  Deep Tissue Massage and Neuromuscular Therapy","(719) 444-0708",www.joesbodyshop.com,"United States",1,"Colorado Springs","Professional services","[{""id"":""357645644269220"",""name"":""Alternative & Holistic Health""},{""id"":""109578329118821"",""name"":""Massage""}]",231,1,206373445831,http://www.facebook.com/206373445831,"=HYPERLINK(""http://www.facebook.com/206373445831/?sk=info"", ""206373445831"")","=HYPERLINK(""http://builder.page2site.com/sites/add/fbid:206373445831"", ""Create"")"
"Deep Tissue Massage Therapy",3,"Bryant Massage Therapy - Specializing in Deep Tissue Massage","(540) 521-7757",http://www.bryantmassagetherapy.com,"United States",1,Roanoke,"Spas/beauty/personal care","[{""id"":""139225689474222"",""name"":""Spa, Beauty & Personal Care""}]",157,23,227609250756406,http://www.facebook.com/227609250756406,"=HYPERLINK(""http://www.facebook.com/227609250756406/?sk=info"", ""227609250756406"")","=HYPERLINK(""http://builder.page2site.com/sites/add/fbid:227609250756406"", ""Create"")"
"Deep Tissue Massage Therapy",4,"Advanced Deep Tissue Massage Therapy",0416969883,www.advancedmassage.com.au,Australia,61,Perth,Health/medical/pharmacy,"[{""id"":""145118935550090"",""name"":""Medical & Health""}]",173,,278636218824278,http://www.facebook.com/278636218824278,"=HYPERLINK(""http://www.facebook.com/278636218824278/?sk=info"", ""278636218824278"")","=HYPERLINK(""http://builder.page2site.com/sites/add/fbid:278636218824278"", ""Create"")"
"Deep Tissue Massage Therapy",5,"Deep Tissue Massage - Beauty Therapy - Reflexology",0273191170,,"New Zealand",64,Hamilton,"Spas/beauty/personal care","[{""id"":""139225689474222"",""name"":""Spa, Beauty & Personal Care""}]",40,1,567415689963742,http://www.facebook.com/567415689963742,"=HYPERLINK(""http://www.facebook.com/567415689963742/?sk=info"", ""567415689963742"")","=HYPERLINK(""http://builder.page2site.com/sites/add/fbid:567415689963742"", ""Create"")"
"Deep Tissue Massage Therapy",6,"Deep t.Issue Massage Therapy-Lisa Townsend, LMT, MH","(616) 328-4242",http://www.lisaktownsend.com,"United States",1,"Grand Rapids",Health/medical/pharmacy,"[{""id"":""109578329118821"",""name"":""Massage""},{""id"":""357645644269220"",""name"":""Alternative & Holistic Health""}]",144,2,174164225771,http://www.facebook.com/174164225771,"=HYPERLINK(""http://www.facebook.com/174164225771/?sk=info"", ""174164225771"")","=HYPERLINK(""http://builder.page2site.com/sites/add/fbid:174164225771"", ""Create"")"
"Deep Tissue Massage Therapy",7,"Lauren-Jayne Melville: Deep Tissue & Remedial Massage Therapy",07800659723,,"United Kingdom",44,Torquay,Community,"[{""id"":""2612"",""name"":""Community""}]",98,7,768370633222035,http://www.facebook.com/768370633222035,"=HYPERLINK(""http://www.facebook.com/768370633222035/?sk=info"", ""768370633222035"")","=HYPERLINK(""http://builder.page2site.com/sites/add/fbid:768370633222035"", ""Create"")"
"Deep Tissue Massage Therapy",8,"SG Deep Tissue Massage Therapy",0448800901,,Australia,61,Melbourne,"Spas/beauty/personal care","[{""id"":""139225689474222"",""name"":""Spa, Beauty & Personal Care""}]",117,,357077314382031,http://www.facebook.com/357077314382031,"=HYPERLINK(""http://www.facebook.com/357077314382031/?sk=info"", ""357077314382031"")","=HYPERLINK(""http://builder.page2site.com/sites/add/fbid:357077314382031"", ""Create"")"
"Deep Tissue Massage Therapy",9,"Art Klassen RMT Deep Tissue Massage Therapy","(604) 792-1234",http://www.chilliwackrmt.com/,Canada,1,Chilliwack,Health/medical/pharmacy,"[{""id"":""357645644269220"",""name"":""Alternative & Holistic Health""},{""id"":""109578329118821"",""name"":""Massage""}]",176,,128268143993648,http://www.facebook.com/128268143993648,"=HYPERLINK(""http://www.facebook.com/128268143993648/?sk=info"", ""128268143993648"")","=HYPERLINK(""http://builder.page2site.com/sites/add/fbid:128268143993648"", ""Create"")"
"Deep Tissue Massage Therapy",10,"Light Touch - Mobile Prenatal, Postnatal and Deep Tissue Massage Therapy",07894106091,http://www.lighttouchpregnancymassage.co.uk,"United Kingdom",44,Poole,"Spas/beauty/personal care","[{""id"":""109578329118821"",""name"":""Massage""},{""id"":""166443590070313"",""name"":""Pregnancy & Childbirth Service""}]",197,11,718251374863500,http://www.facebook.com/718251374863500,"=HYPERLINK(""http://www.facebook.com/718251374863500/?sk=info"", ""718251374863500"")","=HYPERLINK(""http://builder.page2site.com/sites/add/fbid:718251374863500"", ""Create"")"
"Deep Tissue Massage Therapy",11,"Erik J. Cumming LMT, Deep Tissue Integrative Massage Therapy Services","(978) 766-8481",www.gripmassage.com,"United States",1,Boulder,Community,"[{""id"":""357645644269220"",""name"":""Alternative & Holistic Health""}]",107,2,310795243728,http://www.facebook.com/310795243728,"=HYPERLINK(""http://www.facebook.com/310795243728/?sk=info"", ""310795243728"")","=HYPERLINK(""http://builder.page2site.com/sites/add/fbid:310795243728"", ""Create"")"
"Deep Tissue Massage Therapy",12,"ZJS Sports Therapy- Sports, Deep Tissue & Remedial Massage",07920772013,<<not-applicable>>,"United Kingdom",44,London,Health/medical/pharmacy,"[{""id"":""109578329118821"",""name"":""Massage""},{""id"":""181045748599578"",""name"":""Personal Trainer""},{""id"":""145118935550090"",""name"":""Medical & Health""}]",318,,263346970371275,http://www.facebook.com/263346970371275,"=HYPERLINK(""http://www.facebook.com/263346970371275/?sk=info"", ""263346970371275"")","=HYPERLINK(""http://builder.page2site.com/sites/add/fbid:263346970371275"", ""Create"")"
"Deep Tissue Massage Therapy",13,"Professional Deep Tissue, Sports and Wellbeing Massage Therapy",07972269441,www.mobile-massage.org.uk,"United Kingdom",44,Borehamwood,Health/beauty,"[{""id"":""184405378265823"",""name"":""Gym""},{""id"":""200814353265561"",""name"":""Spa""},{""id"":""181045748599578"",""name"":""Personal Trainer""}]",93,,128975727198512,http://www.facebook.com/128975727198512,"=HYPERLINK(""http://www.facebook.com/128975727198512/?sk=info"", ""128975727198512"")","=HYPERLINK(""http://builder.page2site.com/sites/add/fbid:128975727198512"", ""Create"")"
"Deep Tissue Massage Therapy",14,"Mobile deep tissue massage therapy",07735446571,,"United Kingdom",44,Wellingborough,Community,"[{""id"":""2612"",""name"":""Community""}]",54,1,810191329014644,http://www.facebook.com/810191329014644,"=HYPERLINK(""http://www.facebook.com/810191329014644/?sk=info"", ""810191329014644"")","=HYPERLINK(""http://builder.page2site.com/sites/add/fbid:810191329014644"", ""Create"")"
"Deep Tissue Massage Therapy",15,"Lucas's deep tissue massage therapy",,,,,,Community,,68,,628134327256623,http://www.facebook.com/628134327256623,"=HYPERLINK(""http://www.facebook.com/628134327256623/?sk=info"", ""628134327256623"")","=HYPERLINK(""http://builder.page2site.com/sites/add/fbid:628134327256623"", ""Create"")"
"Deep Tissue Massage Therapy",16,"Jim Saccomanno, CMT - Trigger Point Therapy, Deep Tissue Massage","(530) 272-2630",http://www.saccomannobodywork.com/,"United States",1,"Grass Valley",Health/medical/pharmacy,"[{""id"":""109578329118821"",""name"":""Massage""}]",15,,1435066700103406,http://www.facebook.com/1435066700103406,"=HYPERLINK(""http://www.facebook.com/1435066700103406/?sk=info"", ""1435066700103406"")","=HYPERLINK(""http://builder.page2site.com/sites/add/fbid:1435066700103406"", ""Create"")"
"Deep Tissue Massage Therapy",17,"MARIDAY MASSAGE - Traveling Ashiatsu & Deep Tissue Therapy","(503) 473-4955",www.maridaymassage.com,"United States",1,Portland,"Spas/beauty/personal care","[{""id"":""139225689474222"",""name"":""Spa, Beauty & Personal Care""}]",108,,202073869816974,http://www.facebook.com/202073869816974,"=HYPERLINK(""http://www.facebook.com/202073869816974/?sk=info"", ""202073869816974"")","=HYPERLINK(""http://builder.page2site.com/sites/add/fbid:202073869816974"", ""Create"")"
"Deep Tissue Massage Therapy",18,"Barefoot Deep Tissue Massage Therapy",,"http://www.trisoma.com/barefoot-deep-tissue.html

http://www.youtube.com/watch?v=AbWFkqareu0

http://www.youtube.com/watch?v=fuTbskTkzHg

",,,,Community,,40,,122561957763190,http://www.facebook.com/122561957763190,"=HYPERLINK(""http://www.facebook.com/122561957763190/?sk=info"", ""122561957763190"")","=HYPERLINK(""http://builder.page2site.com/sites/add/fbid:122561957763190"", ""Create"")"
"Deep Tissue Massage Therapy",19,"Swedish Massage/Deep Tissue Therapy",,,,,,"Concentration or major",,,,386000748215949,http://www.facebook.com/386000748215949,"=HYPERLINK(""http://www.facebook.com/386000748215949/?sk=info"", ""386000748215949"")","=HYPERLINK(""http://builder.page2site.com/sites/add/fbid:386000748215949"", ""Create"")"
"Deep Tissue Massage Therapy",20,"LJW Personal Training And Sports Massage Therapy",07925317375,,"United Kingdom",44,Northampton,Health/beauty,,115,1,129342497219017,http://www.facebook.com/129342497219017,"=HYPERLINK(""http://www.facebook.com/129342497219017/?sk=info"", ""129342497219017"")","=HYPERLINK(""http://builder.page2site.com/sites/add/fbid:129342497219017"", ""Create"")"
"Deep Tissue Massage Therapy",21,"Sarah Lou's Sports Massage and Deep Tissue Therapy","07929 554146",http://www.themeadowclinic.com,"United Kingdom",44,"Ryton on Dunsmore",Health/beauty,"[{""id"":""2214"",""name"":""Health\/Beauty""}]",137,,236833706499674,http://www.facebook.com/236833706499674,"=HYPERLINK(""http://www.facebook.com/236833706499674/?sk=info"", ""236833706499674"")","=HYPERLINK(""http://builder.page2site.com/sites/add/fbid:236833706499674"", ""Create"")"
"Deep Tissue Massage Therapy",22,"Deep tissue massage and Scenar pain relief therapy",07735446571,,"United Kingdom",44,Wellingborough,Community,"[{""id"":""2612"",""name"":""Community""}]",,,785832228147822,http://www.facebook.com/785832228147822,"=HYPERLINK(""http://www.facebook.com/785832228147822/?sk=info"", ""785832228147822"")","=HYPERLINK(""http://builder.page2site.com/sites/add/fbid:785832228147822"", ""Create"")"
"Deep Tissue Massage Therapy",23,"Advanced Deep Tissue Massage & NeuroMuscular Therapy",,,,,,"Concentration or major",,,,278533349009596,http://www.facebook.com/278533349009596,"=HYPERLINK(""http://www.facebook.com/278533349009596/?sk=info"", ""278533349009596"")","=HYPERLINK(""http://builder.page2site.com/sites/add/fbid:278533349009596"", ""Create"")"
"Deep Tissue Massage Therapy",24,"Deep Eddie Massage - Corrective Tissue Therapy","(512) 377-6933",,"United States",1,Austin,Health/medical/pharmacy,"[{""id"":""145118935550090"",""name"":""Medical & Health""}]",9,,155950087815631,http://www.facebook.com/155950087815631,"=HYPERLINK(""http://www.facebook.com/155950087815631/?sk=info"", ""155950087815631"")","=HYPERLINK(""http://builder.page2site.com/sites/add/fbid:155950087815631"", ""Create"")"
"Deep Tissue Massage Therapy",25,"J C Deep Tissue Massage Therapy Inc","(586) 552-8670",,"United States",1,Eastpointe,"Local business","[{""id"":""191681657527859"",""name"":""Fitness Center""},{""id"":""109578329118821"",""name"":""Massage""},{""id"":""145118935550090"",""name"":""Medical & Health""}]",1,,117211391631138,http://www.facebook.com/117211391631138,"=HYPERLINK(""http://www.facebook.com/117211391631138/?sk=info"", ""117211391631138"")","=HYPERLINK(""http://builder.page2site.com/sites/add/fbid:117211391631138"", ""Create"")"
"Deep Tissue Massage Therapy",26,"Center for Deep Tissue Massage Therapy","(608) 782-5566",,"United States",1,"La Crosse","Local business","[{""id"":""109578329118821"",""name"":""Massage""}]",1,,152651288110645,http://www.facebook.com/152651288110645,"=HYPERLINK(""http://www.facebook.com/152651288110645/?sk=info"", ""152651288110645"")","=HYPERLINK(""http://builder.page2site.com/sites/add/fbid:152651288110645"", ""Create"")"
"Deep Tissue Massage Therapy",27,"Remedial/Deep Tissue Massage Therapy","0408 982 809",,Australia,61,"Byron Bay","Professional services","[{""id"":""109578329118821"",""name"":""Massage""},{""id"":""186982054657561"",""name"":""Sports & Recreation""},{""id"":""357645644269220"",""name"":""Alternative & Holistic Health""}]",,,773609052684967,http://www.facebook.com/773609052684967,"=HYPERLINK(""http://www.facebook.com/773609052684967/?sk=info"", ""773609052684967"")","=HYPERLINK(""http://builder.page2site.com/sites/add/fbid:773609052684967"", ""Create"")"
"Deep Tissue Massage Therapy",28,"Only Health - Sports/Deep Tissue Massage Therapy",07746128259,,"United Kingdom",44,Watton,Community,"[{""id"":""2612"",""name"":""Community""}]",49,,1476801822607785,http://www.facebook.com/1476801822607785,"=HYPERLINK(""http://www.facebook.com/1476801822607785/?sk=info"", ""1476801822607785"")","=HYPERLINK(""http://builder.page2site.com/sites/add/fbid:1476801822607785"", ""Create"")"
"Deep Tissue Massage Therapy",29,"Rosaleen Griffin - Physical Therapy, Dry Needling, Deep Tissue Massage","+353 862482586",,Ireland,353,Ennis,Health/medical/pharmacy,"[{""id"":""145118935550090"",""name"":""Medical & Health""}]",,1,1434675293472254,http://www.facebook.com/1434675293472254,"=HYPERLINK(""http://www.facebook.com/1434675293472254/?sk=info"", ""1434675293472254"")","=HYPERLINK(""http://builder.page2site.com/sites/add/fbid:1434675293472254"", ""Create"")"
