Keyword,#,Name,Phone,Website,Country,"Country code",City,Category,"Category List",Likes,"Talking about","Facebook ID","Facebook Url","Facebook Page Link","P2S Website"
"Diamond Merchant",0,"Diamond merchant",9780646632,,India,91,Amritsar,"Business services","[{""id"":""187133811318958"",""name"":""Business Services""}]",118,7,696705833756856,http://www.facebook.com/696705833756856,"=HYPERLINK(""http://www.facebook.com/696705833756856/?sk=info"", ""696705833756856"")","=HYPERLINK(""http://builder.page2site.com/sites/add/fbid:696705833756856"", ""Create"")"
"Diamond Merchant",1,"Doron Diamond Merchant","(901) 763-3921","WWW.dorondiamonds.com ","United States",1,Memphis,Shopping/retail,"[{""id"":""188031587886173"",""name"":""Jewelry Store""}]",1294,7,159020752490,http://www.facebook.com/159020752490,"=HYPERLINK(""http://www.facebook.com/159020752490/?sk=info"", ""159020752490"")","=HYPERLINK(""http://builder.page2site.com/sites/add/fbid:159020752490"", ""Create"")"
"Diamond Merchant",2,"Mumbai Diamond Merchant's Association",,http://www.mdmaindia.org/,,,,Organization,,333,8,744029595622025,http://www.facebook.com/744029595622025,"=HYPERLINK(""http://www.facebook.com/744029595622025/?sk=info"", ""744029595622025"")","=HYPERLINK(""http://builder.page2site.com/sites/add/fbid:744029595622025"", ""Create"")"
"Diamond Merchant",3,"DiAmOnD MerCHanTS",,,,,,Jewelry/watches,,35,5,212407002145414,http://www.facebook.com/212407002145414,"=HYPERLINK(""http://www.facebook.com/212407002145414/?sk=info"", ""212407002145414"")","=HYPERLINK(""http://builder.page2site.com/sites/add/fbid:212407002145414"", ""Create"")"
"Diamond Merchant",4,"Ian Gallacher Manufacturing Jeweller and Diamond Merchant",01786473696,www.iangallacher.com,"United Kingdom",44,Stirling,Shopping/retail,"[{""id"":""188031587886173"",""name"":""Jewelry Store""}]",16796,1395,285599578151762,http://www.facebook.com/285599578151762,"=HYPERLINK(""http://www.facebook.com/285599578151762/?sk=info"", ""285599578151762"")","=HYPERLINK(""http://builder.page2site.com/sites/add/fbid:285599578151762"", ""Create"")"
"Diamond Merchant",5,"Diamond merchant - HMV",9099147966,,India,91,Surat,"Business services","[{""id"":""179672275401610"",""name"":""Business Consultant""}]",18,1,1500727020156477,http://www.facebook.com/1500727020156477,"=HYPERLINK(""http://www.facebook.com/1500727020156477/?sk=info"", ""1500727020156477"")","=HYPERLINK(""http://builder.page2site.com/sites/add/fbid:1500727020156477"", ""Create"")"
"Diamond Merchant",6,"Diamond merchant - HMV",9099147966,,India,91,Surat,"Local business",,15,1,755690824454160,http://www.facebook.com/755690824454160,"=HYPERLINK(""http://www.facebook.com/755690824454160/?sk=info"", ""755690824454160"")","=HYPERLINK(""http://builder.page2site.com/sites/add/fbid:755690824454160"", ""Create"")"
"Diamond Merchant",7,"Hyderabad Diamond Merchants",9885120986,,India,91,Hyderabad,"Local business","[{""id"":""2500"",""name"":""Local Business""}]",93,,240228216078606,http://www.facebook.com/240228216078606,"=HYPERLINK(""http://www.facebook.com/240228216078606/?sk=info"", ""240228216078606"")","=HYPERLINK(""http://builder.page2site.com/sites/add/fbid:240228216078606"", ""Create"")"
"Diamond Merchant",8,"Diamond Merchant","9007020512,9007020513",,,,,Company,,31,,1488590934718244,http://www.facebook.com/1488590934718244,"=HYPERLINK(""http://www.facebook.com/1488590934718244/?sk=info"", ""1488590934718244"")","=HYPERLINK(""http://builder.page2site.com/sites/add/fbid:1488590934718244"", ""Create"")"
"Diamond Merchant",9,"Kingston Diamond Merchants","01422 252025",http://kingstondiamonds.co.uk,"United Kingdom",44,Halifax,"Retail and consumer merchandise","[{""id"":""188031587886173"",""name"":""Jewelry Store""}]",57,4,575740395855207,http://www.facebook.com/575740395855207,"=HYPERLINK(""http://www.facebook.com/575740395855207/?sk=info"", ""575740395855207"")","=HYPERLINK(""http://builder.page2site.com/sites/add/fbid:575740395855207"", ""Create"")"
"Diamond Merchant",10,"Mahalaxmi Gold and Diamond Merchants","9840233567,044-24413893,044-42117771",http://mahalaxmigoldndiamondmerchants.com,India,91,Chennai,"Local business","[{""id"":""188031587886173"",""name"":""Jewelry Store""},{""id"":""155851681143483"",""name"":""Jewelry Supplier""}]",116,3,215957391928106,http://www.facebook.com/215957391928106,"=HYPERLINK(""http://www.facebook.com/215957391928106/?sk=info"", ""215957391928106"")","=HYPERLINK(""http://builder.page2site.com/sites/add/fbid:215957391928106"", ""Create"")"
"Diamond Merchant",11,"The Diamond Merchant",,http://www.thediamondmerchant.com,,,,Community,,5,,629461593797117,http://www.facebook.com/629461593797117,"=HYPERLINK(""http://www.facebook.com/629461593797117/?sk=info"", ""629461593797117"")","=HYPERLINK(""http://builder.page2site.com/sites/add/fbid:629461593797117"", ""Create"")"
"Diamond Merchant",12,"Gardiner Brothers Wholesale Jewellers and Diamond Merchants","0044 (0)2890 234271",http://www.gardinerbrothers.co.uk,"United Kingdom",44,Belfast,"Local business","[{""id"":""2500"",""name"":""Local Business""}]",735,17,150578293315,http://www.facebook.com/150578293315,"=HYPERLINK(""http://www.facebook.com/150578293315/?sk=info"", ""150578293315"")","=HYPERLINK(""http://builder.page2site.com/sites/add/fbid:150578293315"", ""Create"")"
"Diamond Merchant",13,"Peter Acs & Company Worldwide Diamond Merchants",847-256-2478,,"United States",1,Kenilworth,"Local business",,366,1,107408672677415,http://www.facebook.com/107408672677415,"=HYPERLINK(""http://www.facebook.com/107408672677415/?sk=info"", ""107408672677415"")","=HYPERLINK(""http://builder.page2site.com/sites/add/fbid:107408672677415"", ""Create"")"
"Diamond Merchant",14,"J.N.J van Oranje-Nassau Diamond Merchants",,,,,,"Retail and consumer merchandise",,9,,332762840112036,http://www.facebook.com/332762840112036,"=HYPERLINK(""http://www.facebook.com/332762840112036/?sk=info"", ""332762840112036"")","=HYPERLINK(""http://builder.page2site.com/sites/add/fbid:332762840112036"", ""Create"")"
"Diamond Merchant",15,"Peter Acs & Company Worldwide Diamond Merchants",847-256-2478,,"United States",1,Kenilworth,"Local business",,137,,110606328985236,http://www.facebook.com/110606328985236,"=HYPERLINK(""http://www.facebook.com/110606328985236/?sk=info"", ""110606328985236"")","=HYPERLINK(""http://builder.page2site.com/sites/add/fbid:110606328985236"", ""Create"")"
"Diamond Merchant",16,"Chisholm Hunter Diamond Merchant","+44 (0) 870 087 0168",,"United Kingdom",44,Glasgow,"Local business","[{""id"":""2500"",""name"":""Local Business""}]",3,,101723893223890,http://www.facebook.com/101723893223890,"=HYPERLINK(""http://www.facebook.com/101723893223890/?sk=info"", ""101723893223890"")","=HYPERLINK(""http://builder.page2site.com/sites/add/fbid:101723893223890"", ""Create"")"
"Diamond Merchant",17,"Diamond jewellery merchant",,,"United Kingdom",44,London,Company,,,,1489794321298993,http://www.facebook.com/1489794321298993,"=HYPERLINK(""http://www.facebook.com/1489794321298993/?sk=info"", ""1489794321298993"")","=HYPERLINK(""http://builder.page2site.com/sites/add/fbid:1489794321298993"", ""Create"")"
"Diamond Merchant",18,"Diamond Elite Merchant","(862) 249-4006",,"United States",1,Clifton,"Local business","[{""id"":""2500"",""name"":""Local Business""}]",,,132942133423149,http://www.facebook.com/132942133423149,"=HYPERLINK(""http://www.facebook.com/132942133423149/?sk=info"", ""132942133423149"")","=HYPERLINK(""http://builder.page2site.com/sites/add/fbid:132942133423149"", ""Create"")"
"Diamond Merchant",19,"Diamond Merchants Intl","(954) 596-5199",,"United States",1,"Deerfield Beach","Local business","[{""id"":""2500"",""name"":""Local Business""}]",5,,156978124336646,http://www.facebook.com/156978124336646,"=HYPERLINK(""http://www.facebook.com/156978124336646/?sk=info"", ""156978124336646"")","=HYPERLINK(""http://builder.page2site.com/sites/add/fbid:156978124336646"", ""Create"")"
"Diamond Merchant",20,"Chisholm Hunter Diamond Merchant","+44 (0) 1925 234508",,"United Kingdom",44,Warrington,"Local business","[{""id"":""2500"",""name"":""Local Business""}]",4,,146701958698664,http://www.facebook.com/146701958698664,"=HYPERLINK(""http://www.facebook.com/146701958698664/?sk=info"", ""146701958698664"")","=HYPERLINK(""http://builder.page2site.com/sites/add/fbid:146701958698664"", ""Create"")"
"Diamond Merchant",21,"Diamond Merchant Services LLC","(330) 345-1161",,"United States",1,Wooster,"Local business","[{""id"":""176831012360626"",""name"":""Professional Services""}]",,,158416867514095,http://www.facebook.com/158416867514095,"=HYPERLINK(""http://www.facebook.com/158416867514095/?sk=info"", ""158416867514095"")","=HYPERLINK(""http://builder.page2site.com/sites/add/fbid:158416867514095"", ""Create"")"
"Diamond Merchant",22,"Diamond Merchant Svces Corp","(718) 595-0805",,"United States",1,"Rego Park","Local business","[{""id"":""2500"",""name"":""Local Business""}]",,,135006963216804,http://www.facebook.com/135006963216804,"=HYPERLINK(""http://www.facebook.com/135006963216804/?sk=info"", ""135006963216804"")","=HYPERLINK(""http://builder.page2site.com/sites/add/fbid:135006963216804"", ""Create"")"
"Diamond Merchant",23,"Chisholm Hunter Diamond Merchant","+44 (0) 131 555 5307",www.chisholmhunter.co.uk,"United Kingdom",44,Edinburgh,"Local business","[{""id"":""2500"",""name"":""Local Business""}]",6,,125915584126888,http://www.facebook.com/125915584126888,"=HYPERLINK(""http://www.facebook.com/125915584126888/?sk=info"", ""125915584126888"")","=HYPERLINK(""http://builder.page2site.com/sites/add/fbid:125915584126888"", ""Create"")"
"Diamond Merchant",24,"Chisholm Hunter Diamond Merchant","+44 (0) 1786 471999",,"United Kingdom",44,Stirling,"Local business","[{""id"":""2500"",""name"":""Local Business""}]",4,,154285084600392,http://www.facebook.com/154285084600392,"=HYPERLINK(""http://www.facebook.com/154285084600392/?sk=info"", ""154285084600392"")","=HYPERLINK(""http://builder.page2site.com/sites/add/fbid:154285084600392"", ""Create"")"
"Diamond Merchant",25,"Chisholm Hunter Diamond Merchant","+44 (0) 115 941 9166",,"United Kingdom",44,Nottingham,"Local business","[{""id"":""2500"",""name"":""Local Business""}]",3,,128262173890203,http://www.facebook.com/128262173890203,"=HYPERLINK(""http://www.facebook.com/128262173890203/?sk=info"", ""128262173890203"")","=HYPERLINK(""http://builder.page2site.com/sites/add/fbid:128262173890203"", ""Create"")"
"Diamond Merchant",26,"Chisholm Hunter Diamond Merchant","+44 (0) 1324 613630",,"United Kingdom",44,Falkirk,"Local business","[{""id"":""2500"",""name"":""Local Business""}]",2,,108798125846018,http://www.facebook.com/108798125846018,"=HYPERLINK(""http://www.facebook.com/108798125846018/?sk=info"", ""108798125846018"")","=HYPERLINK(""http://builder.page2site.com/sites/add/fbid:108798125846018"", ""Create"")"
"Diamond Merchant",27,24,,"http://www.fox.com/24  ",,,,"Tv show",,4955973,5208,14176232250,http://www.facebook.com/14176232250,"=HYPERLINK(""http://www.facebook.com/14176232250/?sk=info"", ""14176232250"")","=HYPERLINK(""http://builder.page2site.com/sites/add/fbid:14176232250"", ""Create"")"
"Diamond Merchant",28,"Diamond Furniture","(856) 663-1400",,"United States",1,Merchantville,"Local business","[{""id"":""191990114153751"",""name"":""Mattresses & Bedding""},{""id"":""162845797101278"",""name"":""Furniture Store""}]",2,,162549433763015,http://www.facebook.com/162549433763015,"=HYPERLINK(""http://www.facebook.com/162549433763015/?sk=info"", ""162549433763015"")","=HYPERLINK(""http://builder.page2site.com/sites/add/fbid:162549433763015"", ""Create"")"
"Diamond Merchant",29,"Webster Merchant Services","(215) 264-3548",http://cloudcompanyservices.com/24512,"United States",1,Sellersville,"Consulting/business services","[{""id"":""2248"",""name"":""Consulting\/Business Services""}]",1,,210746655743727,http://www.facebook.com/210746655743727,"=HYPERLINK(""http://www.facebook.com/210746655743727/?sk=info"", ""210746655743727"")","=HYPERLINK(""http://builder.page2site.com/sites/add/fbid:210746655743727"", ""Create"")"
"Diamond Merchant",30,"Merchant Jr MD Robert F","(775) 329-3100",,"United States",1,Reno,"Local business","[{""id"":""188234584533149"",""name"":""Doctor""}]",,,163127597040206,http://www.facebook.com/163127597040206,"=HYPERLINK(""http://www.facebook.com/163127597040206/?sk=info"", ""163127597040206"")","=HYPERLINK(""http://builder.page2site.com/sites/add/fbid:163127597040206"", ""Create"")"
"Diamond Merchant",31,"United Merchant Service","(909) 860-4200",,"United States",1,"Diamond Bar","Local business","[{""id"":""187133811318958"",""name"":""Business Services""},{""id"":""128816990522299"",""name"":""Bank Equipment & Service""}]",,,115596615166039,http://www.facebook.com/115596615166039,"=HYPERLINK(""http://www.facebook.com/115596615166039/?sk=info"", ""115596615166039"")","=HYPERLINK(""http://builder.page2site.com/sites/add/fbid:115596615166039"", ""Create"")"
