Keyword,#,Name,Phone,Website,Country,"Country code",City,Category,"Category List",Likes,"Talking about","Facebook ID","Facebook Url","Facebook Page Link","P2S Website"
"Ear Piercing Beauty Salon",0,"Pure Identity/Beauty Salon/Body Piercing/Ear Piercing",01246766180,"http://pure-identity.co.uk adelethesalonforhair@gmail.com","United Kingdom",44,Chesterfield,Health/beauty,"[{""id"":""199236533423806"",""name"":""Beauty Salon""}]",258,8,121792898012801,http://www.facebook.com/121792898012801,"=HYPERLINK(""http://www.facebook.com/121792898012801/?sk=info"", ""121792898012801"")","=HYPERLINK(""http://builder.page2site.com/sites/add/fbid:121792898012801"", ""Create"")"
"Ear Piercing Beauty Salon",1,"Brighton Ear Piercing Centre","01273 249595",http://www.brightonearpiercing.co.uk,"United Kingdom",44,Brighton,"Local business","[{""id"":""199236533423806"",""name"":""Beauty Salon""}]",35,,235417413308003,http://www.facebook.com/235417413308003,"=HYPERLINK(""http://www.facebook.com/235417413308003/?sk=info"", ""235417413308003"")","=HYPERLINK(""http://builder.page2site.com/sites/add/fbid:235417413308003"", ""Create"")"
"Ear Piercing Beauty Salon",2,"Karratha Ear Piercing",,,Australia,61,Karratha,"Spas/beauty/personal care","[{""id"":""199236533423806"",""name"":""Beauty Salon""}]",108,16,283516151831430,http://www.facebook.com/283516151831430,"=HYPERLINK(""http://www.facebook.com/283516151831430/?sk=info"", ""283516151831430"")","=HYPERLINK(""http://builder.page2site.com/sites/add/fbid:283516151831430"", ""Create"")"
"Ear Piercing Beauty Salon",3,"Ear piercing by Leanne",07817249459,,"United Kingdom",44,Runcorn,"Spas/beauty/personal care","[{""id"":""199236533423806"",""name"":""Beauty Salon""}]",82,,317815181700718,http://www.facebook.com/317815181700718,"=HYPERLINK(""http://www.facebook.com/317815181700718/?sk=info"", ""317815181700718"")","=HYPERLINK(""http://builder.page2site.com/sites/add/fbid:317815181700718"", ""Create"")"
"Ear Piercing Beauty Salon",4,"Shaped & Styled mobile hair & Ear piercing",07423313168,,"United Kingdom",44,Liverpool,"Spas/beauty/personal care","[{""id"":""174177802634376"",""name"":""Hair Salon""}]",232,5,252412964908230,http://www.facebook.com/252412964908230,"=HYPERLINK(""http://www.facebook.com/252412964908230/?sk=info"", ""252412964908230"")","=HYPERLINK(""http://builder.page2site.com/sites/add/fbid:252412964908230"", ""Create"")"
"Ear Piercing Beauty Salon",5,"Schisler Beauty Salon & Ear Piercing Center","(217) 322-3209",,"United States",1,Rushville,"Local business","[{""id"":""199236533423806"",""name"":""Beauty Salon""},{""id"":""196188420407122"",""name"":""Tattoo & Piercing""}]",2,,147598088618555,http://www.facebook.com/147598088618555,"=HYPERLINK(""http://www.facebook.com/147598088618555/?sk=info"", ""147598088618555"")","=HYPERLINK(""http://builder.page2site.com/sites/add/fbid:147598088618555"", ""Create"")"
"Ear Piercing Beauty Salon",6,"Annabel's Mobile Hairdressing & Ear piercing","07885 789640",,"United Kingdom",44,Hythe,"Spas/beauty/personal care","[{""id"":""174177802634376"",""name"":""Hair Salon""}]",40,,173994572756208,http://www.facebook.com/173994572756208,"=HYPERLINK(""http://www.facebook.com/173994572756208/?sk=info"", ""173994572756208"")","=HYPERLINK(""http://builder.page2site.com/sites/add/fbid:173994572756208"", ""Create"")"
