Keyword,#,Name,Phone,Website,Country,"Country code",City,Category,"Category List",Likes,"Talking about","Facebook ID","Facebook Url","Facebook Page Link","P2S Website"
"Exercise Physiologist",0,"Kaizen Exercise Physiologists","(07) 5641 1132",www.kaizenexphys.com.au,Australia,61,Maroochydore,Health/medical/pharmaceuticals,"[{""id"":""191681657527859"",""name"":""Fitness Center""},{""id"":""181885068517499"",""name"":""Physical Therapist""},{""id"":""181045748599578"",""name"":""Personal Trainer""}]",1330,102,114379208641960,http://www.facebook.com/114379208641960,"=HYPERLINK(""http://www.facebook.com/114379208641960/?sk=info"", ""114379208641960"")","=HYPERLINK(""http://builder.page2site.com/sites/add/fbid:114379208641960"", ""Create"")"
"Exercise Physiologist",1,"Katherine Bissett- Exercise Physiologist","0419 575 881",,Australia,61,"Swan Hill",Health/medical/pharmacy,,671,104,578094585576087,http://www.facebook.com/578094585576087,"=HYPERLINK(""http://www.facebook.com/578094585576087/?sk=info"", ""578094585576087"")","=HYPERLINK(""http://builder.page2site.com/sites/add/fbid:578094585576087"", ""Create"")"
"Exercise Physiologist",2,"Rapid Exercise Physiologist Nanango",0741632661,http://www.rapidfitnessaustralia.com.au/physiology.html,Australia,61,Nanango,"Local business","[{""id"":""145118935550090"",""name"":""Medical & Health""}]",57,9,136226709764755,http://www.facebook.com/136226709764755,"=HYPERLINK(""http://www.facebook.com/136226709764755/?sk=info"", ""136226709764755"")","=HYPERLINK(""http://builder.page2site.com/sites/add/fbid:136226709764755"", ""Create"")"
"Exercise Physiologist",3,"A.E.P Accredited Exercise Physiologist","0430 058 161",http://www.aepgeelong.com.au,Australia,61,"Geelong West",Health/medical/pharmacy,"[{""id"":""145118935550090"",""name"":""Medical & Health""}]",134,34,277402479029269,http://www.facebook.com/277402479029269,"=HYPERLINK(""http://www.facebook.com/277402479029269/?sk=info"", ""277402479029269"")","=HYPERLINK(""http://builder.page2site.com/sites/add/fbid:277402479029269"", ""Create"")"
"Exercise Physiologist",4,"AMS Exercise Physiologist",,http://www.facebook.com/ashiffer,"United States",1,Champaign,Health/beauty,"[{""id"":""181045748599578"",""name"":""Personal Trainer""},{""id"":""188460567855224"",""name"":""Disabled Persons Services""},{""id"":""109615542448700"",""name"":""Physical Fitness""}]",94,16,782908315056743,http://www.facebook.com/782908315056743,"=HYPERLINK(""http://www.facebook.com/782908315056743/?sk=info"", ""782908315056743"")","=HYPERLINK(""http://builder.page2site.com/sites/add/fbid:782908315056743"", ""Create"")"
"Exercise Physiologist",5,"Exercise Physiologist",,,,,,Profession,,61,,110608978960450,http://www.facebook.com/110608978960450,"=HYPERLINK(""http://www.facebook.com/110608978960450/?sk=info"", ""110608978960450"")","=HYPERLINK(""http://builder.page2site.com/sites/add/fbid:110608978960450"", ""Create"")"
"Exercise Physiologist",6,"Exercise Physiologists of Colorado and the USA",,http://living-exphys.tumblr.com/,,,,Community,,64,,1503163853263276,http://www.facebook.com/1503163853263276,"=HYPERLINK(""http://www.facebook.com/1503163853263276/?sk=info"", ""1503163853263276"")","=HYPERLINK(""http://builder.page2site.com/sites/add/fbid:1503163853263276"", ""Create"")"
"Exercise Physiologist",7,"Katelyn Faison, Exercise Physiologist",,http://www.katelynfaison.com,,,,"Health/wellness website",,55,48,1430460143832215,http://www.facebook.com/1430460143832215,"=HYPERLINK(""http://www.facebook.com/1430460143832215/?sk=info"", ""1430460143832215"")","=HYPERLINK(""http://builder.page2site.com/sites/add/fbid:1430460143832215"", ""Create"")"
"Exercise Physiologist",8,"Accredited Exercise Physiologist -AEP","04152 333 33",,Australia,61,Perth,Health/medical/pharmacy,,56,1,134380166639368,http://www.facebook.com/134380166639368,"=HYPERLINK(""http://www.facebook.com/134380166639368/?sk=info"", ""134380166639368"")","=HYPERLINK(""http://builder.page2site.com/sites/add/fbid:134380166639368"", ""Create"")"
"Exercise Physiologist",9,"Achieve Exercise Physiologists Pty Ltd",0402049250,http://www.achieveexercise.com.au,Australia,61,Townsville,Health/medical/pharmaceuticals,"[{""id"":""2243"",""name"":""Health\/Medical\/Pharmaceuticals""}]",146,5,710542885668817,http://www.facebook.com/710542885668817,"=HYPERLINK(""http://www.facebook.com/710542885668817/?sk=info"", ""710542885668817"")","=HYPERLINK(""http://builder.page2site.com/sites/add/fbid:710542885668817"", ""Create"")"
"Exercise Physiologist",10,"Shaned Gaffney, Exercise Physiologist & Health Coach","0418 146 973",,Australia,61,Hobart,Health/medical/pharmaceuticals,"[{""id"":""145118935550090"",""name"":""Medical & Health""}]",276,46,421267761312459,http://www.facebook.com/421267761312459,"=HYPERLINK(""http://www.facebook.com/421267761312459/?sk=info"", ""421267761312459"")","=HYPERLINK(""http://builder.page2site.com/sites/add/fbid:421267761312459"", ""Create"")"
"Exercise Physiologist",11,"My Exercise Physiologist with Joshua Van Den Broek",,http://www.myexercisephysiologist.com,,,,"Health/wellness website",,219,2,607934882597755,http://www.facebook.com/607934882597755,"=HYPERLINK(""http://www.facebook.com/607934882597755/?sk=info"", ""607934882597755"")","=HYPERLINK(""http://builder.page2site.com/sites/add/fbid:607934882597755"", ""Create"")"
"Exercise Physiologist",12,"Cherie D'Andrea - Accredited Exercise Physiologist",0401385633,,Australia,61,Ballina,Health/medical/pharmacy,"[{""id"":""109615542448700"",""name"":""Physical Fitness""}]",174,,698496173547010,http://www.facebook.com/698496173547010,"=HYPERLINK(""http://www.facebook.com/698496173547010/?sk=info"", ""698496173547010"")","=HYPERLINK(""http://builder.page2site.com/sites/add/fbid:698496173547010"", ""Create"")"
"Exercise Physiologist",13,"Kim Way - Accredited Exercise Physiologist",,,,,,Health/medical/pharmaceuticals,,99,7,450896218369559,http://www.facebook.com/450896218369559,"=HYPERLINK(""http://www.facebook.com/450896218369559/?sk=info"", ""450896218369559"")","=HYPERLINK(""http://builder.page2site.com/sites/add/fbid:450896218369559"", ""Create"")"
"Exercise Physiologist",14,"Scott Howard Exercise Physiologist","0423 492 426",https://www.linkedin.com/profile/view?id=273277586&trk=nav_responsive_tab_profile&_mSplash=1,,,,Health/medical/pharmacy,"[{""id"":""181885068517499"",""name"":""Physical Therapist""}]",104,11,520770574669948,http://www.facebook.com/520770574669948,"=HYPERLINK(""http://www.facebook.com/520770574669948/?sk=info"", ""520770574669948"")","=HYPERLINK(""http://builder.page2site.com/sites/add/fbid:520770574669948"", ""Create"")"
"Exercise Physiologist",15,"Courtney Day, Exercise Physiologist/ ACSM Certified Personal Trainer","(773) 899-2350",,"United States",1,Chicago,Health/medical/pharmacy,"[{""id"":""181045748599578"",""name"":""Personal Trainer""}]",135,,269851396370441,http://www.facebook.com/269851396370441,"=HYPERLINK(""http://www.facebook.com/269851396370441/?sk=info"", ""269851396370441"")","=HYPERLINK(""http://builder.page2site.com/sites/add/fbid:269851396370441"", ""Create"")"
"Exercise Physiologist",16,"KB Nutrition - Kate Bennett Dietitian and Exercise Physiologist","0426 245 774",http://www.kbnutrition.com.au,Australia,61,Pymble,Health/medical/pharmacy,"[{""id"":""197995016883073"",""name"":""Nutritionist""}]",95,,330059713838894,http://www.facebook.com/330059713838894,"=HYPERLINK(""http://www.facebook.com/330059713838894/?sk=info"", ""330059713838894"")","=HYPERLINK(""http://builder.page2site.com/sites/add/fbid:330059713838894"", ""Create"")"
"Exercise Physiologist",17,"Naomi Ferstera - Exercise Physiologist/Exercise Scientist/Educator",0403282363,"http://alphafited.com ",,,,"Business person",,195,12,616574005055062,http://www.facebook.com/616574005055062,"=HYPERLINK(""http://www.facebook.com/616574005055062/?sk=info"", ""616574005055062"")","=HYPERLINK(""http://builder.page2site.com/sites/add/fbid:616574005055062"", ""Create"")"
"Exercise Physiologist",18,"Catherine Mercer M.S.   Exercise Physiologist/Personal Trainer","(708) 767-5251",http://cmercerpersonaltrainer.com,"United States",1,"Orland Park","Local business",,56,4,119185398132982,http://www.facebook.com/119185398132982,"=HYPERLINK(""http://www.facebook.com/119185398132982/?sk=info"", ""119185398132982"")","=HYPERLINK(""http://builder.page2site.com/sites/add/fbid:119185398132982"", ""Create"")"
"Exercise Physiologist",19,"Metro North Exercise Physiologists",,,,,,Community,,23,,648089748557188,http://www.facebook.com/648089748557188,"=HYPERLINK(""http://www.facebook.com/648089748557188/?sk=info"", ""648089748557188"")","=HYPERLINK(""http://builder.page2site.com/sites/add/fbid:648089748557188"", ""Create"")"
"Exercise Physiologist",20,"Pete Nind Exercise Physiologist, Sports Scientist and PT",,,,,,"Local business",,13,,795024080528178,http://www.facebook.com/795024080528178,"=HYPERLINK(""http://www.facebook.com/795024080528178/?sk=info"", ""795024080528178"")","=HYPERLINK(""http://builder.page2site.com/sites/add/fbid:795024080528178"", ""Create"")"
"Exercise Physiologist",21,"Aimee Weber- Exercise Physiologist at First Health Associates",,www.firsthealthassociates.com,"United States",1,"Arlington Heights",Health/medical/pharmaceuticals,"[{""id"":""2243"",""name"":""Health\/Medical\/Pharmaceuticals""}]",93,1,180546628686713,http://www.facebook.com/180546628686713,"=HYPERLINK(""http://www.facebook.com/180546628686713/?sk=info"", ""180546628686713"")","=HYPERLINK(""http://builder.page2site.com/sites/add/fbid:180546628686713"", ""Create"")"
"Exercise Physiologist",22,"Heidi Keen: Accredited Exercise Physiologist","0404212154 ",www.kineticoncepts.com,Australia,61,Sydney,Health/medical/pharmacy,"[{""id"":""145118935550090"",""name"":""Medical & Health""}]",22,,220164297999224,http://www.facebook.com/220164297999224,"=HYPERLINK(""http://www.facebook.com/220164297999224/?sk=info"", ""220164297999224"")","=HYPERLINK(""http://builder.page2site.com/sites/add/fbid:220164297999224"", ""Create"")"
"Exercise Physiologist",23,"Exercise Physiologist / Supervisor",,,,,,"Work position",,,,318142061706246,http://www.facebook.com/318142061706246,"=HYPERLINK(""http://www.facebook.com/318142061706246/?sk=info"", ""318142061706246"")","=HYPERLINK(""http://builder.page2site.com/sites/add/fbid:318142061706246"", ""Create"")"
"Exercise Physiologist",24,"Harmonee Dove Accredited Exercise Physiologist","0434284287, Eco Clinics (07) 5535 0069",www.ecoclinics.com.au,Australia,61,"Varsity Lakes",Health/medical/pharmaceuticals,"[{""id"":""2243"",""name"":""Health\/Medical\/Pharmaceuticals""}]",56,,302164369831607,http://www.facebook.com/302164369831607,"=HYPERLINK(""http://www.facebook.com/302164369831607/?sk=info"", ""302164369831607"")","=HYPERLINK(""http://builder.page2site.com/sites/add/fbid:302164369831607"", ""Create"")"
"Exercise Physiologist",25,"SS Combined Health - NFJ Exercise Physiologists",0488185669,http://www.veteransexercise.com.au,Australia,61,Melbourne,Health/medical/pharmacy,"[{""id"":""181885068517499"",""name"":""Physical Therapist""}]",84,,1505600203005032,http://www.facebook.com/1505600203005032,"=HYPERLINK(""http://www.facebook.com/1505600203005032/?sk=info"", ""1505600203005032"")","=HYPERLINK(""http://builder.page2site.com/sites/add/fbid:1505600203005032"", ""Create"")"
"Exercise Physiologist",26,"Exercise Physiologist Graduate Assistant",,,,,,"Work position",,,,1560647274168284,http://www.facebook.com/1560647274168284,"=HYPERLINK(""http://www.facebook.com/1560647274168284/?sk=info"", ""1560647274168284"")","=HYPERLINK(""http://builder.page2site.com/sites/add/fbid:1560647274168284"", ""Create"")"
"Exercise Physiologist",27,"American Society of Exercise Physiologists",,,,,,Organization,,73,,115557591794228,http://www.facebook.com/115557591794228,"=HYPERLINK(""http://www.facebook.com/115557591794228/?sk=info"", ""115557591794228"")","=HYPERLINK(""http://builder.page2site.com/sites/add/fbid:115557591794228"", ""Create"")"
"Exercise Physiologist",28,"Shawn Connor - Accredited Exercise Physiologist/Personal Trainer",,,,,,"Professional services",,138,1,139087372926718,http://www.facebook.com/139087372926718,"=HYPERLINK(""http://www.facebook.com/139087372926718/?sk=info"", ""139087372926718"")","=HYPERLINK(""http://builder.page2site.com/sites/add/fbid:139087372926718"", ""Create"")"
"Exercise Physiologist",29,"Clinical Exercise Physiologist (CEP)",,,,,,"Work position",,,,289487544574460,http://www.facebook.com/289487544574460,"=HYPERLINK(""http://www.facebook.com/289487544574460/?sk=info"", ""289487544574460"")","=HYPERLINK(""http://builder.page2site.com/sites/add/fbid:289487544574460"", ""Create"")"
"Exercise Physiologist",30,"Accredited Exercise Physiologist/ Owner",,,,,,"Work position",,,,752312281514383,http://www.facebook.com/752312281514383,"=HYPERLINK(""http://www.facebook.com/752312281514383/?sk=info"", ""752312281514383"")","=HYPERLINK(""http://builder.page2site.com/sites/add/fbid:752312281514383"", ""Create"")"
"Exercise Physiologist",31,"Head Exercise Physiologist & Coach",,,,,,"Work position",,,,1498430530440943,http://www.facebook.com/1498430530440943,"=HYPERLINK(""http://www.facebook.com/1498430530440943/?sk=info"", ""1498430530440943"")","=HYPERLINK(""http://builder.page2site.com/sites/add/fbid:1498430530440943"", ""Create"")"
"Exercise Physiologist",32,"Clinical Exercise Physiologist - Intern",,,,,,"Work position",,,,377231252440124,http://www.facebook.com/377231252440124,"=HYPERLINK(""http://www.facebook.com/377231252440124/?sk=info"", ""377231252440124"")","=HYPERLINK(""http://builder.page2site.com/sites/add/fbid:377231252440124"", ""Create"")"
"Exercise Physiologist",33,"Exercise Physiologist & Emergency Preparedness Coordinator",,,,,,"Work position",,,,869168539774110,http://www.facebook.com/869168539774110,"=HYPERLINK(""http://www.facebook.com/869168539774110/?sk=info"", ""869168539774110"")","=HYPERLINK(""http://builder.page2site.com/sites/add/fbid:869168539774110"", ""Create"")"
"Exercise Physiologist",34,"im an exercise physiologist",,,,,,"Work position",,,,652018771582519,http://www.facebook.com/652018771582519,"=HYPERLINK(""http://www.facebook.com/652018771582519/?sk=info"", ""652018771582519"")","=HYPERLINK(""http://builder.page2site.com/sites/add/fbid:652018771582519"", ""Create"")"
"Exercise Physiologist",35,"Exercise Physiologist/Nutrition and Exercise Counselor",,,,,,"Work position",,,,1549362655298918,http://www.facebook.com/1549362655298918,"=HYPERLINK(""http://www.facebook.com/1549362655298918/?sk=info"", ""1549362655298918"")","=HYPERLINK(""http://builder.page2site.com/sites/add/fbid:1549362655298918"", ""Create"")"
"Exercise Physiologist",36,"Exercise Physiologist/Trainer and Admin Assistant",,,,,,"Work position",,,,738258726223424,http://www.facebook.com/738258726223424,"=HYPERLINK(""http://www.facebook.com/738258726223424/?sk=info"", ""738258726223424"")","=HYPERLINK(""http://builder.page2site.com/sites/add/fbid:738258726223424"", ""Create"")"
"Exercise Physiologist",37,"Exercise Physiologist/Trainer in cardiac rehab",,,,,,"Work position",,,,761510317254757,http://www.facebook.com/761510317254757,"=HYPERLINK(""http://www.facebook.com/761510317254757/?sk=info"", ""761510317254757"")","=HYPERLINK(""http://builder.page2site.com/sites/add/fbid:761510317254757"", ""Create"")"
"Exercise Physiologist",38,"Exercise Physiologist/Trainer and Health Education",,,,,,"Work position",,,,795080110531180,http://www.facebook.com/795080110531180,"=HYPERLINK(""http://www.facebook.com/795080110531180/?sk=info"", ""795080110531180"")","=HYPERLINK(""http://builder.page2site.com/sites/add/fbid:795080110531180"", ""Create"")"
"Exercise Physiologist",39,"Exercise Physiologist/ Personal Trainer/Wellness Coach",,,,,,"Work position",,,,1512186105704303,http://www.facebook.com/1512186105704303,"=HYPERLINK(""http://www.facebook.com/1512186105704303/?sk=info"", ""1512186105704303"")","=HYPERLINK(""http://builder.page2site.com/sites/add/fbid:1512186105704303"", ""Create"")"
"Exercise Physiologist",40,"Exercise Physiologist and Strength and Conditioning Coach",,,,,,"Work position",,,,1542232669341550,http://www.facebook.com/1542232669341550,"=HYPERLINK(""http://www.facebook.com/1542232669341550/?sk=info"", ""1542232669341550"")","=HYPERLINK(""http://builder.page2site.com/sites/add/fbid:1542232669341550"", ""Create"")"
"Exercise Physiologist",41,"Certified Diabetes Educator/ Exercise physiologist",,,,,,"Work position",,,,835590939819449,http://www.facebook.com/835590939819449,"=HYPERLINK(""http://www.facebook.com/835590939819449/?sk=info"", ""835590939819449"")","=HYPERLINK(""http://builder.page2site.com/sites/add/fbid:835590939819449"", ""Create"")"
"Exercise Physiologist",42,"Research Officer (Clinical Exercise Physiologist)",,,,,,"Work position",,,,1499795406969014,http://www.facebook.com/1499795406969014,"=HYPERLINK(""http://www.facebook.com/1499795406969014/?sk=info"", ""1499795406969014"")","=HYPERLINK(""http://builder.page2site.com/sites/add/fbid:1499795406969014"", ""Create"")"
"Exercise Physiologist",43,"Clinic Director/Clinical Exercise Physiologist",,,,,,"Work position",,,,1574483226109066,http://www.facebook.com/1574483226109066,"=HYPERLINK(""http://www.facebook.com/1574483226109066/?sk=info"", ""1574483226109066"")","=HYPERLINK(""http://builder.page2site.com/sites/add/fbid:1574483226109066"", ""Create"")"
"Exercise Physiologist",44,"Accredited Practising Dietitian/Accredited Exercise Physiologist",,,,,,"Work position",,,,663956337059452,http://www.facebook.com/663956337059452,"=HYPERLINK(""http://www.facebook.com/663956337059452/?sk=info"", ""663956337059452"")","=HYPERLINK(""http://builder.page2site.com/sites/add/fbid:663956337059452"", ""Create"")"
"Exercise Physiologist",45,"Research Officer (Registered Clinical Exercise Physiologist)",,,,,,"Work position",,,,753483808058148,http://www.facebook.com/753483808058148,"=HYPERLINK(""http://www.facebook.com/753483808058148/?sk=info"", ""753483808058148"")","=HYPERLINK(""http://builder.page2site.com/sites/add/fbid:753483808058148"", ""Create"")"
"Exercise Physiologist",46,"Exercise Physiologist","04152 333 33",,Australia,61,Perth,Health/medical/pharmacy,"[{""id"":""145118935550090"",""name"":""Medical & Health""}]",6,,176455395746168,http://www.facebook.com/176455395746168,"=HYPERLINK(""http://www.facebook.com/176455395746168/?sk=info"", ""176455395746168"")","=HYPERLINK(""http://builder.page2site.com/sites/add/fbid:176455395746168"", ""Create"")"
"Exercise Physiologist",47,"Exercise physiologist",0450678484,,Australia,61,Ulladulla,"Professional services","[{""id"":""176831012360626"",""name"":""Professional Services""}]",,,1456598471259753,http://www.facebook.com/1456598471259753,"=HYPERLINK(""http://www.facebook.com/1456598471259753/?sk=info"", ""1456598471259753"")","=HYPERLINK(""http://builder.page2site.com/sites/add/fbid:1456598471259753"", ""Create"")"
"Exercise Physiologist",48,"Cincinnati Exercise Physiologists","(513) 523-2334",,"United States",1,Oxford,"Local business","[{""id"":""109615542448700"",""name"":""Physical Fitness""}]",1,,107408362648961,http://www.facebook.com/107408362648961,"=HYPERLINK(""http://www.facebook.com/107408362648961/?sk=info"", ""107408362648961"")","=HYPERLINK(""http://builder.page2site.com/sites/add/fbid:107408362648961"", ""Create"")"
"Exercise Physiologist",49,"Binumol Joseph ,Exercise physiologist",0732049300,http://www.genesisfitness.com.au,Australia,61,Rothwell,Health/medical/pharmacy,"[{""id"":""181885068517499"",""name"":""Physical Therapist""}]",10,,641530165935425,http://www.facebook.com/641530165935425,"=HYPERLINK(""http://www.facebook.com/641530165935425/?sk=info"", ""641530165935425"")","=HYPERLINK(""http://builder.page2site.com/sites/add/fbid:641530165935425"", ""Create"")"
"Exercise Physiologist",50,"Mackay Exercise Physiologist",0402040649,,Australia,61,"Finch Hatton",Health/medical/pharmacy,"[{""id"":""109615542448700"",""name"":""Physical Fitness""}]",,,444516512284233,http://www.facebook.com/444516512284233,"=HYPERLINK(""http://www.facebook.com/444516512284233/?sk=info"", ""444516512284233"")","=HYPERLINK(""http://builder.page2site.com/sites/add/fbid:444516512284233"", ""Create"")"
"Exercise Physiologist",51,"AEP Accredited Exercise Physiologist - ESSAM","0402 749 419",,Australia,61,Sydney,Health/medical/pharmacy,"[{""id"":""176831012360626"",""name"":""Professional Services""}]",3,,624713000875656,http://www.facebook.com/624713000875656,"=HYPERLINK(""http://www.facebook.com/624713000875656/?sk=info"", ""624713000875656"")","=HYPERLINK(""http://builder.page2site.com/sites/add/fbid:624713000875656"", ""Create"")"
"Exercise Physiologist",52,"Lauren McGrath - Dietitian and Exercise Physiologist",0427782540,,Australia,61,Canberra,Health/medical/pharmacy,"[{""id"":""197995016883073"",""name"":""Nutritionist""}]",1,,318985974924474,http://www.facebook.com/318985974924474,"=HYPERLINK(""http://www.facebook.com/318985974924474/?sk=info"", ""318985974924474"")","=HYPERLINK(""http://builder.page2site.com/sites/add/fbid:318985974924474"", ""Create"")"
