Keyword,#,Name,Phone,Website,Country,"Country code",City,Category,"Category List",Likes,"Talking about","Facebook ID","Facebook Url","Facebook Page Link","P2S Website"
"French Polisher",0,"French Polisher 4U","0800 371341",http://www.frenchpolisher4u.co.uk,"United Kingdom",44,Chesterfield,"Business services","[{""id"":""187813774574368"",""name"":""Furniture Repair""}]",282,4,223971247792599,http://www.facebook.com/223971247792599,"=HYPERLINK(""http://www.facebook.com/223971247792599/?sk=info"", ""223971247792599"")","=HYPERLINK(""http://builder.page2site.com/sites/add/fbid:223971247792599"", ""Create"")"
"French Polisher",1,"French Polisher","Tel: 01892689979, Mobile: 07796377242",,"United Kingdom",44,"Tunbridge Wells","Local business","[{""id"":""2500"",""name"":""Local Business""}]",31,,5762029249,http://www.facebook.com/5762029249,"=HYPERLINK(""http://www.facebook.com/5762029249/?sk=info"", ""5762029249"")","=HYPERLINK(""http://builder.page2site.com/sites/add/fbid:5762029249"", ""Create"")"
"French Polisher",2,"French Polishers","01245 353 708 ",www.lomasandpigeon.co.uk,,,,Company,,3,,253233288028464,http://www.facebook.com/253233288028464,"=HYPERLINK(""http://www.facebook.com/253233288028464/?sk=info"", ""253233288028464"")","=HYPERLINK(""http://builder.page2site.com/sites/add/fbid:253233288028464"", ""Create"")"
"French Polisher",3,"Classic French Polishers",0363982421,http://www.classicfrenchpolishers.com.au,Australia,61,Perth,"Local business","[{""id"":""187813774574368"",""name"":""Furniture Repair""}]",92,2,302485899956752,http://www.facebook.com/302485899956752,"=HYPERLINK(""http://www.facebook.com/302485899956752/?sk=info"", ""302485899956752"")","=HYPERLINK(""http://builder.page2site.com/sites/add/fbid:302485899956752"", ""Create"")"
"French Polisher",4,"David Woodhouse French Polisher & Sprayer",07971061494/07921800763,,"United Kingdom",44,Sheffield,"Professional services","[{""id"":""187813774574368"",""name"":""Furniture Repair""}]",124,4,542642842486118,http://www.facebook.com/542642842486118,"=HYPERLINK(""http://www.facebook.com/542642842486118/?sk=info"", ""542642842486118"")","=HYPERLINK(""http://builder.page2site.com/sites/add/fbid:542642842486118"", ""Create"")"
"French Polisher",5,"L.B.Price French Polisher & Restoration's",07889892008,,"United Kingdom",44,Worcester,"Professional services","[{""id"":""187813774574368"",""name"":""Furniture Repair""}]",67,1,1543296799237831,http://www.facebook.com/1543296799237831,"=HYPERLINK(""http://www.facebook.com/1543296799237831/?sk=info"", ""1543296799237831"")","=HYPERLINK(""http://builder.page2site.com/sites/add/fbid:1543296799237831"", ""Create"")"
"French Polisher",6,"Traditional French Polisher",07788553421,www.frenchpolishersweb.com,"United Kingdom",44,Glasgow,"Local business","[{""id"":""187813774574368"",""name"":""Furniture Repair""},{""id"":""196285793716152"",""name"":""Damage Restoration Service""},{""id"":""199732070036794"",""name"":""Artistic Services""}]",73,,121757894502394,http://www.facebook.com/121757894502394,"=HYPERLINK(""http://www.facebook.com/121757894502394/?sk=info"", ""121757894502394"")","=HYPERLINK(""http://builder.page2site.com/sites/add/fbid:121757894502394"", ""Create"")"
"French Polisher",7,"GR French Polishers Ltd",01914878757,,"United Kingdom",44,"Newcastle upon Tyne","Local business","[{""id"":""2500"",""name"":""Local Business""}]",35,1,430918823716078,http://www.facebook.com/430918823716078,"=HYPERLINK(""http://www.facebook.com/430918823716078/?sk=info"", ""430918823716078"")","=HYPERLINK(""http://builder.page2site.com/sites/add/fbid:430918823716078"", ""Create"")"
"French Polisher",8,"French Polisher","0161 969 0058",www.davidheale.co.uk,"United Kingdom",44,Sale,"Local business","[{""id"":""2500"",""name"":""Local Business""}]",1,,299129144004,http://www.facebook.com/299129144004,"=HYPERLINK(""http://www.facebook.com/299129144004/?sk=info"", ""299129144004"")","=HYPERLINK(""http://builder.page2site.com/sites/add/fbid:299129144004"", ""Create"")"
"French Polisher",9,"French polishers",01525791577,,"United Kingdom",44,Bedford,"Professional services","[{""id"":""176831012360626"",""name"":""Professional Services""}]",,,1400942686833710,http://www.facebook.com/1400942686833710,"=HYPERLINK(""http://www.facebook.com/1400942686833710/?sk=info"", ""1400942686833710"")","=HYPERLINK(""http://builder.page2site.com/sites/add/fbid:1400942686833710"", ""Create"")"
"French Polisher",10,"Adelaide French Polishers","08 81653886",http://www.adelaidefrenchpolishers.com.au,Australia,61,Adelaide,"Local business","[{""id"":""187813774574368"",""name"":""Furniture Repair""},{""id"":""177645802278169"",""name"":""Painter""}]",348,,186016418232480,http://www.facebook.com/186016418232480,"=HYPERLINK(""http://www.facebook.com/186016418232480/?sk=info"", ""186016418232480"")","=HYPERLINK(""http://builder.page2site.com/sites/add/fbid:186016418232480"", ""Create"")"
"French Polisher",11,"Gyles French Polishers",07969577344,http://www.gylesfrenchpolishers.com,"United Kingdom",44,Flitwick,"Professional services","[{""id"":""187813774574368"",""name"":""Furniture Repair""},{""id"":""196285793716152"",""name"":""Damage Restoration Service""},{""id"":""193198380699462"",""name"":""Repair Service""}]",5,,1408583189399715,http://www.facebook.com/1408583189399715,"=HYPERLINK(""http://www.facebook.com/1408583189399715/?sk=info"", ""1408583189399715"")","=HYPERLINK(""http://builder.page2site.com/sites/add/fbid:1408583189399715"", ""Create"")"
"French Polisher",12,"Kevin Park French Polishers",07753279376,http://www.kevinparkfrenchpolishers.co.uk,"United Kingdom",44,Kendal,"Local business","[{""id"":""187813774574368"",""name"":""Furniture Repair""},{""id"":""209904849035077"",""name"":""Kitchen Construction""}]",16,,399985463464828,http://www.facebook.com/399985463464828,"=HYPERLINK(""http://www.facebook.com/399985463464828/?sk=info"", ""399985463464828"")","=HYPERLINK(""http://builder.page2site.com/sites/add/fbid:399985463464828"", ""Create"")"
"French Polisher",13,"H Bleasdales French Polishers",07833492134,,"United Kingdom",44,Lancaster,"Local business","[{""id"":""177721448951559"",""name"":""Workplace & Office""}]",20,,788529591170051,http://www.facebook.com/788529591170051,"=HYPERLINK(""http://www.facebook.com/788529591170051/?sk=info"", ""788529591170051"")","=HYPERLINK(""http://builder.page2site.com/sites/add/fbid:788529591170051"", ""Create"")"
"French Polisher",14,"Furniture restoration/french polisher",01179642111,,"United Kingdom",44,Bristol,"Professional services","[{""id"":""176831012360626"",""name"":""Professional Services""}]",8,,311218232367013,http://www.facebook.com/311218232367013,"=HYPERLINK(""http://www.facebook.com/311218232367013/?sk=info"", ""311218232367013"")","=HYPERLINK(""http://builder.page2site.com/sites/add/fbid:311218232367013"", ""Create"")"
"French Polisher",15,"Warwickshire Central French Polisher","01455234617 or. 07803232363",http://WARWCKSHIRECENTRAL.CO.UK,"United Kingdom",44,Hinckley,"Small business","[{""id"":""2237"",""name"":""Small Business""}]",10,1,220608887989847,http://www.facebook.com/220608887989847,"=HYPERLINK(""http://www.facebook.com/220608887989847/?sk=info"", ""220608887989847"")","=HYPERLINK(""http://builder.page2site.com/sites/add/fbid:220608887989847"", ""Create"")"
"French Polisher",16,"F. H. Coggin French Polishers","01279 722712",,"United Kingdom",44,London,"Local business","[{""id"":""2500"",""name"":""Local Business""}]",8,,132132666987386,http://www.facebook.com/132132666987386,"=HYPERLINK(""http://www.facebook.com/132132666987386/?sk=info"", ""132132666987386"")","=HYPERLINK(""http://builder.page2site.com/sites/add/fbid:132132666987386"", ""Create"")"
"French Polisher",17,"Hibu S&H French Polishers","01792 402 259",http://www.sandhfrenchpolishers.co.uk,"United Kingdom",44,Swansea,"Local business","[{""id"":""177721448951559"",""name"":""Workplace & Office""}]",,,602887423136924,http://www.facebook.com/602887423136924,"=HYPERLINK(""http://www.facebook.com/602887423136924/?sk=info"", ""602887423136924"")","=HYPERLINK(""http://builder.page2site.com/sites/add/fbid:602887423136924"", ""Create"")"
"French Polisher",18,"Phil Malone French Polishers","0161 681 0410",,"United Kingdom",44,Manchester,"Local business","[{""id"":""187813774574368"",""name"":""Furniture Repair""}]",2,,530588740351474,http://www.facebook.com/530588740351474,"=HYPERLINK(""http://www.facebook.com/530588740351474/?sk=info"", ""530588740351474"")","=HYPERLINK(""http://builder.page2site.com/sites/add/fbid:530588740351474"", ""Create"")"
"French Polisher",19,"My French Polisher Melbourne Hall Furniture Restorers","01332 864131",http://myfrenchpolisher.co.uk,"United Kingdom",44,Melbourne,"Small business","[{""id"":""196285793716152"",""name"":""Damage Restoration Service""},{""id"":""187813774574368"",""name"":""Furniture Repair""}]",25,12,281817818640197,http://www.facebook.com/281817818640197,"=HYPERLINK(""http://www.facebook.com/281817818640197/?sk=info"", ""281817818640197"")","=HYPERLINK(""http://builder.page2site.com/sites/add/fbid:281817818640197"", ""Create"")"
"French Polisher",20,"Gayle French Polishers Antiques & Furniture Refini","(904) 268-2699",,"United States",1,Jacksonville,"Local business","[{""id"":""150732438316813"",""name"":""Antique Store""},{""id"":""162845797101278"",""name"":""Furniture Store""}]",2,,171258839554256,http://www.facebook.com/171258839554256,"=HYPERLINK(""http://www.facebook.com/171258839554256/?sk=info"", ""171258839554256"")","=HYPERLINK(""http://builder.page2site.com/sites/add/fbid:171258839554256"", ""Create"")"
"French Polisher",21,"Gayle French Polishers Antiques & Furniture Refinishers","(904) 725-3090",,"United States",1,Jacksonville,"Local business","[{""id"":""187813774574368"",""name"":""Furniture Repair""},{""id"":""150732438316813"",""name"":""Antique Store""}]",4,,159244747431812,http://www.facebook.com/159244747431812,"=HYPERLINK(""http://www.facebook.com/159244747431812/?sk=info"", ""159244747431812"")","=HYPERLINK(""http://builder.page2site.com/sites/add/fbid:159244747431812"", ""Create"")"
"French Polisher",22,"B T Scott & Son - French polishers, Upholsterers, Leather specialists","01484 608020  / Fax: 01484 608166 / Tim 07931 565122",www.btscottandson.co.uk,"United Kingdom",44,Huddersfield,"Local business","[{""id"":""187813774574368"",""name"":""Furniture Repair""}]",45,,236368779813264,http://www.facebook.com/236368779813264,"=HYPERLINK(""http://www.facebook.com/236368779813264/?sk=info"", ""236368779813264"")","=HYPERLINK(""http://builder.page2site.com/sites/add/fbid:236368779813264"", ""Create"")"
"French Polisher",23,"Polish French Inhale",,https://www.facebook.com/PolishFrenchInhale,,,,"Just for fun",,248,,1454588114765175,http://www.facebook.com/1454588114765175,"=HYPERLINK(""http://www.facebook.com/1454588114765175/?sk=info"", ""1454588114765175"")","=HYPERLINK(""http://builder.page2site.com/sites/add/fbid:1454588114765175"", ""Create"")"
"French Polisher",24,"French polishers",,,,,,Interest,,2,,111740765512364,http://www.facebook.com/111740765512364,"=HYPERLINK(""http://www.facebook.com/111740765512364/?sk=info"", ""111740765512364"")","=HYPERLINK(""http://builder.page2site.com/sites/add/fbid:111740765512364"", ""Create"")"
"French Polisher",25,"Hedges French Polishers Ltd",07957569050,,,,,"Small business",,62,3,593754953990555,http://www.facebook.com/593754953990555,"=HYPERLINK(""http://www.facebook.com/593754953990555/?sk=info"", ""593754953990555"")","=HYPERLINK(""http://builder.page2site.com/sites/add/fbid:593754953990555"", ""Create"")"
"French Polisher",26,"Drummond Reid French Polishers Est 1960",02897511213,www.frenchpolishersni.com,"United Kingdom",44,Lisburn,"Local business","[{""id"":""2500"",""name"":""Local Business""}]",85,,370476903091733,http://www.facebook.com/370476903091733,"=HYPERLINK(""http://www.facebook.com/370476903091733/?sk=info"", ""370476903091733"")","=HYPERLINK(""http://builder.page2site.com/sites/add/fbid:370476903091733"", ""Create"")"
"French Polisher",27,"Polish, Russian, French, Italian and Spanish Artists : Paintings for Sale",Phone,Website,"United States",1,"New York",Company,"[{""id"":""2200"",""name"":""Company""}]",184,5,177120899071937,http://www.facebook.com/177120899071937,"=HYPERLINK(""http://www.facebook.com/177120899071937/?sk=info"", ""177120899071937"")","=HYPERLINK(""http://builder.page2site.com/sites/add/fbid:177120899071937"", ""Create"")"
"French Polisher",28,"French Polish Ltd",,http://www.frenchpolishltd.co.uk,,,,Company,,2,,300902843320262,http://www.facebook.com/300902843320262,"=HYPERLINK(""http://www.facebook.com/300902843320262/?sk=info"", ""300902843320262"")","=HYPERLINK(""http://builder.page2site.com/sites/add/fbid:300902843320262"", ""Create"")"
"French Polisher",29,"Polish Defence League / Polska Liga Obrony / French Division",,http://www.facebook.com/plopa,,,,Community,,17,5,401475716667839,http://www.facebook.com/401475716667839,"=HYPERLINK(""http://www.facebook.com/401475716667839/?sk=info"", ""401475716667839"")","=HYPERLINK(""http://builder.page2site.com/sites/add/fbid:401475716667839"", ""Create"")"
"French Polisher",30,"French-Polish relations",,,,,,Interest,,1,,132793673422508,http://www.facebook.com/132793673422508,"=HYPERLINK(""http://www.facebook.com/132793673422508/?sk=info"", ""132793673422508"")","=HYPERLINK(""http://builder.page2site.com/sites/add/fbid:132793673422508"", ""Create"")"
"French Polisher",31,"French-Polish alliance",,,,,,Interest,,2,,139772359376011,http://www.facebook.com/139772359376011,"=HYPERLINK(""http://www.facebook.com/139772359376011/?sk=info"", ""139772359376011"")","=HYPERLINK(""http://builder.page2site.com/sites/add/fbid:139772359376011"", ""Create"")"
"French Polisher",32,"Translator English Dutch Polish to French Gabrielle de Séjournet",+32477444268,,Belgium,32,Brussels,"Business services","[{""id"":""187133811318958"",""name"":""Business Services""}]",91,,157411521050605,http://www.facebook.com/157411521050605,"=HYPERLINK(""http://www.facebook.com/157411521050605/?sk=info"", ""157411521050605"")","=HYPERLINK(""http://builder.page2site.com/sites/add/fbid:157411521050605"", ""Create"")"
"French Polisher",33,"French-Polish Rail Association",,,,,,Organization,,,,186976311389252,http://www.facebook.com/186976311389252,"=HYPERLINK(""http://www.facebook.com/186976311389252/?sk=info"", ""186976311389252"")","=HYPERLINK(""http://builder.page2site.com/sites/add/fbid:186976311389252"", ""Create"")"
"French Polisher",34,"A. Lelek French Polishing - Furniture Finishing",,,,,,Furniture,,63,1,734487633256427,http://www.facebook.com/734487633256427,"=HYPERLINK(""http://www.facebook.com/734487633256427/?sk=info"", ""734487633256427"")","=HYPERLINK(""http://builder.page2site.com/sites/add/fbid:734487633256427"", ""Create"")"
"French Polisher",35,"French sausage, Polish wine and Greek chocolate",,,,,,Movie,,2,,282097488566261,http://www.facebook.com/282097488566261,"=HYPERLINK(""http://www.facebook.com/282097488566261/?sk=info"", ""282097488566261"")","=HYPERLINK(""http://builder.page2site.com/sites/add/fbid:282097488566261"", ""Create"")"
