Keyword,#,Name,Phone,Website,Country,"Country code",City,Category,"Category List",Likes,"Talking about","Facebook ID","Facebook Url","Facebook Page Link","P2S Website"
"Make-up Beauty Salon",0,"Make Up Beauty Salon",9241188766,https://twitter.com/@BladimirDguez,Mexico,52,Acayucan,"Local business","[{""id"":""146053955462002"",""name"":""Esthethics""}]",364,178,263072420483835,http://www.facebook.com/263072420483835,"=HYPERLINK(""http://www.facebook.com/263072420483835/?sk=info"", ""263072420483835"")","=HYPERLINK(""http://builder.page2site.com/sites/add/fbid:263072420483835"", ""Create"")"
"Make-up Beauty Salon",1,"Rihanna Celebrity Makeup Artist",0126611699,www.rihannastudio.com,Malaysia,60,"Kuala Lumpur","Professional services","[{""id"":""146059155460366"",""name"":""Makeup Artist""},{""id"":""199236533423806"",""name"":""Beauty Salon""},{""id"":""140784189318631"",""name"":""Sewing & Seamstress""}]",95499,1118,115918035134109,http://www.facebook.com/115918035134109,"=HYPERLINK(""http://www.facebook.com/115918035134109/?sk=info"", ""115918035134109"")","=HYPERLINK(""http://builder.page2site.com/sites/add/fbid:115918035134109"", ""Create"")"
"Make-up Beauty Salon",2,"Yollande Touch Beauty Salon","22612330 - 66026688",http://yollandeq8.twitter.com,Kuwait,965,Shaab,Health/beauty,"[{""id"":""2214"",""name"":""Health\/Beauty""}]",1402,16,306706966063351,http://www.facebook.com/306706966063351,"=HYPERLINK(""http://www.facebook.com/306706966063351/?sk=info"", ""306706966063351"")","=HYPERLINK(""http://builder.page2site.com/sites/add/fbid:306706966063351"", ""Create"")"
"Make-up Beauty Salon",3,"Beauty Beneath Salon & Makeup Academy","01142422122 or 07771754515",http://www.beautybeneathsalon.co.uk,"United Kingdom",44,Sheffield,"Business services","[{""id"":""187133811318958"",""name"":""Business Services""}]",2253,1,207395809357472,http://www.facebook.com/207395809357472,"=HYPERLINK(""http://www.facebook.com/207395809357472/?sk=info"", ""207395809357472"")","=HYPERLINK(""http://builder.page2site.com/sites/add/fbid:207395809357472"", ""Create"")"
"Make-up Beauty Salon",4,"Opal Make Up & Beauty Salon",21652050,,Malta,356,Birzebbuga,"Spas/beauty/personal care","[{""id"":""139225689474222"",""name"":""Spa, Beauty & Personal Care""}]",127,,1436847839894419,http://www.facebook.com/1436847839894419,"=HYPERLINK(""http://www.facebook.com/1436847839894419/?sk=info"", ""1436847839894419"")","=HYPERLINK(""http://builder.page2site.com/sites/add/fbid:1436847839894419"", ""Create"")"
"Make-up Beauty Salon",5,"Hair Makeup Beauty Salon",07403469376,http://www.hairmakeupbeauty.co.uk,"United Kingdom",44,Maidstone,"Local business","[{""id"":""199236533423806"",""name"":""Beauty Salon""},{""id"":""144873802247220"",""name"":""Cosmetics & Beauty Supply""},{""id"":""181550638549454"",""name"":""Hairpieces & Extensions""}]",3179,7,328348207234059,http://www.facebook.com/328348207234059,"=HYPERLINK(""http://www.facebook.com/328348207234059/?sk=info"", ""328348207234059"")","=HYPERLINK(""http://builder.page2site.com/sites/add/fbid:328348207234059"", ""Create"")"
"Make-up Beauty Salon",6,"London Beauty Salon, Slimming Spa & Permanent Make-up Clinic","054 472 6162",,Philippines,63,"Naga City","Spas/beauty/personal care","[{""id"":""199236533423806"",""name"":""Beauty Salon""},{""id"":""198516863494646"",""name"":""Nail Salon""},{""id"":""146059155460366"",""name"":""Makeup Artist""}]",167,8,552864874787535,http://www.facebook.com/552864874787535,"=HYPERLINK(""http://www.facebook.com/552864874787535/?sk=info"", ""552864874787535"")","=HYPERLINK(""http://builder.page2site.com/sites/add/fbid:552864874787535"", ""Create"")"
"Make-up Beauty Salon",7,"Alice Make-up Land & Beauty Salon","(818) 247-2944","www.beyondbeautyparlor.com www.Lusciousbyalice.com www.Myspace.com/alicemakeupland.com www.Amlacademy.com www.Modelmayhem.com/AliceAtakhanian","United States",1,Glendale,"Spas/beauty/personal care","[{""id"":""199236533423806"",""name"":""Beauty Salon""}]",1897,8,409595845013,http://www.facebook.com/409595845013,"=HYPERLINK(""http://www.facebook.com/409595845013/?sk=info"", ""409595845013"")","=HYPERLINK(""http://builder.page2site.com/sites/add/fbid:409595845013"", ""Create"")"
"Make-up Beauty Salon",8,"Hair & Makeup Beauty Salon",0096555110499,http://www.hairandmakeupsalon.com,Kuwait,965,Kuwait,"Spas/beauty/personal care","[{""id"":""139225689474222"",""name"":""Spa, Beauty & Personal Care""}]",827,24,1505606309660204,http://www.facebook.com/1505606309660204,"=HYPERLINK(""http://www.facebook.com/1505606309660204/?sk=info"", ""1505606309660204"")","=HYPERLINK(""http://builder.page2site.com/sites/add/fbid:1505606309660204"", ""Create"")"
"Make-up Beauty Salon",9,"Makeup-Beauty salon",+982122098148,http://www.facebook.com/shivakhakbaz,Iran,98,Tehran,"Spas/beauty/personal care","[{""id"":""199236533423806"",""name"":""Beauty Salon""},{""id"":""174177802634376"",""name"":""Hair Salon""}]",32,1,547842918679054,http://www.facebook.com/547842918679054,"=HYPERLINK(""http://www.facebook.com/547842918679054/?sk=info"", ""547842918679054"")","=HYPERLINK(""http://builder.page2site.com/sites/add/fbid:547842918679054"", ""Create"")"
"Make-up Beauty Salon",10,"Cozanne Beauty & Make Up Salon",0177452068,http://vgrab.com/vgrab/html/intro.php,Malaysia,60,"Bukit Mertajam",Health/beauty,"[{""id"":""146059155460366"",""name"":""Makeup Artist""},{""id"":""199236533423806"",""name"":""Beauty Salon""},{""id"":""144873802247220"",""name"":""Cosmetics & Beauty Supply""}]",110,6,491931020948351,http://www.facebook.com/491931020948351,"=HYPERLINK(""http://www.facebook.com/491931020948351/?sk=info"", ""491931020948351"")","=HYPERLINK(""http://builder.page2site.com/sites/add/fbid:491931020948351"", ""Create"")"
"Make-up Beauty Salon",11,"Sumie Beauty Makeup Salon","8112 3358",http://sumiebms.wordpress.com/,,,,"Spas/beauty/personal care",,1273,2,423370241114956,http://www.facebook.com/423370241114956,"=HYPERLINK(""http://www.facebook.com/423370241114956/?sk=info"", ""423370241114956"")","=HYPERLINK(""http://builder.page2site.com/sites/add/fbid:423370241114956"", ""Create"")"
"Make-up Beauty Salon",12,"Jimena Solares *hair & make up* Beauty Salon","3-347046/ 700-88163",<<not-applicable>>,Bolivia,591,"Santa Cruz de la Sierra","Spas/beauty/personal care",,2014,48,194396570656384,http://www.facebook.com/194396570656384,"=HYPERLINK(""http://www.facebook.com/194396570656384/?sk=info"", ""194396570656384"")","=HYPERLINK(""http://builder.page2site.com/sites/add/fbid:194396570656384"", ""Create"")"
"Make-up Beauty Salon",13,"Marina's Beauty Salon/Permanent Make Up Studio","0870565240 ",<<not-applicable>>,Ireland,353,Athlone,"Spas/beauty/personal care","[{""id"":""139225689474222"",""name"":""Spa, Beauty & Personal Care""}]",3825,137,303188943122377,http://www.facebook.com/303188943122377,"=HYPERLINK(""http://www.facebook.com/303188943122377/?sk=info"", ""303188943122377"")","=HYPERLINK(""http://builder.page2site.com/sites/add/fbid:303188943122377"", ""Create"")"
"Make-up Beauty Salon",14,"Sevanity Beauty & Make-Up Salon","01684 295197",www.sevanity.co.uk,"United Kingdom",44,Tewkesbury,"Local business","[{""id"":""2500"",""name"":""Local Business""}]",113,,132137116839832,http://www.facebook.com/132137116839832,"=HYPERLINK(""http://www.facebook.com/132137116839832/?sk=info"", ""132137116839832"")","=HYPERLINK(""http://builder.page2site.com/sites/add/fbid:132137116839832"", ""Create"")"
"Make-up Beauty Salon",15,"Make up / Wida hair & beauty salon",,,,,,Community,,88,,705144876194402,http://www.facebook.com/705144876194402,"=HYPERLINK(""http://www.facebook.com/705144876194402/?sk=info"", ""705144876194402"")","=HYPERLINK(""http://builder.page2site.com/sites/add/fbid:705144876194402"", ""Create"")"
"Make-up Beauty Salon",16,"Luiiz.Maldonado Make up & Beauty salón",,,,,,Community,,335,5,1392159387719568,http://www.facebook.com/1392159387719568,"=HYPERLINK(""http://www.facebook.com/1392159387719568/?sk=info"", ""1392159387719568"")","=HYPERLINK(""http://builder.page2site.com/sites/add/fbid:1392159387719568"", ""Create"")"
"Make-up Beauty Salon",17,"SAL MAKE UP BEAUTY SALON & SPA",0124679009,http://erysalcollection.com/,Malaysia,60,Jitra,"Spas/beauty/personal care","[{""id"":""139225689474222"",""name"":""Spa, Beauty & Personal Care""}]",606,,373959872630823,http://www.facebook.com/373959872630823,"=HYPERLINK(""http://www.facebook.com/373959872630823/?sk=info"", ""373959872630823"")","=HYPERLINK(""http://builder.page2site.com/sites/add/fbid:373959872630823"", ""Create"")"
"Make-up Beauty Salon",18,"Beauty Salon - hairstyle, make up, nail art",,,,,,"Fictional character",,7062,3,472070562832214,http://www.facebook.com/472070562832214,"=HYPERLINK(""http://www.facebook.com/472070562832214/?sk=info"", ""472070562832214"")","=HYPERLINK(""http://builder.page2site.com/sites/add/fbid:472070562832214"", ""Create"")"
"Make-up Beauty Salon",19,"Chic and Cheek Women's Boutique, Make-up Studio and Beauty Salon","(956) 568-3047",,"United States",1,Laredo,Shopping/retail,"[{""id"":""200600219953504"",""name"":""Shopping & Retail""},{""id"":""146059155460366"",""name"":""Makeup Artist""},{""id"":""199236533423806"",""name"":""Beauty Salon""}]",1144,26,539417936081266,http://www.facebook.com/539417936081266,"=HYPERLINK(""http://www.facebook.com/539417936081266/?sk=info"", ""539417936081266"")","=HYPERLINK(""http://builder.page2site.com/sites/add/fbid:539417936081266"", ""Create"")"
"Make-up Beauty Salon",20,"Beauty Salon Tin - Hair & Makeup","0908 900 508",http://www.facebook.com/salontin,Vietnam,84,"Ho Chi Minh City","Spas/beauty/personal care","[{""id"":""139225689474222"",""name"":""Spa, Beauty & Personal Care""}]",462,119,565582173565144,http://www.facebook.com/565582173565144,"=HYPERLINK(""http://www.facebook.com/565582173565144/?sk=info"", ""565582173565144"")","=HYPERLINK(""http://builder.page2site.com/sites/add/fbid:565582173565144"", ""Create"")"
"Make-up Beauty Salon",21,"Luck Yim - Beauty Salon, Make up, Hair, คิ้วสามมิติ",038-840656,,Thailand,66,"Ban Bang Wua","Spas/beauty/personal care","[{""id"":""146059155460366"",""name"":""Makeup Artist""},{""id"":""199236533423806"",""name"":""Beauty Salon""}]",260,93,273742536167761,http://www.facebook.com/273742536167761,"=HYPERLINK(""http://www.facebook.com/273742536167761/?sk=info"", ""273742536167761"")","=HYPERLINK(""http://builder.page2site.com/sites/add/fbid:273742536167761"", ""Create"")"
"Make-up Beauty Salon",22,"Salon Enigma Hair, Make-Up, & Beauty",01624629751,,"Isle Of Man",,Onchan,"Professional services","[{""id"":""176831012360626"",""name"":""Professional Services""}]",394,47,524113510935684,http://www.facebook.com/524113510935684,"=HYPERLINK(""http://www.facebook.com/524113510935684/?sk=info"", ""524113510935684"")","=HYPERLINK(""http://builder.page2site.com/sites/add/fbid:524113510935684"", ""Create"")"
"Make-up Beauty Salon",23,"Sally Brooks- Make up & Beauty",,,Australia,61,Sydney,"Spas/beauty/personal care","[{""id"":""146059155460366"",""name"":""Makeup Artist""},{""id"":""199236533423806"",""name"":""Beauty Salon""}]",224,,426874370768265,http://www.facebook.com/426874370768265,"=HYPERLINK(""http://www.facebook.com/426874370768265/?sk=info"", ""426874370768265"")","=HYPERLINK(""http://builder.page2site.com/sites/add/fbid:426874370768265"", ""Create"")"
"Make-up Beauty Salon",24,"Makeup & Nail Artist - Beauty Salon by Sapfo Karapashi",96350128,http://www.facebook.com/BeautySalonBySapfoKarapashi,Cyprus,357,Paralimni,"Spas/beauty/personal care","[{""id"":""139225689474222"",""name"":""Spa, Beauty & Personal Care""}]",129,125,329908530513935,http://www.facebook.com/329908530513935,"=HYPERLINK(""http://www.facebook.com/329908530513935/?sk=info"", ""329908530513935"")","=HYPERLINK(""http://builder.page2site.com/sites/add/fbid:329908530513935"", ""Create"")"
"Make-up Beauty Salon",25,"La Diva Makeup & Hair Beauty Salon",+60162512781,,Malaysia,60,"Kuala Lumpur","Spas/beauty/personal care","[{""id"":""146059155460366"",""name"":""Makeup Artist""},{""id"":""174177802634376"",""name"":""Hair Salon""},{""id"":""181550638549454"",""name"":""Hairpieces & Extensions""}]",1932,35,546281778773979,http://www.facebook.com/546281778773979,"=HYPERLINK(""http://www.facebook.com/546281778773979/?sk=info"", ""546281778773979"")","=HYPERLINK(""http://builder.page2site.com/sites/add/fbid:546281778773979"", ""Create"")"
"Make-up Beauty Salon",26,"Shear Beauty Salon & Make Up Artistry","(214) 662-3117",http://shearbeautysalon.com,"United States",1,Dallas,"Spas/beauty/personal care","[{""id"":""139225689474222"",""name"":""Spa, Beauty & Personal Care""}]",200,14,128273660692368,http://www.facebook.com/128273660692368,"=HYPERLINK(""http://www.facebook.com/128273660692368/?sk=info"", ""128273660692368"")","=HYPERLINK(""http://builder.page2site.com/sites/add/fbid:128273660692368"", ""Create"")"
"Make-up Beauty Salon",27,"JLo Beauty Salon Makeup","(+509 )32639830",,Haiti,509,"Ville de Pétion-Ville","Spas/beauty/personal care","[{""id"":""144873802247220"",""name"":""Cosmetics & Beauty Supply""}]",104,2,273576166140823,http://www.facebook.com/273576166140823,"=HYPERLINK(""http://www.facebook.com/273576166140823/?sk=info"", ""273576166140823"")","=HYPERLINK(""http://builder.page2site.com/sites/add/fbid:273576166140823"", ""Create"")"
"Make-up Beauty Salon",28,"Candace Hair & Beauty Salon &Candace Hair,beauty Make -up& Tatoo Academy",9167109004,,India,91,Mumbai,"Spas/beauty/personal care","[{""id"":""139225689474222"",""name"":""Spa, Beauty & Personal Care""}]",227,1,200254943367250,http://www.facebook.com/200254943367250,"=HYPERLINK(""http://www.facebook.com/200254943367250/?sk=info"", ""200254943367250"")","=HYPERLINK(""http://builder.page2site.com/sites/add/fbid:200254943367250"", ""Create"")"
"Make-up Beauty Salon",29,"Sabrina's Beauty Salon & make-up Artistry",0843372467,http://sabrinafernandes9.wix.com/sabrina-mobile-salon,"South Africa",27,Pretoria,"Local business","[{""id"":""199236533423806"",""name"":""Beauty Salon""}]",60,6,313754475438760,http://www.facebook.com/313754475438760,"=HYPERLINK(""http://www.facebook.com/313754475438760/?sk=info"", ""313754475438760"")","=HYPERLINK(""http://builder.page2site.com/sites/add/fbid:313754475438760"", ""Create"")"
"Make-up Beauty Salon",30,"Daly's Makeup & Beauty Salon",7877960103,,"Puerto Rico",1,Dorado,"Spas/beauty/personal care","[{""id"":""199236533423806"",""name"":""Beauty Salon""}]",58,,491836777616436,http://www.facebook.com/491836777616436,"=HYPERLINK(""http://www.facebook.com/491836777616436/?sk=info"", ""491836777616436"")","=HYPERLINK(""http://builder.page2site.com/sites/add/fbid:491836777616436"", ""Create"")"
"Make-up Beauty Salon",31,"LOOXX Beauty Salon & Make up Art",078-8441201,www.looxx.eu,Netherlands,31,Strijen,Health/beauty,"[{""id"":""2214"",""name"":""Health\/Beauty""}]",120,7,294461863908040,http://www.facebook.com/294461863908040,"=HYPERLINK(""http://www.facebook.com/294461863908040/?sk=info"", ""294461863908040"")","=HYPERLINK(""http://builder.page2site.com/sites/add/fbid:294461863908040"", ""Create"")"
"Make-up Beauty Salon",32,"ExQuizit Beauty Salon & Makeup Studio","(716) 833-2250",http://www.ExQuizitBeauty.com,"United States",1,Buffalo,"Spas/beauty/personal care","[{""id"":""199236533423806"",""name"":""Beauty Salon""}]",404,2,232139474373,http://www.facebook.com/232139474373,"=HYPERLINK(""http://www.facebook.com/232139474373/?sk=info"", ""232139474373"")","=HYPERLINK(""http://builder.page2site.com/sites/add/fbid:232139474373"", ""Create"")"
"Make-up Beauty Salon",33,"Lavish Beauty Salon Bridial Makeup specialist",02034172230,http://www.lavishlondon.com,"United Kingdom",44,London,"Spas/beauty/personal care","[{""id"":""199236533423806"",""name"":""Beauty Salon""},{""id"":""174177802634376"",""name"":""Hair Salon""}]",115,9,241281166032063,http://www.facebook.com/241281166032063,"=HYPERLINK(""http://www.facebook.com/241281166032063/?sk=info"", ""241281166032063"")","=HYPERLINK(""http://builder.page2site.com/sites/add/fbid:241281166032063"", ""Create"")"
"Make-up Beauty Salon",34,"La Pink Beauty Salon & Makeup Studio",592-226-6640,<<not-applicable>>,Guyana,592,Georgetown,"Spas/beauty/personal care","[{""id"":""139225689474222"",""name"":""Spa, Beauty & Personal Care""}]",5594,60,139020582859800,http://www.facebook.com/139020582859800,"=HYPERLINK(""http://www.facebook.com/139020582859800/?sk=info"", ""139020582859800"")","=HYPERLINK(""http://builder.page2site.com/sites/add/fbid:139020582859800"", ""Create"")"
"Make-up Beauty Salon",35,"Aalish Makeup Studio and Beauty Salon",03208444001,,Pakistan,92,Lahore,"Spas/beauty/personal care","[{""id"":""139225689474222"",""name"":""Spa, Beauty & Personal Care""}]",1964,3,540909319256138,http://www.facebook.com/540909319256138,"=HYPERLINK(""http://www.facebook.com/540909319256138/?sk=info"", ""540909319256138"")","=HYPERLINK(""http://builder.page2site.com/sites/add/fbid:540909319256138"", ""Create"")"
"Make-up Beauty Salon",36,"Maytavadee Beauty Salon & Make Up Artist",0882511624,,Thailand,66,"Chiang Mai","Professional services","[{""id"":""176831012360626"",""name"":""Professional Services""}]",72,,300360906809873,http://www.facebook.com/300360906809873,"=HYPERLINK(""http://www.facebook.com/300360906809873/?sk=info"", ""300360906809873"")","=HYPERLINK(""http://builder.page2site.com/sites/add/fbid:300360906809873"", ""Create"")"
"Make-up Beauty Salon",37,"Semi-permanent make-up & salon treatments by MM Beauty",02083991611,<<not-applicable>>,"United Kingdom",44,Surbiton,"Spas/beauty/personal care","[{""id"":""139225689474222"",""name"":""Spa, Beauty & Personal Care""}]",115,1,259540240750723,http://www.facebook.com/259540240750723,"=HYPERLINK(""http://www.facebook.com/259540240750723/?sk=info"", ""259540240750723"")","=HYPERLINK(""http://builder.page2site.com/sites/add/fbid:259540240750723"", ""Create"")"
"Make-up Beauty Salon",38,"Midas make up studio and beauty salon",9258960465,,India,91,Modinagar,"Spas/beauty/personal care","[{""id"":""139225689474222"",""name"":""Spa, Beauty & Personal Care""}]",39,,822264164453953,http://www.facebook.com/822264164453953,"=HYPERLINK(""http://www.facebook.com/822264164453953/?sk=info"", ""822264164453953"")","=HYPERLINK(""http://builder.page2site.com/sites/add/fbid:822264164453953"", ""Create"")"
"Make-up Beauty Salon",39,"Virtuoso Beauty Salon/ Pro Makeup","(956) 688-3200",,"United States",1,McAllen,"Spas/beauty/personal care","[{""id"":""187133811318958"",""name"":""Business Services""},{""id"":""199236533423806"",""name"":""Beauty Salon""}]",206,,155978741125924,http://www.facebook.com/155978741125924,"=HYPERLINK(""http://www.facebook.com/155978741125924/?sk=info"", ""155978741125924"")","=HYPERLINK(""http://builder.page2site.com/sites/add/fbid:155978741125924"", ""Create"")"
"Make-up Beauty Salon",40,"Makeup Courses at Epoca Beauty Salon",21651952,,Malta,356,Marsaxlokk,"Spas/beauty/personal care","[{""id"":""139225689474222"",""name"":""Spa, Beauty & Personal Care""}]",132,,155232454634993,http://www.facebook.com/155232454634993,"=HYPERLINK(""http://www.facebook.com/155232454634993/?sk=info"", ""155232454634993"")","=HYPERLINK(""http://builder.page2site.com/sites/add/fbid:155232454634993"", ""Create"")"
"Make-up Beauty Salon",41,"Eman Ragaey Beauty salon & Make up studio",01000655727,,Egypt,20,Cairo,Health/beauty,"[{""id"":""2214"",""name"":""Health\/Beauty""}]",627,4,829192527111004,http://www.facebook.com/829192527111004,"=HYPERLINK(""http://www.facebook.com/829192527111004/?sk=info"", ""829192527111004"")","=HYPERLINK(""http://builder.page2site.com/sites/add/fbid:829192527111004"", ""Create"")"
"Make-up Beauty Salon",42,"Noha Abed Makeup ~ Divas Lounge Beauty Salon & Spa",01023700449,,,,,Artist,,1949,20,318431774862266,http://www.facebook.com/318431774862266,"=HYPERLINK(""http://www.facebook.com/318431774862266/?sk=info"", ""318431774862266"")","=HYPERLINK(""http://builder.page2site.com/sites/add/fbid:318431774862266"", ""Create"")"
"Make-up Beauty Salon",43,"Semi Permanent Make up at Eclipse Hair & Beauty Salon",07904992206,,"United Kingdom",44,Bungay,"Spas/beauty/personal care","[{""id"":""139225689474222"",""name"":""Spa, Beauty & Personal Care""}]",28,4,472224289581061,http://www.facebook.com/472224289581061,"=HYPERLINK(""http://www.facebook.com/472224289581061/?sk=info"", ""472224289581061"")","=HYPERLINK(""http://builder.page2site.com/sites/add/fbid:472224289581061"", ""Create"")"
"Make-up Beauty Salon",44,"Beauty Hair and Make up Salón","(01) 427 1054379",,Mexico,52,"San Juan del Río","Spas/beauty/personal care","[{""id"":""139225689474222"",""name"":""Spa, Beauty & Personal Care""}]",160,,266855180098527,http://www.facebook.com/266855180098527,"=HYPERLINK(""http://www.facebook.com/266855180098527/?sk=info"", ""266855180098527"")","=HYPERLINK(""http://builder.page2site.com/sites/add/fbid:266855180098527"", ""Create"")"
"Make-up Beauty Salon",45,"KAIZEN SALON Beauty, Spa and Make-up","011  41415676           +91-9810600358",<<not-applicable>>,India,91,"New Delhi","Spas/beauty/personal care","[{""id"":""199236533423806"",""name"":""Beauty Salon""},{""id"":""174177802634376"",""name"":""Hair Salon""},{""id"":""169758603141095"",""name"":""Barber Shop""}]",129,,589643621059208,http://www.facebook.com/589643621059208,"=HYPERLINK(""http://www.facebook.com/589643621059208/?sk=info"", ""589643621059208"")","=HYPERLINK(""http://builder.page2site.com/sites/add/fbid:589643621059208"", ""Create"")"
"Make-up Beauty Salon",46,"Radiance salon Hair. permanent make up, beauty consulting.","(801) 310-3906",,"United States",1,Payson,"Spas/beauty/personal care","[{""id"":""199236533423806"",""name"":""Beauty Salon""}]",96,,1511391952429786,http://www.facebook.com/1511391952429786,"=HYPERLINK(""http://www.facebook.com/1511391952429786/?sk=info"", ""1511391952429786"")","=HYPERLINK(""http://builder.page2site.com/sites/add/fbid:1511391952429786"", ""Create"")"
"Make-up Beauty Salon",47,"Mansi Beauty ,Hair & Make up salon",9374273183,,India,91,Daman,"Professional services","[{""id"":""176831012360626"",""name"":""Professional Services""}]",85,,492244094228095,http://www.facebook.com/492244094228095,"=HYPERLINK(""http://www.facebook.com/492244094228095/?sk=info"", ""492244094228095"")","=HYPERLINK(""http://builder.page2site.com/sites/add/fbid:492244094228095"", ""Create"")"
"Make-up Beauty Salon",48,"Soho Beauty Salon and Make Up Studio","0418 855 182",www.sohosalon.com.au,Australia,61,Prahran,"Local business","[{""id"":""199236533423806"",""name"":""Beauty Salon""},{""id"":""146059155460366"",""name"":""Makeup Artist""}]",13,,369931083024755,http://www.facebook.com/369931083024755,"=HYPERLINK(""http://www.facebook.com/369931083024755/?sk=info"", ""369931083024755"")","=HYPERLINK(""http://builder.page2site.com/sites/add/fbid:369931083024755"", ""Create"")"
"Make-up Beauty Salon",49,"Beauty hair & Makeup  spa salon  kpg",3315063202,,Mexico,52,Zapopan,"Local business","[{""id"":""146053955462002"",""name"":""Esthethics""}]",39,,740072796064251,http://www.facebook.com/740072796064251,"=HYPERLINK(""http://www.facebook.com/740072796064251/?sk=info"", ""740072796064251"")","=HYPERLINK(""http://builder.page2site.com/sites/add/fbid:740072796064251"", ""Create"")"
"Make-up Beauty Salon",50,"Sofia anastasiou beauty salon & make up",99742054,,Cyprus,357,Limassol,"Spas/beauty/personal care","[{""id"":""139225689474222"",""name"":""Spa, Beauty & Personal Care""}]",87,,372275426164031,http://www.facebook.com/372275426164031,"=HYPERLINK(""http://www.facebook.com/372275426164031/?sk=info"", ""372275426164031"")","=HYPERLINK(""http://builder.page2site.com/sites/add/fbid:372275426164031"", ""Create"")"
"Make-up Beauty Salon",51,"Face To Face Skin Beauty Makeup Salon","05-7777118 ",http://www.cellnique.my,Malaysia,60,"Kuala Kangsar","Spas/beauty/personal care","[{""id"":""199236533423806"",""name"":""Beauty Salon""},{""id"":""146059155460366"",""name"":""Makeup Artist""}]",247,9,1504282306460354,http://www.facebook.com/1504282306460354,"=HYPERLINK(""http://www.facebook.com/1504282306460354/?sk=info"", ""1504282306460354"")","=HYPERLINK(""http://builder.page2site.com/sites/add/fbid:1504282306460354"", ""Create"")"
"Make-up Beauty Salon",52,"Enhance - Hair, Beauty & Semi permanent makeup Salon Howden",07725900082,,"United Kingdom",44,Howden,"Spas/beauty/personal care","[{""id"":""174177802634376"",""name"":""Hair Salon""},{""id"":""199236533423806"",""name"":""Beauty Salon""},{""id"":""198516863494646"",""name"":""Nail Salon""}]",198,41,554897634641719,http://www.facebook.com/554897634641719,"=HYPERLINK(""http://www.facebook.com/554897634641719/?sk=info"", ""554897634641719"")","=HYPERLINK(""http://builder.page2site.com/sites/add/fbid:554897634641719"", ""Create"")"
"Make-up Beauty Salon",53,"MAKE-UP AND BEAUTY SALON",,,,,,Community,,1,,121880811163555,http://www.facebook.com/121880811163555,"=HYPERLINK(""http://www.facebook.com/121880811163555/?sk=info"", ""121880811163555"")","=HYPERLINK(""http://builder.page2site.com/sites/add/fbid:121880811163555"", ""Create"")"
"Make-up Beauty Salon",54,"Bayside Make Up & Beauty Salon by Kate Applebee","0406 885 365",http://www.baysidemakeup.com.au,Australia,61,Cheltenham,"Spas/beauty/personal care",,21,1,288763281244213,http://www.facebook.com/288763281244213,"=HYPERLINK(""http://www.facebook.com/288763281244213/?sk=info"", ""288763281244213"")","=HYPERLINK(""http://builder.page2site.com/sites/add/fbid:288763281244213"", ""Create"")"
"Make-up Beauty Salon",55,"Persona makeup artist and beauty salon","(718) 303-3899",,"United States",1,"Richmond Hill","Spas/beauty/personal care","[{""id"":""139225689474222"",""name"":""Spa, Beauty & Personal Care""}]",58,2,1446695588915671,http://www.facebook.com/1446695588915671,"=HYPERLINK(""http://www.facebook.com/1446695588915671/?sk=info"", ""1446695588915671"")","=HYPERLINK(""http://builder.page2site.com/sites/add/fbid:1446695588915671"", ""Create"")"
"Make-up Beauty Salon",56,"Star beauty & makeup salon",9910067794,,India,91,Delhi,Community,"[{""id"":""2612"",""name"":""Community""}]",86,1,607035299369428,http://www.facebook.com/607035299369428,"=HYPERLINK(""http://www.facebook.com/607035299369428/?sk=info"", ""607035299369428"")","=HYPERLINK(""http://builder.page2site.com/sites/add/fbid:607035299369428"", ""Create"")"
"Make-up Beauty Salon",57,"beleta Make up and beauty salon",22821540,,Iran,98,Tehran,"Local business","[{""id"":""2500"",""name"":""Local Business""}]",3453,,156419087762834,http://www.facebook.com/156419087762834,"=HYPERLINK(""http://www.facebook.com/156419087762834/?sk=info"", ""156419087762834"")","=HYPERLINK(""http://builder.page2site.com/sites/add/fbid:156419087762834"", ""Create"")"
"Make-up Beauty Salon",58,"Always Beautiful Permanent Make up salon","(904) 259-5990",,"United States",1,Macclenny,"Spas/beauty/personal care","[{""id"":""138322342904312"",""name"":""Skin Care""},{""id"":""174177802634376"",""name"":""Hair Salon""}]",55,8,135579513282509,http://www.facebook.com/135579513282509,"=HYPERLINK(""http://www.facebook.com/135579513282509/?sk=info"", ""135579513282509"")","=HYPERLINK(""http://builder.page2site.com/sites/add/fbid:135579513282509"", ""Create"")"
"Make-up Beauty Salon",59,"Image NX Make up Academy beauty salon n spa",9892308084,,India,91,Mumbai,"Spas/beauty/personal care","[{""id"":""200814353265561"",""name"":""Spa""},{""id"":""199236533423806"",""name"":""Beauty Salon""}]",15,,1450654265188569,http://www.facebook.com/1450654265188569,"=HYPERLINK(""http://www.facebook.com/1450654265188569/?sk=info"", ""1450654265188569"")","=HYPERLINK(""http://builder.page2site.com/sites/add/fbid:1450654265188569"", ""Create"")"
"Make-up Beauty Salon",60,"Keya's Salon. Hair, beauty, make up.","0265- 2481769   (M) 9909351769",,India,91,Vadodara,"Local business","[{""id"":""174177802634376"",""name"":""Hair Salon""}]",21,,690327247650715,http://www.facebook.com/690327247650715,"=HYPERLINK(""http://www.facebook.com/690327247650715/?sk=info"", ""690327247650715"")","=HYPERLINK(""http://builder.page2site.com/sites/add/fbid:690327247650715"", ""Create"")"
"Make-up Beauty Salon",61,"Mary's Papaioannou Solomonidou Beauty Salon",,,,,,"Spas/beauty/personal care","[{""id"":""199236533423806"",""name"":""Beauty Salon""}]",70,,313797462081155,http://www.facebook.com/313797462081155,"=HYPERLINK(""http://www.facebook.com/313797462081155/?sk=info"", ""313797462081155"")","=HYPERLINK(""http://builder.page2site.com/sites/add/fbid:313797462081155"", ""Create"")"
"Make-up Beauty Salon",62,"Sakura Fresh Hair & Beauty Salon",,,Malaysia,60,"Ayer Tawar New Village",Health/beauty,"[{""id"":""2214"",""name"":""Health\/Beauty""}]",94,,400680543339067,http://www.facebook.com/400680543339067,"=HYPERLINK(""http://www.facebook.com/400680543339067/?sk=info"", ""400680543339067"")","=HYPERLINK(""http://builder.page2site.com/sites/add/fbid:400680543339067"", ""Create"")"
"Make-up Beauty Salon",63,"Christines Makeup and Beauty Salon",99878814,,Cyprus,357,Strovolos,"Spas/beauty/personal care","[{""id"":""176831012360626"",""name"":""Professional Services""}]",72,,615070158521101,http://www.facebook.com/615070158521101,"=HYPERLINK(""http://www.facebook.com/615070158521101/?sk=info"", ""615070158521101"")","=HYPERLINK(""http://builder.page2site.com/sites/add/fbid:615070158521101"", ""Create"")"
"Make-up Beauty Salon",64,"Beauty for U salon & spar make up",,,Thailand,66,Surat,"Spas/beauty/personal care","[{""id"":""199236533423806"",""name"":""Beauty Salon""}]",30,2,1530709270481111,http://www.facebook.com/1530709270481111,"=HYPERLINK(""http://www.facebook.com/1530709270481111/?sk=info"", ""1530709270481111"")","=HYPERLINK(""http://builder.page2site.com/sites/add/fbid:1530709270481111"", ""Create"")"
"Make-up Beauty Salon",65,"Faz Hair, Beauty & Make Up Salon",,,"United Kingdom",44,London,"Spas/beauty/personal care",,77,,150702191650082,http://www.facebook.com/150702191650082,"=HYPERLINK(""http://www.facebook.com/150702191650082/?sk=info"", ""150702191650082"")","=HYPERLINK(""http://builder.page2site.com/sites/add/fbid:150702191650082"", ""Create"")"
"Make-up Beauty Salon",66,"Bella Beauty Salon",0761621741,,"South Africa",27,Middelburg,"Professional services","[{""id"":""199236533423806"",""name"":""Beauty Salon""}]",209,,391104837589908,http://www.facebook.com/391104837589908,"=HYPERLINK(""http://www.facebook.com/391104837589908/?sk=info"", ""391104837589908"")","=HYPERLINK(""http://builder.page2site.com/sites/add/fbid:391104837589908"", ""Create"")"
"Make-up Beauty Salon",67,"Makeup World Beauty Salon & Training Academy",0167275196,http://www.makeupworld.net,,,,Health/beauty,,225,3,374884119309833,http://www.facebook.com/374884119309833,"=HYPERLINK(""http://www.facebook.com/374884119309833/?sk=info"", ""374884119309833"")","=HYPERLINK(""http://builder.page2site.com/sites/add/fbid:374884119309833"", ""Create"")"
"Make-up Beauty Salon",68,"Er Touch Hair Salon & Beauty Make Up",0126269919,http://www.facebook.com/er.eric.771?fref=ts,Malaysia,60,Jenjarom,"Spas/beauty/personal care","[{""id"":""174177802634376"",""name"":""Hair Salon""}]",21,7,810173092355696,http://www.facebook.com/810173092355696,"=HYPERLINK(""http://www.facebook.com/810173092355696/?sk=info"", ""810173092355696"")","=HYPERLINK(""http://builder.page2site.com/sites/add/fbid:810173092355696"", ""Create"")"
"Make-up Beauty Salon",69,"Gina Comminello Makeup Artistry / the LOOK Hair Salon & Beauty Boutique","(303) 322-4902",http://TheLookSalonDenver.com,"United States",1,Denver,"Professional services","[{""id"":""198516863494646"",""name"":""Nail Salon""},{""id"":""174177802634376"",""name"":""Hair Salon""},{""id"":""138322342904312"",""name"":""Skin Care""}]",113,13,504756149657573,http://www.facebook.com/504756149657573,"=HYPERLINK(""http://www.facebook.com/504756149657573/?sk=info"", ""504756149657573"")","=HYPERLINK(""http://builder.page2site.com/sites/add/fbid:504756149657573"", ""Create"")"
"Make-up Beauty Salon",70,"Sugardust Beauty Salon",0842353835,http://skindeeppermanentmake-up.wozaonline.co.za/,"South Africa",27,Pretoria,"Spas/beauty/personal care",,85,1,147547598736079,http://www.facebook.com/147547598736079,"=HYPERLINK(""http://www.facebook.com/147547598736079/?sk=info"", ""147547598736079"")","=HYPERLINK(""http://builder.page2site.com/sites/add/fbid:147547598736079"", ""Create"")"
"Make-up Beauty Salon",71,"SheenaKashir Beauty Hair Salon & Make Up",016-9392269,,Malaysia,60,"Kuala Terengganu","Spas/beauty/personal care",,96,,462195553825198,http://www.facebook.com/462195553825198,"=HYPERLINK(""http://www.facebook.com/462195553825198/?sk=info"", ""462195553825198"")","=HYPERLINK(""http://builder.page2site.com/sites/add/fbid:462195553825198"", ""Create"")"
"Make-up Beauty Salon",72,"Ravindera hair,beauty&make-up salon",,,India,91,Badbar,Company,,3,2,1503453456572718,http://www.facebook.com/1503453456572718,"=HYPERLINK(""http://www.facebook.com/1503453456572718/?sk=info"", ""1503453456572718"")","=HYPERLINK(""http://builder.page2site.com/sites/add/fbid:1503453456572718"", ""Create"")"
"Make-up Beauty Salon",73,"Jans hair salon-gel nails,make up,beauty essentials.","0863923820 Airida",,Ireland,353,Carrick-on-Suir,"Professional services","[{""id"":""176831012360626"",""name"":""Professional Services""}]",97,,300672056712475,http://www.facebook.com/300672056712475,"=HYPERLINK(""http://www.facebook.com/300672056712475/?sk=info"", ""300672056712475"")","=HYPERLINK(""http://builder.page2site.com/sites/add/fbid:300672056712475"", ""Create"")"
"Make-up Beauty Salon",74,"Blush The Beauty Salon & Makeup Studio",9503605678,,India,91,Nagpur,"Spas/beauty/personal care","[{""id"":""199236533423806"",""name"":""Beauty Salon""}]",255,,196805157152231,http://www.facebook.com/196805157152231,"=HYPERLINK(""http://www.facebook.com/196805157152231/?sk=info"", ""196805157152231"")","=HYPERLINK(""http://builder.page2site.com/sites/add/fbid:196805157152231"", ""Create"")"
"Make-up Beauty Salon",75,"Make up at Techniques Beauty Salon",,,,,,Health/beauty,,,,727867140625673,http://www.facebook.com/727867140625673,"=HYPERLINK(""http://www.facebook.com/727867140625673/?sk=info"", ""727867140625673"")","=HYPERLINK(""http://builder.page2site.com/sites/add/fbid:727867140625673"", ""Create"")"
"Make-up Beauty Salon",76,"beauty, tanning and make-up salon",,,"United Kingdom",44,Liverpool,Company,,,,1501981820069444,http://www.facebook.com/1501981820069444,"=HYPERLINK(""http://www.facebook.com/1501981820069444/?sk=info"", ""1501981820069444"")","=HYPERLINK(""http://builder.page2site.com/sites/add/fbid:1501981820069444"", ""Create"")"
"Make-up Beauty Salon",77,"Nails Tek Beauty Salon Permanent Makeup & Laser Hair Removal","317-899-5520 Business-----317-493-9594 Cell",,"United States",1,Indianapolis,"Spas/beauty/personal care","[{""id"":""139225689474222"",""name"":""Spa, Beauty & Personal Care""}]",44,,234145559938513,http://www.facebook.com/234145559938513,"=HYPERLINK(""http://www.facebook.com/234145559938513/?sk=info"", ""234145559938513"")","=HYPERLINK(""http://builder.page2site.com/sites/add/fbid:234145559938513"", ""Create"")"
"Make-up Beauty Salon",78,"Angel Eyes By Charlie - Unisex Beauty & Make Up","07867 562465",www.angeleyesbycharlie.co.uk,"United Kingdom",44,Darlaston,"Spas/beauty/personal care",,141,,10011387194,http://www.facebook.com/10011387194,"=HYPERLINK(""http://www.facebook.com/10011387194/?sk=info"", ""10011387194"")","=HYPERLINK(""http://builder.page2site.com/sites/add/fbid:10011387194"", ""Create"")"
"Make-up Beauty Salon",79,"All In One Beauty & Barber Salon/bomshell makeup","(678) 492-5998",www.allinonebeautyandbarbersalon.com,"United States",1,Statham,"Business/economy website","[{""id"":""174177802634376"",""name"":""Hair Salon""}]",258,,143666635664153,http://www.facebook.com/143666635664153,"=HYPERLINK(""http://www.facebook.com/143666635664153/?sk=info"", ""143666635664153"")","=HYPERLINK(""http://builder.page2site.com/sites/add/fbid:143666635664153"", ""Create"")"
"Make-up Beauty Salon",80,"Nathalie Makeup artist","0233355259 - 0102222720",,,,,Health/beauty,,200,3,408666722602467,http://www.facebook.com/408666722602467,"=HYPERLINK(""http://www.facebook.com/408666722602467/?sk=info"", ""408666722602467"")","=HYPERLINK(""http://builder.page2site.com/sites/add/fbid:408666722602467"", ""Create"")"
"Make-up Beauty Salon",81,"NY Makeup Artists & Beauty Salon",,http://nymakeup.wix.com/airbrush-makeup-art,,,,Community,,1,,821451707907296,http://www.facebook.com/821451707907296,"=HYPERLINK(""http://www.facebook.com/821451707907296/?sk=info"", ""821451707907296"")","=HYPERLINK(""http://builder.page2site.com/sites/add/fbid:821451707907296"", ""Create"")"
"Make-up Beauty Salon",82,"Reet Beauty  Hair and  Makeup  salon",,,India,91,"New Delhi","Business services","[{""id"":""187133811318958"",""name"":""Business Services""}]",509,6,137041273103514,http://www.facebook.com/137041273103514,"=HYPERLINK(""http://www.facebook.com/137041273103514/?sk=info"", ""137041273103514"")","=HYPERLINK(""http://builder.page2site.com/sites/add/fbid:137041273103514"", ""Create"")"
"Make-up Beauty Salon",83,"Noor Nazer Makeup artist & Hair salon","+962789066662, +962796203394",,Jordan,962,Amman,"Spas/beauty/personal care","[{""id"":""146059155460366"",""name"":""Makeup Artist""},{""id"":""174177802634376"",""name"":""Hair Salon""}]",2484,703,862186680466617,http://www.facebook.com/862186680466617,"=HYPERLINK(""http://www.facebook.com/862186680466617/?sk=info"", ""862186680466617"")","=HYPERLINK(""http://builder.page2site.com/sites/add/fbid:862186680466617"", ""Create"")"
"Make-up Beauty Salon",84,"Inner Peace Massage & Body Therapies Salon - Beauty | Massage | Makeup","07 5575 6197",www.innerpeace.net.au,Australia,61,"Gold Coast","Spas/beauty/personal care","[{""id"":""139225689474222"",""name"":""Spa, Beauty & Personal Care""}]",248,4,116208759223,http://www.facebook.com/116208759223,"=HYPERLINK(""http://www.facebook.com/116208759223/?sk=info"", ""116208759223"")","=HYPERLINK(""http://builder.page2site.com/sites/add/fbid:116208759223"", ""Create"")"
"Make-up Beauty Salon",85,"Nighat Qureshi - Expert Bridal Makeup, Institute & Beauty Salon",,,Pakistan,92,Karachi,Health/beauty,,78,1,243751425751387,http://www.facebook.com/243751425751387,"=HYPERLINK(""http://www.facebook.com/243751425751387/?sk=info"", ""243751425751387"")","=HYPERLINK(""http://builder.page2site.com/sites/add/fbid:243751425751387"", ""Create"")"
"Make-up Beauty Salon",86,"EMI'S Beauty Place"" Makeup School, Services and salon",,,Nigeria,234,Benin-City,Health/beauty,"[{""id"":""2214"",""name"":""Health\/Beauty""}]",73,,635890509828046,http://www.facebook.com/635890509828046,"=HYPERLINK(""http://www.facebook.com/635890509828046/?sk=info"", ""635890509828046"")","=HYPERLINK(""http://builder.page2site.com/sites/add/fbid:635890509828046"", ""Create"")"
"Make-up Beauty Salon",87,"Feliciano Padricelli Make Up Artist",393930332038,,Italy,39,Villaricca,"Local business","[{""id"":""199236533423806"",""name"":""Beauty Salon""}]",39,9,795392497146541,http://www.facebook.com/795392497146541,"=HYPERLINK(""http://www.facebook.com/795392497146541/?sk=info"", ""795392497146541"")","=HYPERLINK(""http://builder.page2site.com/sites/add/fbid:795392497146541"", ""Create"")"
"Make-up Beauty Salon",88,"Hanadi Diab Beauty",071150474100,http://hd-beauty.de/,Germany,49,Stuttgart,"Spas/beauty/personal care","[{""id"":""199236533423806"",""name"":""Beauty Salon""}]",135018,5203,303858886298322,http://www.facebook.com/303858886298322,"=HYPERLINK(""http://www.facebook.com/303858886298322/?sk=info"", ""303858886298322"")","=HYPERLINK(""http://builder.page2site.com/sites/add/fbid:303858886298322"", ""Create"")"
"Make-up Beauty Salon",89,"Lu Make-Up","(41)3373-0440 / (11)95417-0770",http://www.lumakeup.com.br,Brazil,55,Curitiba,Health/beauty,"[{""id"":""199236533423806"",""name"":""Beauty Salon""},{""id"":""146059155460366"",""name"":""Makeup Artist""}]",112386,663,124776557697935,http://www.facebook.com/124776557697935,"=HYPERLINK(""http://www.facebook.com/124776557697935/?sk=info"", ""124776557697935"")","=HYPERLINK(""http://builder.page2site.com/sites/add/fbid:124776557697935"", ""Create"")"
"Make-up Beauty Salon",90,"Make Up",,http://goo.gl/fBr7NV,Pakistan,92,Karachi,"Local business","[{""id"":""199236533423806"",""name"":""Beauty Salon""}]",25645,199,305444962937825,http://www.facebook.com/305444962937825,"=HYPERLINK(""http://www.facebook.com/305444962937825/?sk=info"", ""305444962937825"")","=HYPERLINK(""http://builder.page2site.com/sites/add/fbid:305444962937825"", ""Create"")"
"Make-up Beauty Salon",91,"Naahin's makeup studio",01618881009,,Bangladesh,880,Dhaka,"Business services","[{""id"":""199236533423806"",""name"":""Beauty Salon""}]",32924,33,641270199231021,http://www.facebook.com/641270199231021,"=HYPERLINK(""http://www.facebook.com/641270199231021/?sk=info"", ""641270199231021"")","=HYPERLINK(""http://builder.page2site.com/sites/add/fbid:641270199231021"", ""Create"")"
"Make-up Beauty Salon",92,"Make-up & Beauty by Gabriela",0747685022,,Romania,40,Iasi,"Professional services","[{""id"":""199236533423806"",""name"":""Beauty Salon""}]",3890,216,225455130971537,http://www.facebook.com/225455130971537,"=HYPERLINK(""http://www.facebook.com/225455130971537/?sk=info"", ""225455130971537"")","=HYPERLINK(""http://builder.page2site.com/sites/add/fbid:225455130971537"", ""Create"")"
"Make-up Beauty Salon",93,"Ravenna Hair & Make Up Studio","(618)  810.42.88  Cel. 618.164.9649",,Mexico,52,Durango,"Spas/beauty/personal care","[{""id"":""199236533423806"",""name"":""Beauty Salon""}]",1972,73,515596635224667,http://www.facebook.com/515596635224667,"=HYPERLINK(""http://www.facebook.com/515596635224667/?sk=info"", ""515596635224667"")","=HYPERLINK(""http://builder.page2site.com/sites/add/fbid:515596635224667"", ""Create"")"
"Make-up Beauty Salon",94,"Alessandra Mrofka - Make up","(44) 9142 4787 / (44) 3023 0392",http://www.youtube.com/channel/UC4pHO5BEIHMIfK1bmiJ2OBw,Brazil,55,Maringá,"Spas/beauty/personal care","[{""id"":""199236533423806"",""name"":""Beauty Salon""},{""id"":""146059155460366"",""name"":""Makeup Artist""},{""id"":""174177802634376"",""name"":""Hair Salon""}]",29906,1039,312027232224767,http://www.facebook.com/312027232224767,"=HYPERLINK(""http://www.facebook.com/312027232224767/?sk=info"", ""312027232224767"")","=HYPERLINK(""http://builder.page2site.com/sites/add/fbid:312027232224767"", ""Create"")"
"Make-up Beauty Salon",95,"Bulletproof Makeup Studio",0403006834,http://www.bulletproofmakeupstudio.com.au,Australia,61,"Gold Coast","Professional services","[{""id"":""191693100854505"",""name"":""Hair & Beauty Supply""},{""id"":""199236533423806"",""name"":""Beauty Salon""},{""id"":""144873802247220"",""name"":""Cosmetics & Beauty Supply""}]",11796,103,202789289870933,http://www.facebook.com/202789289870933,"=HYPERLINK(""http://www.facebook.com/202789289870933/?sk=info"", ""202789289870933"")","=HYPERLINK(""http://builder.page2site.com/sites/add/fbid:202789289870933"", ""Create"")"
"Make-up Beauty Salon",96,"Makeup Libya MAC",+218916021553,https://www.facebook.com/pages/edit_page/?id=315740278572003&tab=public&edited=products,Libya,218,Tripoli,Health/beauty,"[{""id"":""199236533423806"",""name"":""Beauty Salon""},{""id"":""138322342904312"",""name"":""Skin Care""},{""id"":""144873802247220"",""name"":""Cosmetics & Beauty Supply""}]",24688,98,315740278572003,http://www.facebook.com/315740278572003,"=HYPERLINK(""http://www.facebook.com/315740278572003/?sk=info"", ""315740278572003"")","=HYPERLINK(""http://builder.page2site.com/sites/add/fbid:315740278572003"", ""Create"")"
"Make-up Beauty Salon",97,"Makeup Craves By Sara Gullzaib",03244800908,makeupcraves.blogspot.com,Pakistan,92,Lahore,"Spas/beauty/personal care","[{""id"":""199236533423806"",""name"":""Beauty Salon""}]",90623,1606,163752240381603,http://www.facebook.com/163752240381603,"=HYPERLINK(""http://www.facebook.com/163752240381603/?sk=info"", ""163752240381603"")","=HYPERLINK(""http://builder.page2site.com/sites/add/fbid:163752240381603"", ""Create"")"
"Make-up Beauty Salon",98,"Bonita Make up Studio",(322)2239490,http://www.bonitastudio.wix.com/makeup,Mexico,52,"Puerto Vallarta","Spas/beauty/personal care","[{""id"":""199236533423806"",""name"":""Beauty Salon""}]",3362,87,589137421131392,http://www.facebook.com/589137421131392,"=HYPERLINK(""http://www.facebook.com/589137421131392/?sk=info"", ""589137421131392"")","=HYPERLINK(""http://builder.page2site.com/sites/add/fbid:589137421131392"", ""Create"")"
"Make-up Beauty Salon",99,"Feryel make up","20 991 269",,Tunisia,216,Nabeul,"Spas/beauty/personal care","[{""id"":""199236533423806"",""name"":""Beauty Salon""}]",11515,2061,220622458134315,http://www.facebook.com/220622458134315,"=HYPERLINK(""http://www.facebook.com/220622458134315/?sk=info"", ""220622458134315"")","=HYPERLINK(""http://builder.page2site.com/sites/add/fbid:220622458134315"", ""Create"")"
"Make-up Beauty Salon",100,"Fabiana Lopes MakeUp",11-22366605,www.fabianalopesmakeup.com.br,Brazil,55,"São Paulo","Spas/beauty/personal care","[{""id"":""199236533423806"",""name"":""Beauty Salon""}]",10431,40,290163281054244,http://www.facebook.com/290163281054244,"=HYPERLINK(""http://www.facebook.com/290163281054244/?sk=info"", ""290163281054244"")","=HYPERLINK(""http://builder.page2site.com/sites/add/fbid:290163281054244"", ""Create"")"
"Make-up Beauty Salon",101,"Noratti e Messi Hair and Makeup Academy",313484-2314,http://www.escolagilsonnoratti.com.br,Brazil,55,"Belo Horizonte","Spas/beauty/personal care","[{""id"":""199236533423806"",""name"":""Beauty Salon""},{""id"":""146059155460366"",""name"":""Makeup Artist""},{""id"":""144971758897076"",""name"":""Specialty School""}]",16761,32,613118032100603,http://www.facebook.com/613118032100603,"=HYPERLINK(""http://www.facebook.com/613118032100603/?sk=info"", ""613118032100603"")","=HYPERLINK(""http://builder.page2site.com/sites/add/fbid:613118032100603"", ""Create"")"
"Make-up Beauty Salon",102,"Salloni Engjull",044661912,http://www.facebook.com/pages/getting_started?page_id=473182702750717,Serbia,381,Prizren,"Local business","[{""id"":""199236533423806"",""name"":""Beauty Salon""}]",6901,470,473182702750717,http://www.facebook.com/473182702750717,"=HYPERLINK(""http://www.facebook.com/473182702750717/?sk=info"", ""473182702750717"")","=HYPERLINK(""http://builder.page2site.com/sites/add/fbid:473182702750717"", ""Create"")"
"Make-up Beauty Salon",103,"Fabyelle Micropigmentação e Make Up","47 9693 6000",http://www.fabybiermann.com.br,Brazil,55,Joinville,Health/beauty,"[{""id"":""146059155460366"",""name"":""Makeup Artist""},{""id"":""199236533423806"",""name"":""Beauty Salon""},{""id"":""146053955462002"",""name"":""Esthethics""}]",5836,402,409951352375621,http://www.facebook.com/409951352375621,"=HYPERLINK(""http://www.facebook.com/409951352375621/?sk=info"", ""409951352375621"")","=HYPERLINK(""http://builder.page2site.com/sites/add/fbid:409951352375621"", ""Create"")"
"Make-up Beauty Salon",104,"Makeup Express Ltda.","Providencia 23354480 Mall Plaza Vespucio 25863030/31 Stgo. Centro Ex Galería Imperio : 26501264",www.makeupexpress.cl,Chile,56,Santiago,"Spas/beauty/personal care","[{""id"":""198516863494646"",""name"":""Nail Salon""},{""id"":""199236533423806"",""name"":""Beauty Salon""},{""id"":""174177802634376"",""name"":""Hair Salon""}]",29870,30,127306757137,http://www.facebook.com/127306757137,"=HYPERLINK(""http://www.facebook.com/127306757137/?sk=info"", ""127306757137"")","=HYPERLINK(""http://builder.page2site.com/sites/add/fbid:127306757137"", ""Create"")"
"Make-up Beauty Salon",105,"Shamil Beauty Salon","077 9030 440 /  079 7222 133",,Jordan,962,Amman,"Spas/beauty/personal care","[{""id"":""174177802634376"",""name"":""Hair Salon""},{""id"":""146059155460366"",""name"":""Makeup Artist""},{""id"":""199236533423806"",""name"":""Beauty Salon""}]",17902,107,610704995658343,http://www.facebook.com/610704995658343,"=HYPERLINK(""http://www.facebook.com/610704995658343/?sk=info"", ""610704995658343"")","=HYPERLINK(""http://builder.page2site.com/sites/add/fbid:610704995658343"", ""Create"")"
"Make-up Beauty Salon",106,"Carol Kronbauer Make up","(44) 9949 6548 | (44) 3649 6943",http://www.hinodeonline.com.br/107541,Brazil,55,Palotina,"Spas/beauty/personal care","[{""id"":""199236533423806"",""name"":""Beauty Salon""}]",7093,4,483450295098745,http://www.facebook.com/483450295098745,"=HYPERLINK(""http://www.facebook.com/483450295098745/?sk=info"", ""483450295098745"")","=HYPERLINK(""http://builder.page2site.com/sites/add/fbid:483450295098745"", ""Create"")"
"Make-up Beauty Salon",107,"Conture Make-up by Dolores Srok Trajna šminka",0917544365,www.life-estetic.com,Croatia,385,Kastav,Health/beauty,"[{""id"":""199236533423806"",""name"":""Beauty Salon""}]",24836,801,316218778481634,http://www.facebook.com/316218778481634,"=HYPERLINK(""http://www.facebook.com/316218778481634/?sk=info"", ""316218778481634"")","=HYPERLINK(""http://builder.page2site.com/sites/add/fbid:316218778481634"", ""Create"")"
"Make-up Beauty Salon",108,"Jalila Sherkawi Makeup Artist",01000620704,http://www.facebook.com/jalilasherkawiMakeupartist,Egypt,20,Cairo,"Local business","[{""id"":""199236533423806"",""name"":""Beauty Salon""}]",36200,46,1437619646473158,http://www.facebook.com/1437619646473158,"=HYPERLINK(""http://www.facebook.com/1437619646473158/?sk=info"", ""1437619646473158"")","=HYPERLINK(""http://builder.page2site.com/sites/add/fbid:1437619646473158"", ""Create"")"
"Make-up Beauty Salon",109,"H&P Coiffeur&Professional Make-up Studio",2124281514,"http://www.pinarbayram.com http://www.hulyabayram.com",Turkey,90,Avcılar,"Professional services","[{""id"":""199236533423806"",""name"":""Beauty Salon""}]",4599,34,102953223197500,http://www.facebook.com/102953223197500,"=HYPERLINK(""http://www.facebook.com/102953223197500/?sk=info"", ""102953223197500"")","=HYPERLINK(""http://builder.page2site.com/sites/add/fbid:102953223197500"", ""Create"")"
"Make-up Beauty Salon",110,"POSH Hair & Make-Up Studio","(562) 861-7472",,"United States",1,Downey,"Local business","[{""id"":""2500"",""name"":""Local Business""}]",234,,659109614115524,http://www.facebook.com/659109614115524,"=HYPERLINK(""http://www.facebook.com/659109614115524/?sk=info"", ""659109614115524"")","=HYPERLINK(""http://builder.page2site.com/sites/add/fbid:659109614115524"", ""Create"")"
"Make-up Beauty Salon",111,"Suite Hair & Make up","442 2152917",,Mexico,52,Querétaro,"Spas/beauty/personal care","[{""id"":""199236533423806"",""name"":""Beauty Salon""}]",3148,54,1431786443733348,http://www.facebook.com/1431786443733348,"=HYPERLINK(""http://www.facebook.com/1431786443733348/?sk=info"", ""1431786443733348"")","=HYPERLINK(""http://builder.page2site.com/sites/add/fbid:1431786443733348"", ""Create"")"
"Make-up Beauty Salon",112,"Makeup By Michele.N",72145102,http://www.ladyloungecph.dk,Denmark,45,Valby,Health/beauty,"[{""id"":""199236533423806"",""name"":""Beauty Salon""}]",7120,149,1412052015675952,http://www.facebook.com/1412052015675952,"=HYPERLINK(""http://www.facebook.com/1412052015675952/?sk=info"", ""1412052015675952"")","=HYPERLINK(""http://builder.page2site.com/sites/add/fbid:1412052015675952"", ""Create"")"
"Make-up Beauty Salon",113,"Theo Studio Make-up",0725969360,,Romania,40,Bucharest,"Professional services","[{""id"":""133436743388217"",""name"":""Arts & Entertainment""},{""id"":""199236533423806"",""name"":""Beauty Salon""}]",4033,,527436037303341,http://www.facebook.com/527436037303341,"=HYPERLINK(""http://www.facebook.com/527436037303341/?sk=info"", ""527436037303341"")","=HYPERLINK(""http://builder.page2site.com/sites/add/fbid:527436037303341"", ""Create"")"
"Make-up Beauty Salon",114,"Only Beauty ""schöner Leben"" Permanent Make-up Naildesign Kosmetik","030 99 27 97 91",www.only-beauty.de,Germany,49,Berlin,"Spas/beauty/personal care","[{""id"":""199236533423806"",""name"":""Beauty Salon""},{""id"":""198516863494646"",""name"":""Nail Salon""},{""id"":""151676848220295"",""name"":""Education""}]",18569,576,180648948702836,http://www.facebook.com/180648948702836,"=HYPERLINK(""http://www.facebook.com/180648948702836/?sk=info"", ""180648948702836"")","=HYPERLINK(""http://builder.page2site.com/sites/add/fbid:180648948702836"", ""Create"")"
"Make-up Beauty Salon",115,"Su Makeup Kalıcı makyaj",05076849697,,Turkey,90,Ankara,Hospital/clinic,"[{""id"":""199236533423806"",""name"":""Beauty Salon""}]",16798,43,1492246637656481,http://www.facebook.com/1492246637656481,"=HYPERLINK(""http://www.facebook.com/1492246637656481/?sk=info"", ""1492246637656481"")","=HYPERLINK(""http://builder.page2site.com/sites/add/fbid:1492246637656481"", ""Create"")"
"Make-up Beauty Salon",116,"Make up Me Pretty | Kiran Nijjar Wadhwa",6472675377,http://makeupmepretty.com/,Canada,1,Brampton,"Spas/beauty/personal care","[{""id"":""146059155460366"",""name"":""Makeup Artist""},{""id"":""199236533423806"",""name"":""Beauty Salon""}]",18387,30,148516155214359,http://www.facebook.com/148516155214359,"=HYPERLINK(""http://www.facebook.com/148516155214359/?sk=info"", ""148516155214359"")","=HYPERLINK(""http://builder.page2site.com/sites/add/fbid:148516155214359"", ""Create"")"
"Make-up Beauty Salon",117,"Gynko Hairand Make Up",4421290921,,Mexico,52,Querétaro,"Spas/beauty/personal care","[{""id"":""199236533423806"",""name"":""Beauty Salon""}]",6709,129,311655928979112,http://www.facebook.com/311655928979112,"=HYPERLINK(""http://www.facebook.com/311655928979112/?sk=info"", ""311655928979112"")","=HYPERLINK(""http://builder.page2site.com/sites/add/fbid:311655928979112"", ""Create"")"
"Make-up Beauty Salon",118,"Pretty Woman: Permanent Make-up & Laser Services","(516) 647-6988",http://longislandlaserservices.com/index.php,"United States",1,Hewlett,"Professional services","[{""id"":""210460678964858"",""name"":""Laser Hair Removal""},{""id"":""199236533423806"",""name"":""Beauty Salon""}]",10316,1,1396045127299682,http://www.facebook.com/1396045127299682,"=HYPERLINK(""http://www.facebook.com/1396045127299682/?sk=info"", ""1396045127299682"")","=HYPERLINK(""http://builder.page2site.com/sites/add/fbid:1396045127299682"", ""Create"")"
"Make-up Beauty Salon",119,"MONROE make-up & hair lounge","0731 264 083",http://monroe.com.ro,Romania,40,Bucharest,"Spas/beauty/personal care","[{""id"":""199236533423806"",""name"":""Beauty Salon""},{""id"":""174177802634376"",""name"":""Hair Salon""}]",8097,315,657512970945406,http://www.facebook.com/657512970945406,"=HYPERLINK(""http://www.facebook.com/657512970945406/?sk=info"", ""657512970945406"")","=HYPERLINK(""http://builder.page2site.com/sites/add/fbid:657512970945406"", ""Create"")"
"Make-up Beauty Salon",120,"Make Up by Serap",0174/9511434,<<not-applicable>>,Germany,49,Böblingen,"Spas/beauty/personal care","[{""id"":""199236533423806"",""name"":""Beauty Salon""}]",17090,50,230053887142036,http://www.facebook.com/230053887142036,"=HYPERLINK(""http://www.facebook.com/230053887142036/?sk=info"", ""230053887142036"")","=HYPERLINK(""http://builder.page2site.com/sites/add/fbid:230053887142036"", ""Create"")"
"Make-up Beauty Salon",121,"Sax Hair & Make Up",3-318924,,Bolivia,591,"Santa Cruz de la Sierra","Spas/beauty/personal care","[{""id"":""199236533423806"",""name"":""Beauty Salon""}]",752,22,1382569882024166,http://www.facebook.com/1382569882024166,"=HYPERLINK(""http://www.facebook.com/1382569882024166/?sk=info"", ""1382569882024166"")","=HYPERLINK(""http://builder.page2site.com/sites/add/fbid:1382569882024166"", ""Create"")"
"Make-up Beauty Salon",122,"Tony Milani - Hair Designer and Make Up","(065) 3224-1049 - (065) 9991-0159",,Brazil,55,Cáceres,"Spas/beauty/personal care","[{""id"":""199236533423806"",""name"":""Beauty Salon""}]",2576,95,673512549372571,http://www.facebook.com/673512549372571,"=HYPERLINK(""http://www.facebook.com/673512549372571/?sk=info"", ""673512549372571"")","=HYPERLINK(""http://builder.page2site.com/sites/add/fbid:673512549372571"", ""Create"")"
"Make-up Beauty Salon",123,"Aya Wahba - makeup artist","+20102 8492953",,Egypt,20,Cairo,"Spas/beauty/personal care","[{""id"":""199236533423806"",""name"":""Beauty Salon""}]",15969,1521,825923670760732,http://www.facebook.com/825923670760732,"=HYPERLINK(""http://www.facebook.com/825923670760732/?sk=info"", ""825923670760732"")","=HYPERLINK(""http://builder.page2site.com/sites/add/fbid:825923670760732"", ""Create"")"
"Make-up Beauty Salon",124,"Beautilicious Make-up","07854 080 776",http://www.bespokepermanentmakeup.co.uk,"United Kingdom",44,Ashford,"Spas/beauty/personal care","[{""id"":""199236533423806"",""name"":""Beauty Salon""}]",9918,513,78340993290,http://www.facebook.com/78340993290,"=HYPERLINK(""http://www.facebook.com/78340993290/?sk=info"", ""78340993290"")","=HYPERLINK(""http://builder.page2site.com/sites/add/fbid:78340993290"", ""Create"")"
"Make-up Beauty Salon",125,"Makeup India Lucknow","91 9889250364",http://www.makeupindia.in,India,91,Lucknow,Health/beauty,"[{""id"":""146059155460366"",""name"":""Makeup Artist""},{""id"":""199236533423806"",""name"":""Beauty Salon""},{""id"":""174177802634376"",""name"":""Hair Salon""}]",16465,890,145454592312234,http://www.facebook.com/145454592312234,"=HYPERLINK(""http://www.facebook.com/145454592312234/?sk=info"", ""145454592312234"")","=HYPERLINK(""http://builder.page2site.com/sites/add/fbid:145454592312234"", ""Create"")"
"Make-up Beauty Salon",126,"Prim & Pr0per Hair and Make Up","(757) 439-2854",http://primandpr0per.com,"United States",1,"Virginia Beach",Health/beauty,"[{""id"":""174177802634376"",""name"":""Hair Salon""},{""id"":""146059155460366"",""name"":""Makeup Artist""},{""id"":""199236533423806"",""name"":""Beauty Salon""}]",1017,9,1393206514259026,http://www.facebook.com/1393206514259026,"=HYPERLINK(""http://www.facebook.com/1393206514259026/?sk=info"", ""1393206514259026"")","=HYPERLINK(""http://builder.page2site.com/sites/add/fbid:1393206514259026"", ""Create"")"
"Make-up Beauty Salon",127,"Mosaic Hair Body Skin Make-up","07 3846 2777",www.mosaicsalon.com.au,Australia,61,Brisbane,"Local business","[{""id"":""199236533423806"",""name"":""Beauty Salon""},{""id"":""174177802634376"",""name"":""Hair Salon""},{""id"":""146059155460366"",""name"":""Makeup Artist""}]",356,20,162158223823602,http://www.facebook.com/162158223823602,"=HYPERLINK(""http://www.facebook.com/162158223823602/?sk=info"", ""162158223823602"")","=HYPERLINK(""http://builder.page2site.com/sites/add/fbid:162158223823602"", ""Create"")"
"Make-up Beauty Salon",128,"Tasneem's Make-up Studio and Salon",0321-4698021,http://www.facebook.com/TasneemSalon1,Pakistan,92,Lahore,"Professional services","[{""id"":""199236533423806"",""name"":""Beauty Salon""}]",6476,57,594612427224083,http://www.facebook.com/594612427224083,"=HYPERLINK(""http://www.facebook.com/594612427224083/?sk=info"", ""594612427224083"")","=HYPERLINK(""http://builder.page2site.com/sites/add/fbid:594612427224083"", ""Create"")"
"Make-up Beauty Salon",129,"MAKE UP Academy MTY","(81) 19726084",http://www.besamemuchomk.com,Mexico,52,Monterrey,"Local business","[{""id"":""199236533423806"",""name"":""Beauty Salon""}]",4960,34,502465986499836,http://www.facebook.com/502465986499836,"=HYPERLINK(""http://www.facebook.com/502465986499836/?sk=info"", ""502465986499836"")","=HYPERLINK(""http://builder.page2site.com/sites/add/fbid:502465986499836"", ""Create"")"
"Make-up Beauty Salon",130,"Aisha Faisal Makeup Studio",0336-0007919,,Pakistan,92,Karachi,"Spas/beauty/personal care","[{""id"":""146059155460366"",""name"":""Makeup Artist""},{""id"":""199236533423806"",""name"":""Beauty Salon""}]",12396,685,536450979740218,http://www.facebook.com/536450979740218,"=HYPERLINK(""http://www.facebook.com/536450979740218/?sk=info"", ""536450979740218"")","=HYPERLINK(""http://builder.page2site.com/sites/add/fbid:536450979740218"", ""Create"")"
"Make-up Beauty Salon",131,"Make- up by Marianna","(818) 850-5966",http://ItsMyURLs.com/MakeupMarianna,"United States",1,Glendale,"Local business","[{""id"":""199236533423806"",""name"":""Beauty Salon""},{""id"":""144873802247220"",""name"":""Cosmetics & Beauty Supply""}]",10710,216,289997410718,http://www.facebook.com/289997410718,"=HYPERLINK(""http://www.facebook.com/289997410718/?sk=info"", ""289997410718"")","=HYPERLINK(""http://builder.page2site.com/sites/add/fbid:289997410718"", ""Create"")"
"Make-up Beauty Salon",132,"The Queen Nail & Make Up",0906140999,,Vietnam,84,Hanoi,"Spas/beauty/personal care","[{""id"":""139225689474222"",""name"":""Spa, Beauty & Personal Care""}]",3172,7,1442698472612854,http://www.facebook.com/1442698472612854,"=HYPERLINK(""http://www.facebook.com/1442698472612854/?sk=info"", ""1442698472612854"")","=HYPERLINK(""http://builder.page2site.com/sites/add/fbid:1442698472612854"", ""Create"")"
"Make-up Beauty Salon",133,"Semi Permanent Make-Up Wokingham and Bracknell Beauty","01344 224678. 07721 358820",http://www.wokinghambeauty.co.uk,"United Kingdom",44,Bracknell,"Professional services","[{""id"":""199236533423806"",""name"":""Beauty Salon""}]",1832,4,938222126193132,http://www.facebook.com/938222126193132,"=HYPERLINK(""http://www.facebook.com/938222126193132/?sk=info"", ""938222126193132"")","=HYPERLINK(""http://builder.page2site.com/sites/add/fbid:938222126193132"", ""Create"")"
"Make-up Beauty Salon",134,"Retro style- Professional Hair & Make up",0522369012,,Morocco,212,Casablanca,"Spas/beauty/personal care","[{""id"":""199236533423806"",""name"":""Beauty Salon""}]",3777,89,673264609380941,http://www.facebook.com/673264609380941,"=HYPERLINK(""http://www.facebook.com/673264609380941/?sk=info"", ""673264609380941"")","=HYPERLINK(""http://builder.page2site.com/sites/add/fbid:673264609380941"", ""Create"")"
"Make-up Beauty Salon",135,"Komask Makeup",0097142666946,"http://www.komask.com/demo/index.php ","United Arab Emirates",971,Dubai,Health/beauty,"[{""id"":""146059155460366"",""name"":""Makeup Artist""},{""id"":""144873802247220"",""name"":""Cosmetics & Beauty Supply""},{""id"":""199236533423806"",""name"":""Beauty Salon""}]",17374,38,184496168273041,http://www.facebook.com/184496168273041,"=HYPERLINK(""http://www.facebook.com/184496168273041/?sk=info"", ""184496168273041"")","=HYPERLINK(""http://builder.page2site.com/sites/add/fbid:184496168273041"", ""Create"")"
"Make-up Beauty Salon",136,"Ruka Hair & Make Up",,https://www.facebook.com/pages/Ruka-Hair-Make-Up/670028876368375,Serbia,381,"Tërnovci i Madh","Spas/beauty/personal care","[{""id"":""199236533423806"",""name"":""Beauty Salon""}]",2731,28,670028876368375,http://www.facebook.com/670028876368375,"=HYPERLINK(""http://www.facebook.com/670028876368375/?sk=info"", ""670028876368375"")","=HYPERLINK(""http://builder.page2site.com/sites/add/fbid:670028876368375"", ""Create"")"
"Make-up Beauty Salon",137,"Grace Kingsley - Make Up Artist",07779592317,"http://www.gracekingsley.co.uk ","United Kingdom",44,Bristol,"Spas/beauty/personal care","[{""id"":""146059155460366"",""name"":""Makeup Artist""},{""id"":""198516863494646"",""name"":""Nail Salon""},{""id"":""199236533423806"",""name"":""Beauty Salon""}]",10399,82,491780110873578,http://www.facebook.com/491780110873578,"=HYPERLINK(""http://www.facebook.com/491780110873578/?sk=info"", ""491780110873578"")","=HYPERLINK(""http://builder.page2site.com/sites/add/fbid:491780110873578"", ""Create"")"
"Make-up Beauty Salon",138,"Permanent Make Up Manchester",07756350715,,"United Kingdom",44,Manchester,"Local business","[{""id"":""199236533423806"",""name"":""Beauty Salon""}]",838,50,504859926317181,http://www.facebook.com/504859926317181,"=HYPERLINK(""http://www.facebook.com/504859926317181/?sk=info"", ""504859926317181"")","=HYPERLINK(""http://builder.page2site.com/sites/add/fbid:504859926317181"", ""Create"")"
"Make-up Beauty Salon",139,"Crystine professional make up and hair style",0060165172443,,Malaysia,60,Ipoh,"Spas/beauty/personal care","[{""id"":""146059155460366"",""name"":""Makeup Artist""},{""id"":""174177802634376"",""name"":""Hair Salon""},{""id"":""199236533423806"",""name"":""Beauty Salon""}]",2291,10,345035902322775,http://www.facebook.com/345035902322775,"=HYPERLINK(""http://www.facebook.com/345035902322775/?sk=info"", ""345035902322775"")","=HYPERLINK(""http://builder.page2site.com/sites/add/fbid:345035902322775"", ""Create"")"
"Make-up Beauty Salon",140,"DUARTE SALON Hair Stylist & Make Up Artist",,,Indonesia,62,Yogyakarta,"Local business","[{""id"":""199236533423806"",""name"":""Beauty Salon""}]",35,,150543411678057,http://www.facebook.com/150543411678057,"=HYPERLINK(""http://www.facebook.com/150543411678057/?sk=info"", ""150543411678057"")","=HYPERLINK(""http://builder.page2site.com/sites/add/fbid:150543411678057"", ""Create"")"
"Make-up Beauty Salon",141,"By Cris Pinheiro Make - Up Hair",81232010---,,Brazil,55,Cuiabá,"Spas/beauty/personal care","[{""id"":""199236533423806"",""name"":""Beauty Salon""}]",254,,426191334125047,http://www.facebook.com/426191334125047,"=HYPERLINK(""http://www.facebook.com/426191334125047/?sk=info"", ""426191334125047"")","=HYPERLINK(""http://builder.page2site.com/sites/add/fbid:426191334125047"", ""Create"")"
"Make-up Beauty Salon",142,"Kristina Oganesian Make up Artist","+370 676 69699",www.kristinaoganesian.lt,Lithuania,370,Vilnius,Health/beauty,"[{""id"":""199236533423806"",""name"":""Beauty Salon""}]",8741,30,456247324443943,http://www.facebook.com/456247324443943,"=HYPERLINK(""http://www.facebook.com/456247324443943/?sk=info"", ""456247324443943"")","=HYPERLINK(""http://builder.page2site.com/sites/add/fbid:456247324443943"", ""Create"")"
"Make-up Beauty Salon",143,"Carolina Mena MakeUp"," 381 6 39 85 47 ",,Argentina,54,"San Miguel de Tucumán","Spas/beauty/personal care","[{""id"":""199236533423806"",""name"":""Beauty Salon""}]",3134,104,557530591033573,http://www.facebook.com/557530591033573,"=HYPERLINK(""http://www.facebook.com/557530591033573/?sk=info"", ""557530591033573"")","=HYPERLINK(""http://builder.page2site.com/sites/add/fbid:557530591033573"", ""Create"")"
"Make-up Beauty Salon",144,"Hair & Make-up Brasov"," 0748367851",,Romania,40,Brasov,"Professional services","[{""id"":""199236533423806"",""name"":""Beauty Salon""}]",1070,9,569872339748788,http://www.facebook.com/569872339748788,"=HYPERLINK(""http://www.facebook.com/569872339748788/?sk=info"", ""569872339748788"")","=HYPERLINK(""http://builder.page2site.com/sites/add/fbid:569872339748788"", ""Create"")"
"Make-up Beauty Salon",145,"Areen makeup & hair design",0503705036,,Israel,972,Sakhnin,"Spas/beauty/personal care","[{""id"":""199236533423806"",""name"":""Beauty Salon""}]",10277,248,1393496634214347,http://www.facebook.com/1393496634214347,"=HYPERLINK(""http://www.facebook.com/1393496634214347/?sk=info"", ""1393496634214347"")","=HYPERLINK(""http://builder.page2site.com/sites/add/fbid:1393496634214347"", ""Create"")"
"Make-up Beauty Salon",146,"希姮紋繡美學　Flora permanent Makeup",0223781259,http://blog.xuite.net/milu1682001/blog,Taiwan,886,Taipei,"Spas/beauty/personal care","[{""id"":""199236533423806"",""name"":""Beauty Salon""},{""id"":""146059155460366"",""name"":""Makeup Artist""},{""id"":""146053955462002"",""name"":""Esthethics""}]",5226,10,738478876196555,http://www.facebook.com/738478876196555,"=HYPERLINK(""http://www.facebook.com/738478876196555/?sk=info"", ""738478876196555"")","=HYPERLINK(""http://builder.page2site.com/sites/add/fbid:738478876196555"", ""Create"")"
"Make-up Beauty Salon",147,"Make up artist Alla Kitsa",+37369425535,"https://www.facebook.com/alla.kitsa.3 http://www.odnoklassniki.ru/kitsa",Moldova,373,Chisinau,"Professional services","[{""id"":""199236533423806"",""name"":""Beauty Salon""}]",5500,60,1409800785925485,http://www.facebook.com/1409800785925485,"=HYPERLINK(""http://www.facebook.com/1409800785925485/?sk=info"", ""1409800785925485"")","=HYPERLINK(""http://builder.page2site.com/sites/add/fbid:1409800785925485"", ""Create"")"
"Make-up Beauty Salon",148,"Diana's Beauty Salon & Make-Up","(310) 515-7332",,"United States",1,Gardena,"Local business","[{""id"":""199236533423806"",""name"":""Beauty Salon""}]",18,,121568034568674,http://www.facebook.com/121568034568674,"=HYPERLINK(""http://www.facebook.com/121568034568674/?sk=info"", ""121568034568674"")","=HYPERLINK(""http://builder.page2site.com/sites/add/fbid:121568034568674"", ""Create"")"
"Make-up Beauty Salon",149,"Permanent MakeUp","+43 664 1903400",http://www.theperfectface.at,Austria,43,Salzburg,"Professional services","[{""id"":""199236533423806"",""name"":""Beauty Salon""}]",1099,110,236576986387478,http://www.facebook.com/236576986387478,"=HYPERLINK(""http://www.facebook.com/236576986387478/?sk=info"", ""236576986387478"")","=HYPERLINK(""http://builder.page2site.com/sites/add/fbid:236576986387478"", ""Create"")"
"Make-up Beauty Salon",150,"Samara Marinho Make Up",979631791,,Brazil,55,"Duque de Caxias","Spas/beauty/personal care","[{""id"":""146059155460366"",""name"":""Makeup Artist""},{""id"":""199236533423806"",""name"":""Beauty Salon""}]",3957,62,293495787489515,http://www.facebook.com/293495787489515,"=HYPERLINK(""http://www.facebook.com/293495787489515/?sk=info"", ""293495787489515"")","=HYPERLINK(""http://builder.page2site.com/sites/add/fbid:293495787489515"", ""Create"")"
"Make-up Beauty Salon",151,"Rita Schemes Design & Make Up",05432171941,,Brazil,55,"Caxias do Sul","Spas/beauty/personal care","[{""id"":""199236533423806"",""name"":""Beauty Salon""}]",607,98,248030312057022,http://www.facebook.com/248030312057022,"=HYPERLINK(""http://www.facebook.com/248030312057022/?sk=info"", ""248030312057022"")","=HYPERLINK(""http://builder.page2site.com/sites/add/fbid:248030312057022"", ""Create"")"
"Make-up Beauty Salon",152,"BETA Make-up","(38) 9103-2979 ",,Brazil,55,Taiobeiras,"Spas/beauty/personal care","[{""id"":""199236533423806"",""name"":""Beauty Salon""}]",187,1,635792806478474,http://www.facebook.com/635792806478474,"=HYPERLINK(""http://www.facebook.com/635792806478474/?sk=info"", ""635792806478474"")","=HYPERLINK(""http://builder.page2site.com/sites/add/fbid:635792806478474"", ""Create"")"
"Make-up Beauty Salon",153,"Ornybeauty makeup",0781321884,<<not-applicable>>,France,33,Persan,Health/beauty,"[{""id"":""199236533423806"",""name"":""Beauty Salon""}]",9509,289,113775512115224,http://www.facebook.com/113775512115224,"=HYPERLINK(""http://www.facebook.com/113775512115224/?sk=info"", ""113775512115224"")","=HYPERLINK(""http://builder.page2site.com/sites/add/fbid:113775512115224"", ""Create"")"
"Make-up Beauty Salon",154,"Tânia Santos Make Up",43-96445949,,Brazil,55,"Siqueira Campos","Spas/beauty/personal care","[{""id"":""199236533423806"",""name"":""Beauty Salon""}]",1450,15,212876918917077,http://www.facebook.com/212876918917077,"=HYPERLINK(""http://www.facebook.com/212876918917077/?sk=info"", ""212876918917077"")","=HYPERLINK(""http://builder.page2site.com/sites/add/fbid:212876918917077"", ""Create"")"
"Make-up Beauty Salon",155,"Edna Tierno Hair Make Up","(61) 3349-1332",http://www.ednatierno.com.br,Brazil,55,Brasília,"Spas/beauty/personal care","[{""id"":""199236533423806"",""name"":""Beauty Salon""}]",137,3,779416692070736,http://www.facebook.com/779416692070736,"=HYPERLINK(""http://www.facebook.com/779416692070736/?sk=info"", ""779416692070736"")","=HYPERLINK(""http://builder.page2site.com/sites/add/fbid:779416692070736"", ""Create"")"
"Make-up Beauty Salon",156,"A.ShahiGlam - Wimpernverlängerung Permanent Make up - Make up Artist",0049151401204806,,Switzerland,41,Zürich,Health/beauty,"[{""id"":""199236533423806"",""name"":""Beauty Salon""}]",1399,345,1553227254899357,http://www.facebook.com/1553227254899357,"=HYPERLINK(""http://www.facebook.com/1553227254899357/?sk=info"", ""1553227254899357"")","=HYPERLINK(""http://builder.page2site.com/sites/add/fbid:1553227254899357"", ""Create"")"
"Make-up Beauty Salon",157,"One Make Up","0753 552 494",http://twitter.com/Ionelastupinean,Romania,40,Cluj-Napoca,Health/beauty,"[{""id"":""199236533423806"",""name"":""Beauty Salon""}]",1379,2,1411236739147932,http://www.facebook.com/1411236739147932,"=HYPERLINK(""http://www.facebook.com/1411236739147932/?sk=info"", ""1411236739147932"")","=HYPERLINK(""http://builder.page2site.com/sites/add/fbid:1411236739147932"", ""Create"")"
"Make-up Beauty Salon",158,"Amiirah Make Up Pro Artist Beautician",,https://www.facebook.com/amiirah.beautician,Mauritius,230,"Port Louis","Spas/beauty/personal care","[{""id"":""199236533423806"",""name"":""Beauty Salon""}]",4388,233,180236332142995,http://www.facebook.com/180236332142995,"=HYPERLINK(""http://www.facebook.com/180236332142995/?sk=info"", ""180236332142995"")","=HYPERLINK(""http://builder.page2site.com/sites/add/fbid:180236332142995"", ""Create"")"
"Make-up Beauty Salon",159,"F/A Elite Make-Up Studio Salon",09228144467,https://www.facebook.com/a.fretchzel?fref=ts,Philippines,63,Cabuyao,"Spas/beauty/personal care","[{""id"":""199236533423806"",""name"":""Beauty Salon""},{""id"":""200814353265561"",""name"":""Spa""},{""id"":""146059155460366"",""name"":""Makeup Artist""}]",60,1,312889825536794,http://www.facebook.com/312889825536794,"=HYPERLINK(""http://www.facebook.com/312889825536794/?sk=info"", ""312889825536794"")","=HYPERLINK(""http://builder.page2site.com/sites/add/fbid:312889825536794"", ""Create"")"
"Make-up Beauty Salon",160,"Simmi ghai's xpressions hair & make-up studio","9911567020 .Lajpat Nagar,Kamla Nagar,Ashok Vihar,Punjabi Bagh,pitampura",http://www.xpressions.asia,India,91,"New Delhi","Spas/beauty/personal care","[{""id"":""174177802634376"",""name"":""Hair Salon""},{""id"":""146059155460366"",""name"":""Makeup Artist""},{""id"":""198516863494646"",""name"":""Nail Salon""}]",58502,1723,221048104578928,http://www.facebook.com/221048104578928,"=HYPERLINK(""http://www.facebook.com/221048104578928/?sk=info"", ""221048104578928"")","=HYPERLINK(""http://builder.page2site.com/sites/add/fbid:221048104578928"", ""Create"")"
"Make-up Beauty Salon",161,"Gabriella Tittoto Make Up","(16) 3204-1473 ",http://lookinggirls.blogspot.com.br,Brazil,55,Jaboticabal,"Spas/beauty/personal care","[{""id"":""199236533423806"",""name"":""Beauty Salon""}]",105,,447642092015911,http://www.facebook.com/447642092015911,"=HYPERLINK(""http://www.facebook.com/447642092015911/?sk=info"", ""447642092015911"")","=HYPERLINK(""http://builder.page2site.com/sites/add/fbid:447642092015911"", ""Create"")"
"Make-up Beauty Salon",162,"Nayara: hair & make-up",3333223322,,Brazil,55,Caratinga,"Spas/beauty/personal care","[{""id"":""199236533423806"",""name"":""Beauty Salon""}]",171,9,827979177212781,http://www.facebook.com/827979177212781,"=HYPERLINK(""http://www.facebook.com/827979177212781/?sk=info"", ""827979177212781"")","=HYPERLINK(""http://builder.page2site.com/sites/add/fbid:827979177212781"", ""Create"")"
"Make-up Beauty Salon",163,"Jimena Solares"" hair & Make up"" beauty salon","3-347046  /  700-88-163",,Bolivia,591,"Santa Cruz de la Sierra","Local business","[{""id"":""2500"",""name"":""Local Business""}]",170,1,255020297871076,http://www.facebook.com/255020297871076,"=HYPERLINK(""http://www.facebook.com/255020297871076/?sk=info"", ""255020297871076"")","=HYPERLINK(""http://builder.page2site.com/sites/add/fbid:255020297871076"", ""Create"")"
"Make-up Beauty Salon",164,"Estee - Make Up",,https://www.facebook.com/estee.wizaz,Poland,48,Poznan,"Spas/beauty/personal care","[{""id"":""199236533423806"",""name"":""Beauty Salon""}]",81,1,581235731932009,http://www.facebook.com/581235731932009,"=HYPERLINK(""http://www.facebook.com/581235731932009/?sk=info"", ""581235731932009"")","=HYPERLINK(""http://builder.page2site.com/sites/add/fbid:581235731932009"", ""Create"")"
"Make-up Beauty Salon",165,"Cosmetics & Make-up & Nails",0756473700,,Romania,40,Iasi,"Spas/beauty/personal care","[{""id"":""139225689474222"",""name"":""Spa, Beauty & Personal Care""}]",186,53,397988126984366,http://www.facebook.com/397988126984366,"=HYPERLINK(""http://www.facebook.com/397988126984366/?sk=info"", ""397988126984366"")","=HYPERLINK(""http://builder.page2site.com/sites/add/fbid:397988126984366"", ""Create"")"
"Make-up Beauty Salon",166,"Make Me Up UF",+46730878648,<<not-applicable>>,Sweden,46,Piteå,"Professional services","[{""id"":""199236533423806"",""name"":""Beauty Salon""}]",62,,534224169990959,http://www.facebook.com/534224169990959,"=HYPERLINK(""http://www.facebook.com/534224169990959/?sk=info"", ""534224169990959"")","=HYPERLINK(""http://builder.page2site.com/sites/add/fbid:534224169990959"", ""Create"")"
"Make-up Beauty Salon",167,"Permanent Make Up Nagelstudio Dauerhafte Haarentfernung",+436645359755,http://www.lekls.at,Austria,43,Vöcklabruck,"Professional services","[{""id"":""199236533423806"",""name"":""Beauty Salon""},{""id"":""198516863494646"",""name"":""Nail Salon""}]",20,,1460919930794838,http://www.facebook.com/1460919930794838,"=HYPERLINK(""http://www.facebook.com/1460919930794838/?sk=info"", ""1460919930794838"")","=HYPERLINK(""http://builder.page2site.com/sites/add/fbid:1460919930794838"", ""Create"")"
"Make-up Beauty Salon",168,"Hair and Make-Up","(212) 518-8830","www.susanaperks.com www.patriciafield.com","United States",1,"New York","Spas/beauty/personal care","[{""id"":""199236533423806"",""name"":""Beauty Salon""}]",88,1,255734151142852,http://www.facebook.com/255734151142852,"=HYPERLINK(""http://www.facebook.com/255734151142852/?sk=info"", ""255734151142852"")","=HYPERLINK(""http://builder.page2site.com/sites/add/fbid:255734151142852"", ""Create"")"
"Make-up Beauty Salon",169,"Alice Make-up Land & Beauty Salon","(818) 247-2944","WWW.alicemakeupland.COM
WWW.lusciousbyalice.COM
WWW.modelmayhem.COM/aliceatakhanian","United States",1,Glendale,"Local business","[{""id"":""2500"",""name"":""Local Business""}]",9,,69750463103,http://www.facebook.com/69750463103,"=HYPERLINK(""http://www.facebook.com/69750463103/?sk=info"", ""69750463103"")","=HYPERLINK(""http://builder.page2site.com/sites/add/fbid:69750463103"", ""Create"")"
"Make-up Beauty Salon",170,"Mayrale nails & make up",8182534921,,Mexico,52,"San Nicolás de los Garza","Spas/beauty/personal care","[{""id"":""198516863494646"",""name"":""Nail Salon""}]",40,,122178571211485,http://www.facebook.com/122178571211485,"=HYPERLINK(""http://www.facebook.com/122178571211485/?sk=info"", ""122178571211485"")","=HYPERLINK(""http://builder.page2site.com/sites/add/fbid:122178571211485"", ""Create"")"
"Make-up Beauty Salon",171,"Fatima Mua at Pretty Woman Cosmetics",647.501.9269,http://www.prettywomancosmetics.ca/,Canada,1,Mississauga,"Spas/beauty/personal care","[{""id"":""139225689474222"",""name"":""Spa, Beauty & Personal Care""}]",251,,435110763250478,http://www.facebook.com/435110763250478,"=HYPERLINK(""http://www.facebook.com/435110763250478/?sk=info"", ""435110763250478"")","=HYPERLINK(""http://builder.page2site.com/sites/add/fbid:435110763250478"", ""Create"")"
"Make-up Beauty Salon",172,"Divine hair, makeup and beauty salon",,,"South Africa",27,Vanderbijlpark,Company,,1,,1125682334125222,http://www.facebook.com/1125682334125222,"=HYPERLINK(""http://www.facebook.com/1125682334125222/?sk=info"", ""1125682334125222"")","=HYPERLINK(""http://builder.page2site.com/sites/add/fbid:1125682334125222"", ""Create"")"
"Make-up Beauty Salon",173,"Creatively Beautiful Bridal / Salon Philosophies Hair and Makeup Studio",905-877-8497,"www.creativelybeautiful.com www.salonphilosophies.com",,,,"Spas/beauty/personal care",,776,4,139748956091304,http://www.facebook.com/139748956091304,"=HYPERLINK(""http://www.facebook.com/139748956091304/?sk=info"", ""139748956091304"")","=HYPERLINK(""http://builder.page2site.com/sites/add/fbid:139748956091304"", ""Create"")"
"Make-up Beauty Salon",174,"Tracy's Salon and Spa../Iselee Beauty featuring Dinair Airbrush Makeup","(256) 717-5696",,"United States",1,Rainsville,"Spas/beauty/personal care","[{""id"":""174177802634376"",""name"":""Hair Salon""}]",112,35,619198261523037,http://www.facebook.com/619198261523037,"=HYPERLINK(""http://www.facebook.com/619198261523037/?sk=info"", ""619198261523037"")","=HYPERLINK(""http://builder.page2site.com/sites/add/fbid:619198261523037"", ""Create"")"
"Make-up Beauty Salon",175,"Beauxbelles Semi Permanent Makeup at Gorgeous Beauty Salon","0785 044 3909",,,,,Health/beauty,,9,,207349262763554,http://www.facebook.com/207349262763554,"=HYPERLINK(""http://www.facebook.com/207349262763554/?sk=info"", ""207349262763554"")","=HYPERLINK(""http://builder.page2site.com/sites/add/fbid:207349262763554"", ""Create"")"
"Make-up Beauty Salon",176,"Hair N Make Up Studio "" Miriam Gonzalez""",,,Mexico,52,"San Luis Río Colorado","Spas/beauty/personal care","[{""id"":""139225689474222"",""name"":""Spa, Beauty & Personal Care""}]",171,,523427667692173,http://www.facebook.com/523427667692173,"=HYPERLINK(""http://www.facebook.com/523427667692173/?sk=info"", ""523427667692173"")","=HYPERLINK(""http://builder.page2site.com/sites/add/fbid:523427667692173"", ""Create"")"
"Make-up Beauty Salon",177,"CharacteR   [ Hair + Beauty + Makeup ]",+60361450738,http://www.facebook.com/CharacterSalon,Malaysia,60,"Petaling Jaya","Spas/beauty/personal care",,192,,462990017044604,http://www.facebook.com/462990017044604,"=HYPERLINK(""http://www.facebook.com/462990017044604/?sk=info"", ""462990017044604"")","=HYPERLINK(""http://builder.page2site.com/sites/add/fbid:462990017044604"", ""Create"")"
"Make-up Beauty Salon",178,"Beauty Salön Nữ Hair & Make Up PHONG CÁCH PRO Ω",,,,,,Health/beauty,,9,,648708418552738,http://www.facebook.com/648708418552738,"=HYPERLINK(""http://www.facebook.com/648708418552738/?sk=info"", ""648708418552738"")","=HYPERLINK(""http://builder.page2site.com/sites/add/fbid:648708418552738"", ""Create"")"
"Make-up Beauty Salon",179,"The beauty secrets Day spa salon & makeup studio",,,,,,Health/beauty,,15,,286406268214963,http://www.facebook.com/286406268214963,"=HYPERLINK(""http://www.facebook.com/286406268214963/?sk=info"", ""286406268214963"")","=HYPERLINK(""http://builder.page2site.com/sites/add/fbid:286406268214963"", ""Create"")"
"Make-up Beauty Salon",180,"Zahra baba beauty salon",36643435,,,,,Artist,,134,,213984825368669,http://www.facebook.com/213984825368669,"=HYPERLINK(""http://www.facebook.com/213984825368669/?sk=info"", ""213984825368669"")","=HYPERLINK(""http://builder.page2site.com/sites/add/fbid:213984825368669"", ""Create"")"
"Make-up Beauty Salon",181,"زیباکده اَوین - Avin Beauty Salon","3969 510 0937",http://www.makeup.com,Iran,98,Qazvin,Health/beauty,"[{""id"":""169758603141095"",""name"":""Barber Shop""}]",46,,294613704018982,http://www.facebook.com/294613704018982,"=HYPERLINK(""http://www.facebook.com/294613704018982/?sk=info"", ""294613704018982"")","=HYPERLINK(""http://builder.page2site.com/sites/add/fbid:294613704018982"", ""Create"")"
"Make-up Beauty Salon",182,"Kolors ""The Beauty Salon & Makeup Studio""",8130130322,,India,91,"New Delhi","Spas/beauty/personal care","[{""id"":""146059155460366"",""name"":""Makeup Artist""},{""id"":""199236533423806"",""name"":""Beauty Salon""},{""id"":""198516863494646"",""name"":""Nail Salon""}]",15,1,655142211265918,http://www.facebook.com/655142211265918,"=HYPERLINK(""http://www.facebook.com/655142211265918/?sk=info"", ""655142211265918"")","=HYPERLINK(""http://builder.page2site.com/sites/add/fbid:655142211265918"", ""Create"")"
"Make-up Beauty Salon",183,"Beautiful Faces Permanent Makeup Salon","(301) 829-3223",http://BeautifulFacesSalon.com,"United States",1,Urbana,"Spas/beauty/personal care","[{""id"":""139225689474222"",""name"":""Spa, Beauty & Personal Care""}]",102,1,221778417925365,http://www.facebook.com/221778417925365,"=HYPERLINK(""http://www.facebook.com/221778417925365/?sk=info"", ""221778417925365"")","=HYPERLINK(""http://builder.page2site.com/sites/add/fbid:221778417925365"", ""Create"")"
"Make-up Beauty Salon",184,"Lavender Beauty Salon & Spa (Bridal makeup studio & institute",9833589485,,India,91,Dombivli,Health/beauty,,13,,351970208226764,http://www.facebook.com/351970208226764,"=HYPERLINK(""http://www.facebook.com/351970208226764/?sk=info"", ""351970208226764"")","=HYPERLINK(""http://builder.page2site.com/sites/add/fbid:351970208226764"", ""Create"")"
"Make-up Beauty Salon",185,"Nails and Makeup by Veronika Lambi at Cielo Salon",,http://www.medfordbeauty.com,"United States",1,Medford,Artist,"[{""id"":""198516863494646"",""name"":""Nail Salon""},{""id"":""146053955462002"",""name"":""Esthethics""},{""id"":""146059155460366"",""name"":""Makeup Artist""}]",83,,387531312742,http://www.facebook.com/387531312742,"=HYPERLINK(""http://www.facebook.com/387531312742/?sk=info"", ""387531312742"")","=HYPERLINK(""http://builder.page2site.com/sites/add/fbid:387531312742"", ""Create"")"
"Make-up Beauty Salon",186,"Tammy's beauty salon make up nails and hair",,,,,,"Just for fun",,,,824367697615808,http://www.facebook.com/824367697615808,"=HYPERLINK(""http://www.facebook.com/824367697615808/?sk=info"", ""824367697615808"")","=HYPERLINK(""http://builder.page2site.com/sites/add/fbid:824367697615808"", ""Create"")"
"Make-up Beauty Salon",187,"Beauty & Young. Salon De Belleza",6646664869,,Mexico,52,Tijuana,"Spas/beauty/personal care","[{""id"":""199236533423806"",""name"":""Beauty Salon""}]",14,,514991608547958,http://www.facebook.com/514991608547958,"=HYPERLINK(""http://www.facebook.com/514991608547958/?sk=info"", ""514991608547958"")","=HYPERLINK(""http://builder.page2site.com/sites/add/fbid:514991608547958"", ""Create"")"
"Make-up Beauty Salon",188,"Lorena ladies beauty salon & makeup studio",,,,,,"Spas/beauty/personal care",,16,1,152131298149337,http://www.facebook.com/152131298149337,"=HYPERLINK(""http://www.facebook.com/152131298149337/?sk=info"", ""152131298149337"")","=HYPERLINK(""http://builder.page2site.com/sites/add/fbid:152131298149337"", ""Create"")"
"Make-up Beauty Salon",189,"K-Joy's Home Beauty Salon",01125106902,,,,,Health/beauty,,,,386095371545833,http://www.facebook.com/386095371545833,"=HYPERLINK(""http://www.facebook.com/386095371545833/?sk=info"", ""386095371545833"")","=HYPERLINK(""http://builder.page2site.com/sites/add/fbid:386095371545833"", ""Create"")"
"Make-up Beauty Salon",190,"Mind nails สักคิ้ว3มิติในและนอกสถานที่ แต่งหน้า เสื้อผ้าแฟชั่น แว๊กซ์ขน",0830764428,,Thailand,66,Ayutthaya,"Spas/beauty/personal care","[{""id"":""139225689474222"",""name"":""Spa, Beauty & Personal Care""}]",199,25,581810701853703,http://www.facebook.com/581810701853703,"=HYPERLINK(""http://www.facebook.com/581810701853703/?sk=info"", ""581810701853703"")","=HYPERLINK(""http://builder.page2site.com/sites/add/fbid:581810701853703"", ""Create"")"
"Make-up Beauty Salon",191,"Andrea Nails and make UP",8711259438,,Mexico,52,"Gómez Palacio","Spas/beauty/personal care","[{""id"":""198516863494646"",""name"":""Nail Salon""}]",30,,298270776998194,http://www.facebook.com/298270776998194,"=HYPERLINK(""http://www.facebook.com/298270776998194/?sk=info"", ""298270776998194"")","=HYPERLINK(""http://builder.page2site.com/sites/add/fbid:298270776998194"", ""Create"")"
"Make-up Beauty Salon",192,"Janet French Hair Make Up Nails","095282172  / MOB: 0275281667  email: janetfrenchhairmakeupandnails@xtra.co.nz",www.janetfrench.co.nz,"New Zealand",64,Auckland,"Spas/beauty/personal care","[{""id"":""174177802634376"",""name"":""Hair Salon""},{""id"":""198516863494646"",""name"":""Nail Salon""}]",12,1,399208846841741,http://www.facebook.com/399208846841741,"=HYPERLINK(""http://www.facebook.com/399208846841741/?sk=info"", ""399208846841741"")","=HYPERLINK(""http://builder.page2site.com/sites/add/fbid:399208846841741"", ""Create"")"
"Make-up Beauty Salon",193,"Dash Beauty & Make Up Salon","669 980 00 00",,Mexico,52,Mazatlán,"Spas/beauty/personal care","[{""id"":""139225689474222"",""name"":""Spa, Beauty & Personal Care""}]",9,1,569086209827784,http://www.facebook.com/569086209827784,"=HYPERLINK(""http://www.facebook.com/569086209827784/?sk=info"", ""569086209827784"")","=HYPERLINK(""http://builder.page2site.com/sites/add/fbid:569086209827784"", ""Create"")"
"Make-up Beauty Salon",194,"Beauty salon hair and nails ,make_up",,,,,,"Home improvement","[{""id"":""2515"",""name"":""Home Improvement""}]",1,,565583780253684,http://www.facebook.com/565583780253684,"=HYPERLINK(""http://www.facebook.com/565583780253684/?sk=info"", ""565583780253684"")","=HYPERLINK(""http://builder.page2site.com/sites/add/fbid:565583780253684"", ""Create"")"
"Make-up Beauty Salon",195,"Selina's''Hair and Beauty Salon+ Make up Artist''","0161 256 4299",,"United Kingdom",44,Manchester,"Professional services","[{""id"":""176831012360626"",""name"":""Professional Services""}]",10,1,395924120507147,http://www.facebook.com/395924120507147,"=HYPERLINK(""http://www.facebook.com/395924120507147/?sk=info"", ""395924120507147"")","=HYPERLINK(""http://builder.page2site.com/sites/add/fbid:395924120507147"", ""Create"")"
"Make-up Beauty Salon",196,"Tabeer.A - Makeup Artist, Mumbai",07666950528,http://twitter.com/Tabeer_A,India,91,Mumbai,"Spas/beauty/personal care","[{""id"":""174177802634376"",""name"":""Hair Salon""},{""id"":""146059155460366"",""name"":""Makeup Artist""}]",10089,23,720237831354460,http://www.facebook.com/720237831354460,"=HYPERLINK(""http://www.facebook.com/720237831354460/?sk=info"", ""720237831354460"")","=HYPERLINK(""http://builder.page2site.com/sites/add/fbid:720237831354460"", ""Create"")"
"Make-up Beauty Salon",197,"Jessica Blossom, Semi Permanent Make Up","07913 977769",http://www.jessica-blossom.co.uk,"United Kingdom",44,Colchester,"Spas/beauty/personal care","[{""id"":""199236533423806"",""name"":""Beauty Salon""}]",2,1,721388444558874,http://www.facebook.com/721388444558874,"=HYPERLINK(""http://www.facebook.com/721388444558874/?sk=info"", ""721388444558874"")","=HYPERLINK(""http://builder.page2site.com/sites/add/fbid:721388444558874"", ""Create"")"
"Make-up Beauty Salon",198,"Michelle beauty salon - nails,make up,hair",18762770344,,Jamaica,"1 876",Kingston,"Spas/beauty/personal care","[{""id"":""2510"",""name"":""Spas\/Beauty\/Personal Care""}]",12,3,696447417105250,http://www.facebook.com/696447417105250,"=HYPERLINK(""http://www.facebook.com/696447417105250/?sk=info"", ""696447417105250"")","=HYPERLINK(""http://builder.page2site.com/sites/add/fbid:696447417105250"", ""Create"")"
"Make-up Beauty Salon",199,"Estilos beauty salon  hair ,nails, wax, make-up","(520) 449-6627",,"United States",1,Tucson,"Spas/beauty/personal care","[{""id"":""174177802634376"",""name"":""Hair Salon""}]",,,299008316969691,http://www.facebook.com/299008316969691,"=HYPERLINK(""http://www.facebook.com/299008316969691/?sk=info"", ""299008316969691"")","=HYPERLINK(""http://builder.page2site.com/sites/add/fbid:299008316969691"", ""Create"")"
"Make-up Beauty Salon",200,"Rabia Make Up Artist","(416) 624- 9594",,Canada,1,Ajax,"Spas/beauty/personal care","[{""id"":""139225689474222"",""name"":""Spa, Beauty & Personal Care""}]",2,,144590242381537,http://www.facebook.com/144590242381537,"=HYPERLINK(""http://www.facebook.com/144590242381537/?sk=info"", ""144590242381537"")","=HYPERLINK(""http://builder.page2site.com/sites/add/fbid:144590242381537"", ""Create"")"
"Make-up Beauty Salon",201,"Morgan Toone; Acrylic nails, make up & hair styling","04 2796 2494",,Australia,61,Melbourne,"Spas/beauty/personal care","[{""id"":""146059155460366"",""name"":""Makeup Artist""},{""id"":""198516863494646"",""name"":""Nail Salon""}]",112,1,434748426613458,http://www.facebook.com/434748426613458,"=HYPERLINK(""http://www.facebook.com/434748426613458/?sk=info"", ""434748426613458"")","=HYPERLINK(""http://builder.page2site.com/sites/add/fbid:434748426613458"", ""Create"")"
