Keyword,#,Name,Phone,Website,Country,"Country code",City,Category,"Category List",Likes,"Talking about","Facebook ID","Facebook Url","Facebook Page Link","P2S Website"
"Massage Beauty Salon",0,"Massage Corner-Massage Spa Beauty Salon Aonang",0812715399,,Thailand,66,Krabi,"Spas/beauty/personal care","[{""id"":""357645644269220"",""name"":""Alternative & Holistic Health""},{""id"":""139225689474222"",""name"":""Spa, Beauty & Personal Care""}]",82,,244768442352519,http://www.facebook.com/244768442352519,"=HYPERLINK(""http://www.facebook.com/244768442352519/?sk=info"", ""244768442352519"")","=HYPERLINK(""http://builder.page2site.com/sites/add/fbid:244768442352519"", ""Create"")"
"Massage Beauty Salon",1,"MissFrey's -  Beauty & Massage Salon",,,Australia,61,Wangaratta,"Spas/beauty/personal care","[{""id"":""199236533423806"",""name"":""Beauty Salon""},{""id"":""109578329118821"",""name"":""Massage""}]",1039,84,132935990148971,http://www.facebook.com/132935990148971,"=HYPERLINK(""http://www.facebook.com/132935990148971/?sk=info"", ""132935990148971"")","=HYPERLINK(""http://builder.page2site.com/sites/add/fbid:132935990148971"", ""Create"")"
"Massage Beauty Salon",2,"Flow Massage & Beauty Salon","01995 601110",,"United Kingdom",44,Preston,"Spas/beauty/personal care",,274,1,137484316305223,http://www.facebook.com/137484316305223,"=HYPERLINK(""http://www.facebook.com/137484316305223/?sk=info"", ""137484316305223"")","=HYPERLINK(""http://builder.page2site.com/sites/add/fbid:137484316305223"", ""Create"")"
"Massage Beauty Salon",3,"Beauty & Massage Salon Vanity",0683699200,www.beautysalonvanity.nl,Netherlands,31,Venlo,"Local business","[{""id"":""138322342904312"",""name"":""Skin Care""},{""id"":""109578329118821"",""name"":""Massage""}]",245,30,181247595256465,http://www.facebook.com/181247595256465,"=HYPERLINK(""http://www.facebook.com/181247595256465/?sk=info"", ""181247595256465"")","=HYPERLINK(""http://builder.page2site.com/sites/add/fbid:181247595256465"", ""Create"")"
"Massage Beauty Salon",4,"Thai Massage Beauty Salon","+212 61440098",,Morocco,212,Rabat,"Spas/beauty/personal care","[{""id"":""139225689474222"",""name"":""Spa, Beauty & Personal Care""}]",315,16,599028826821056,http://www.facebook.com/599028826821056,"=HYPERLINK(""http://www.facebook.com/599028826821056/?sk=info"", ""599028826821056"")","=HYPERLINK(""http://builder.page2site.com/sites/add/fbid:599028826821056"", ""Create"")"
"Massage Beauty Salon",5,"Unique Beauty & Massage Salon",0612040531,http://www.uniquebeautysalon.nl,Netherlands,31,Oostmahorn,"Spas/beauty/personal care","[{""id"":""139225689474222"",""name"":""Spa, Beauty & Personal Care""}]",274,7,398428470255488,http://www.facebook.com/398428470255488,"=HYPERLINK(""http://www.facebook.com/398428470255488/?sk=info"", ""398428470255488"")","=HYPERLINK(""http://builder.page2site.com/sites/add/fbid:398428470255488"", ""Create"")"
"Massage Beauty Salon",6,"Massage & Beauty Salon La Rambla 75 Barcelona. Masaje y estética.",0034653317553,http://www.massagebarcelona.net,Spain,34,Barcelona,"Spas/beauty/personal care","[{""id"":""109578329118821"",""name"":""Massage""},{""id"":""199236533423806"",""name"":""Beauty Salon""},{""id"":""198516863494646"",""name"":""Nail Salon""}]",218,5,575783085864188,http://www.facebook.com/575783085864188,"=HYPERLINK(""http://www.facebook.com/575783085864188/?sk=info"", ""575783085864188"")","=HYPERLINK(""http://builder.page2site.com/sites/add/fbid:575783085864188"", ""Create"")"
"Massage Beauty Salon",7,"Beauty,Massage&Pedicure salon Coscha",06,www.coscha.nl,Netherlands,31,Barneveld,"Spas/beauty/personal care","[{""id"":""139225689474222"",""name"":""Spa, Beauty & Personal Care""}]",232,7,111069459000501,http://www.facebook.com/111069459000501,"=HYPERLINK(""http://www.facebook.com/111069459000501/?sk=info"", ""111069459000501"")","=HYPERLINK(""http://builder.page2site.com/sites/add/fbid:111069459000501"", ""Create"")"
"Massage Beauty Salon",8,"Massage and Pamper Beauty Salon",0459209207,http://www.massageandpamper.com,Australia,61,"Wellington Point","Spas/beauty/personal care","[{""id"":""199236533423806"",""name"":""Beauty Salon""},{""id"":""109578329118821"",""name"":""Massage""},{""id"":""138322342904312"",""name"":""Skin Care""}]",86,,529610443772796,http://www.facebook.com/529610443772796,"=HYPERLINK(""http://www.facebook.com/529610443772796/?sk=info"", ""529610443772796"")","=HYPERLINK(""http://builder.page2site.com/sites/add/fbid:529610443772796"", ""Create"")"
"Massage Beauty Salon",9,"Genevieve's Beauty and Massage Salon",07545057502,http://www.sapphireroseuk.com,"United Kingdom",44,Farnborough,"Spas/beauty/personal care","[{""id"":""109578329118821"",""name"":""Massage""},{""id"":""199236533423806"",""name"":""Beauty Salon""},{""id"":""198516863494646"",""name"":""Nail Salon""}]",219,60,461007010654663,http://www.facebook.com/461007010654663,"=HYPERLINK(""http://www.facebook.com/461007010654663/?sk=info"", ""461007010654663"")","=HYPERLINK(""http://builder.page2site.com/sites/add/fbid:461007010654663"", ""Create"")"
"Massage Beauty Salon",10,"Feronica's Massage and Beauty Salon",0741942202,,Australia,61,Urraween,"Spas/beauty/personal care","[{""id"":""109578329118821"",""name"":""Massage""},{""id"":""199236533423806"",""name"":""Beauty Salon""}]",68,2,1504570786465094,http://www.facebook.com/1504570786465094,"=HYPERLINK(""http://www.facebook.com/1504570786465094/?sk=info"", ""1504570786465094"")","=HYPERLINK(""http://builder.page2site.com/sites/add/fbid:1504570786465094"", ""Create"")"
"Massage Beauty Salon",11,"Beauty Massage Salon 49",+36-30-223-8494,www.viktormassage.hu,Hungary,36,Koszeg,"Professional services","[{""id"":""109578329118821"",""name"":""Massage""}]",119,,107924786059952,http://www.facebook.com/107924786059952,"=HYPERLINK(""http://www.facebook.com/107924786059952/?sk=info"", ""107924786059952"")","=HYPERLINK(""http://builder.page2site.com/sites/add/fbid:107924786059952"", ""Create"")"
"Massage Beauty Salon",12,"Eclipse Beauty Salon",43945025,,Guatemala,502,"Antigua Guatemala","Spas/beauty/personal care",,1033,26,203931369706897,http://www.facebook.com/203931369706897,"=HYPERLINK(""http://www.facebook.com/203931369706897/?sk=info"", ""203931369706897"")","=HYPERLINK(""http://builder.page2site.com/sites/add/fbid:203931369706897"", ""Create"")"
"Massage Beauty Salon",13,"Grace Beauty and Massage Salon","(07) 5528 8825",,Australia,61,"Gold Coast","Spas/beauty/personal care","[{""id"":""109578329118821"",""name"":""Massage""},{""id"":""199236533423806"",""name"":""Beauty Salon""},{""id"":""128905757179140"",""name"":""Hair Removal""}]",5674,29,374118332623688,http://www.facebook.com/374118332623688,"=HYPERLINK(""http://www.facebook.com/374118332623688/?sk=info"", ""374118332623688"")","=HYPERLINK(""http://builder.page2site.com/sites/add/fbid:374118332623688"", ""Create"")"
"Massage Beauty Salon",14,"Kimarie Massage and Beauty Salon","617-472-8086, 617-472-8088",http://kimariegroup.com,"United States",1,Quincy,"Local business","[{""id"":""139225689474222"",""name"":""Spa, Beauty & Personal Care""},{""id"":""190153097675457"",""name"":""Medical School""}]",31,,162459810464414,http://www.facebook.com/162459810464414,"=HYPERLINK(""http://www.facebook.com/162459810464414/?sk=info"", ""162459810464414"")","=HYPERLINK(""http://builder.page2site.com/sites/add/fbid:162459810464414"", ""Create"")"
"Massage Beauty Salon",15,"Mona beauty salon, thai massage",76034949,,Mongolia,976,Ulaanbaatar,Health/beauty,,48,1,720479131371936,http://www.facebook.com/720479131371936,"=HYPERLINK(""http://www.facebook.com/720479131371936/?sk=info"", ""720479131371936"")","=HYPERLINK(""http://builder.page2site.com/sites/add/fbid:720479131371936"", ""Create"")"
"Massage Beauty Salon",16,"Eclip's Salon Massage & Beauty","(352) 795-0919",http://massagecrystalriver.com,"United States",1,"Crystal River","Spas/beauty/personal care","[{""id"":""109578329118821"",""name"":""Massage""},{""id"":""138322342904312"",""name"":""Skin Care""},{""id"":""174177802634376"",""name"":""Hair Salon""}]",128,,459834447470043,http://www.facebook.com/459834447470043,"=HYPERLINK(""http://www.facebook.com/459834447470043/?sk=info"", ""459834447470043"")","=HYPERLINK(""http://builder.page2site.com/sites/add/fbid:459834447470043"", ""Create"")"
"Massage Beauty Salon",17,"Divinity Beauty Salon & Massage","(786) 702-9609",http://www.dbsservices.weebly.com,"United States",1,Lakeland,"Local business","[{""id"":""199236533423806"",""name"":""Beauty Salon""}]",56,,147707662875,http://www.facebook.com/147707662875,"=HYPERLINK(""http://www.facebook.com/147707662875/?sk=info"", ""147707662875"")","=HYPERLINK(""http://builder.page2site.com/sites/add/fbid:147707662875"", ""Create"")"
"Massage Beauty Salon",18,"Martinica's Hair, Beauty, Massage & Wellness","0034 928562429      0034 666161864",http://www.martinicasalon.com,Spain,34,Arguineguín,Health/beauty,"[{""id"":""2214"",""name"":""Health\/Beauty""}]",2370,38,275162970187,http://www.facebook.com/275162970187,"=HYPERLINK(""http://www.facebook.com/275162970187/?sk=info"", ""275162970187"")","=HYPERLINK(""http://builder.page2site.com/sites/add/fbid:275162970187"", ""Create"")"
"Massage Beauty Salon",19,"Sweet Face Thai Massage and Beauty Salon",0123622630,http://www.sweetface.co.za,"South Africa",27,Pretoria,"Spas/beauty/personal care","[{""id"":""199236533423806"",""name"":""Beauty Salon""},{""id"":""200814353265561"",""name"":""Spa""},{""id"":""109578329118821"",""name"":""Massage""}]",2615,12,1432802246939195,http://www.facebook.com/1432802246939195,"=HYPERLINK(""http://www.facebook.com/1432802246939195/?sk=info"", ""1432802246939195"")","=HYPERLINK(""http://builder.page2site.com/sites/add/fbid:1432802246939195"", ""Create"")"
"Massage Beauty Salon",20,"Nia's Home Beauty Salon & Massage",0434062927,,Australia,61,Boronia,"Spas/beauty/personal care","[{""id"":""199236533423806"",""name"":""Beauty Salon""}]",291,13,280999588775041,http://www.facebook.com/280999588775041,"=HYPERLINK(""http://www.facebook.com/280999588775041/?sk=info"", ""280999588775041"")","=HYPERLINK(""http://builder.page2site.com/sites/add/fbid:280999588775041"", ""Create"")"
"Massage Beauty Salon",21,"Massage Amy - Spa & Beauty Salon","(+521) 987 564 0179",,Mexico,52,Cozumel,"Local business",,131,,271063272919661,http://www.facebook.com/271063272919661,"=HYPERLINK(""http://www.facebook.com/271063272919661/?sk=info"", ""271063272919661"")","=HYPERLINK(""http://builder.page2site.com/sites/add/fbid:271063272919661"", ""Create"")"
"Massage Beauty Salon",22,"Isabel Beauty & Massage salon",0645251778,,Netherlands,31,Bergen,"Spas/beauty/personal care","[{""id"":""109578329118821"",""name"":""Massage""},{""id"":""194201147294761"",""name"":""Mountain""}]",21,,353016574834621,http://www.facebook.com/353016574834621,"=HYPERLINK(""http://www.facebook.com/353016574834621/?sk=info"", ""353016574834621"")","=HYPERLINK(""http://builder.page2site.com/sites/add/fbid:353016574834621"", ""Create"")"
"Massage Beauty Salon",23,"Massage & Beauty Studio in Dublin - Salon Masażu i Kosmetyki w Dublinie",018197792,www.massageindublin.yolasite.com,Ireland,353,Dublin,Health/beauty,"[{""id"":""357645644269220"",""name"":""Alternative & Holistic Health""},{""id"":""109578329118821"",""name"":""Massage""},{""id"":""199236533423806"",""name"":""Beauty Salon""}]",407,28,102847336455504,http://www.facebook.com/102847336455504,"=HYPERLINK(""http://www.facebook.com/102847336455504/?sk=info"", ""102847336455504"")","=HYPERLINK(""http://builder.page2site.com/sites/add/fbid:102847336455504"", ""Create"")"
"Massage Beauty Salon",24,"Krista's Beauty Massage Therapy Salon",79728780,,Malta,356,"San Gwann","Spas/beauty/personal care","[{""id"":""199236533423806"",""name"":""Beauty Salon""},{""id"":""109578329118821"",""name"":""Massage""},{""id"":""146059155460366"",""name"":""Makeup Artist""}]",153,1,1429972557260034,http://www.facebook.com/1429972557260034,"=HYPERLINK(""http://www.facebook.com/1429972557260034/?sk=info"", ""1429972557260034"")","=HYPERLINK(""http://builder.page2site.com/sites/add/fbid:1429972557260034"", ""Create"")"
"Massage Beauty Salon",25,"Spa Beaubelle Massage and Beauty Salon","(707) 421-8434",<<not-applicable>>,"United States",1,Fairfield,"Spas/beauty/personal care","[{""id"":""139225689474222"",""name"":""Spa, Beauty & Personal Care""}]",269,5,135458523281267,http://www.facebook.com/135458523281267,"=HYPERLINK(""http://www.facebook.com/135458523281267/?sk=info"", ""135458523281267"")","=HYPERLINK(""http://builder.page2site.com/sites/add/fbid:135458523281267"", ""Create"")"
"Massage Beauty Salon",26,"Salon de Beaute Massage and Beauty",0407907261,,Australia,61,"Gold Coast","Spas/beauty/personal care","[{""id"":""199236533423806"",""name"":""Beauty Salon""}]",54,5,868858986472014,http://www.facebook.com/868858986472014,"=HYPERLINK(""http://www.facebook.com/868858986472014/?sk=info"", ""868858986472014"")","=HYPERLINK(""http://builder.page2site.com/sites/add/fbid:868858986472014"", ""Create"")"
"Massage Beauty Salon",27,"Four Leaf Beauty, Massage & Tanning Salon","6248 6454",http://www.fourleafbeautymassage.com.au,Australia,61,Braddon,"Spas/beauty/personal care","[{""id"":""199236533423806"",""name"":""Beauty Salon""},{""id"":""109578329118821"",""name"":""Massage""},{""id"":""185600691480842"",""name"":""Tanning Salon""}]",309,,245287892285857,http://www.facebook.com/245287892285857,"=HYPERLINK(""http://www.facebook.com/245287892285857/?sk=info"", ""245287892285857"")","=HYPERLINK(""http://builder.page2site.com/sites/add/fbid:245287892285857"", ""Create"")"
"Massage Beauty Salon",28,"Hévíz masszázs / Beauty & Massage Salon",06-30-325-5451,http://www.orimass.hu,Hungary,36,Hévíz,Health/medical/pharmacy,"[{""id"":""109578329118821"",""name"":""Massage""}]",51,1,192516697617844,http://www.facebook.com/192516697617844,"=HYPERLINK(""http://www.facebook.com/192516697617844/?sk=info"", ""192516697617844"")","=HYPERLINK(""http://builder.page2site.com/sites/add/fbid:192516697617844"", ""Create"")"
"Massage Beauty Salon",29,"Lavender Harmony Massage & Beauty Salon",0894404781,http://www.lavenderharmony.com.au,Australia,61,Perth,"Spas/beauty/personal care","[{""id"":""109578329118821"",""name"":""Massage""},{""id"":""199236533423806"",""name"":""Beauty Salon""},{""id"":""205950169432461"",""name"":""Day Spa""}]",167,,165613483634207,http://www.facebook.com/165613483634207,"=HYPERLINK(""http://www.facebook.com/165613483634207/?sk=info"", ""165613483634207"")","=HYPERLINK(""http://builder.page2site.com/sites/add/fbid:165613483634207"", ""Create"")"
"Massage Beauty Salon",30,"Nathalie Beauty Salon & Massage",7445021616,,Mexico,52,Acapulco,"Spas/beauty/personal care","[{""id"":""199236533423806"",""name"":""Beauty Salon""}]",43,,635834396454004,http://www.facebook.com/635834396454004,"=HYPERLINK(""http://www.facebook.com/635834396454004/?sk=info"", ""635834396454004"")","=HYPERLINK(""http://builder.page2site.com/sites/add/fbid:635834396454004"", ""Create"")"
"Massage Beauty Salon",31,"me-time beauty and massage salon.","Phone or  text (Mags) 087 6447614 or (Goga) 087 7478818",,Ireland,353,Kenmare,"Spas/beauty/personal care",,447,,115003091850855,http://www.facebook.com/115003091850855,"=HYPERLINK(""http://www.facebook.com/115003091850855/?sk=info"", ""115003091850855"")","=HYPERLINK(""http://builder.page2site.com/sites/add/fbid:115003091850855"", ""Create"")"
"Massage Beauty Salon",32,"Unwind massage & beauty at Angelic Hair salon",0754777895,,Australia,61,Caloundra,"Local business","[{""id"":""2500"",""name"":""Local Business""}]",126,,209036895910773,http://www.facebook.com/209036895910773,"=HYPERLINK(""http://www.facebook.com/209036895910773/?sk=info"", ""209036895910773"")","=HYPERLINK(""http://builder.page2site.com/sites/add/fbid:209036895910773"", ""Create"")"
"Massage Beauty Salon",33,"Beauty By Lena - East Wenatchee Salon Day Spa Hair Body Massage","(509) 888-0871",http://www.beautybylena.com,"United States",1,"East Wenatchee","Spas/beauty/personal care","[{""id"":""199236533423806"",""name"":""Beauty Salon""},{""id"":""205950169432461"",""name"":""Day Spa""},{""id"":""174177802634376"",""name"":""Hair Salon""}]",371,,173165349361803,http://www.facebook.com/173165349361803,"=HYPERLINK(""http://www.facebook.com/173165349361803/?sk=info"", ""173165349361803"")","=HYPERLINK(""http://builder.page2site.com/sites/add/fbid:173165349361803"", ""Create"")"
"Massage Beauty Salon",34,"Siam Massage Beauty Salon","+66 02 282 7825",http://siam-massage-beauty.com/,Thailand,66,Bangkok,"Spas/beauty/personal care",,17,,252185168178373,http://www.facebook.com/252185168178373,"=HYPERLINK(""http://www.facebook.com/252185168178373/?sk=info"", ""252185168178373"")","=HYPERLINK(""http://builder.page2site.com/sites/add/fbid:252185168178373"", ""Create"")"
"Massage Beauty Salon",35,"Venus Beauty and Massage Salon",,,,,,Health/beauty,,9,6,650219778392492,http://www.facebook.com/650219778392492,"=HYPERLINK(""http://www.facebook.com/650219778392492/?sk=info"", ""650219778392492"")","=HYPERLINK(""http://builder.page2site.com/sites/add/fbid:650219778392492"", ""Create"")"
"Massage Beauty Salon",36,"Beauty Massages Nails - Serenity-Salon Earlsdon","024 7767 6717 / 0 751 235 9354",<<not-applicable>>,"United Kingdom",44,Coventry,"Spas/beauty/personal care","[{""id"":""109578329118821"",""name"":""Massage""},{""id"":""199236533423806"",""name"":""Beauty Salon""},{""id"":""200814353265561"",""name"":""Spa""}]",188,,127713603981579,http://www.facebook.com/127713603981579,"=HYPERLINK(""http://www.facebook.com/127713603981579/?sk=info"", ""127713603981579"")","=HYPERLINK(""http://builder.page2site.com/sites/add/fbid:127713603981579"", ""Create"")"
"Massage Beauty Salon",37,"Sykes 137 body massage and beauty salon",09096794432,,Philippines,63,"Maria Aurora","Business services",,179,,412282165522271,http://www.facebook.com/412282165522271,"=HYPERLINK(""http://www.facebook.com/412282165522271/?sk=info"", ""412282165522271"")","=HYPERLINK(""http://builder.page2site.com/sites/add/fbid:412282165522271"", ""Create"")"
"Massage Beauty Salon",38,"Inner Peace Massage & Body Therapies Salon - Beauty | Massage | Makeup","07 5575 6197",www.innerpeace.net.au,Australia,61,"Gold Coast","Spas/beauty/personal care","[{""id"":""139225689474222"",""name"":""Spa, Beauty & Personal Care""}]",248,4,116208759223,http://www.facebook.com/116208759223,"=HYPERLINK(""http://www.facebook.com/116208759223/?sk=info"", ""116208759223"")","=HYPERLINK(""http://builder.page2site.com/sites/add/fbid:116208759223"", ""Create"")"
"Massage Beauty Salon",39,"U Beauty Salon & Spa Massage Therapy","(951) 355-5545",,"United States",1,Temecula,"Spas/beauty/personal care","[{""id"":""199236533423806"",""name"":""Beauty Salon""},{""id"":""200814353265561"",""name"":""Spa""}]",61,1,908995069116211,http://www.facebook.com/908995069116211,"=HYPERLINK(""http://www.facebook.com/908995069116211/?sk=info"", ""908995069116211"")","=HYPERLINK(""http://builder.page2site.com/sites/add/fbid:908995069116211"", ""Create"")"
"Massage Beauty Salon",40,"Indian Beauty Salon Facial Massage Brampton Mississauga Toronto Canada",,,Canada,1,Brampton,"Spas/beauty/personal care","[{""id"":""139225689474222"",""name"":""Spa, Beauty & Personal Care""}]",66,,299828793455015,http://www.facebook.com/299828793455015,"=HYPERLINK(""http://www.facebook.com/299828793455015/?sk=info"", ""299828793455015"")","=HYPERLINK(""http://builder.page2site.com/sites/add/fbid:299828793455015"", ""Create"")"
"Massage Beauty Salon",41,"Fashion Beauty Nails, Massage & Waxing Salon",094380489,http://fbwhangarei.com,"New Zealand",64,Whangarei,"Spas/beauty/personal care","[{""id"":""198516863494646"",""name"":""Nail Salon""},{""id"":""199236533423806"",""name"":""Beauty Salon""},{""id"":""109578329118821"",""name"":""Massage""}]",169,,518736811571767,http://www.facebook.com/518736811571767,"=HYPERLINK(""http://www.facebook.com/518736811571767/?sk=info"", ""518736811571767"")","=HYPERLINK(""http://builder.page2site.com/sites/add/fbid:518736811571767"", ""Create"")"
"Massage Beauty Salon",42,"Betty's Massage Health and Beauty Salon","(810) 982-8082",,"United States",1,"Port Huron","Spas/beauty/personal care","[{""id"":""139225689474222"",""name"":""Spa, Beauty & Personal Care""}]",21,,137229543028994,http://www.facebook.com/137229543028994,"=HYPERLINK(""http://www.facebook.com/137229543028994/?sk=info"", ""137229543028994"")","=HYPERLINK(""http://builder.page2site.com/sites/add/fbid:137229543028994"", ""Create"")"
"Massage Beauty Salon",43,"Serenity Massage & Beauty Salon",076340450,,Thailand,66,Kathu,"Spas/beauty/personal care","[{""id"":""139225689474222"",""name"":""Spa, Beauty & Personal Care""}]",20,,176474209147670,http://www.facebook.com/176474209147670,"=HYPERLINK(""http://www.facebook.com/176474209147670/?sk=info"", ""176474209147670"")","=HYPERLINK(""http://builder.page2site.com/sites/add/fbid:176474209147670"", ""Create"")"
"Massage Beauty Salon",44,"Happy Thai Massage and beauty salon",081-3774366,,Thailand,66,Pattaya,"Spas/beauty/personal care","[{""id"":""139225689474222"",""name"":""Spa, Beauty & Personal Care""}]",21,2,558590067505720,http://www.facebook.com/558590067505720,"=HYPERLINK(""http://www.facebook.com/558590067505720/?sk=info"", ""558590067505720"")","=HYPERLINK(""http://builder.page2site.com/sites/add/fbid:558590067505720"", ""Create"")"
"Massage Beauty Salon",45,"IRA KOZMETIKS-Beauty and massage salon","+359 897 086 838 ; +359 886 875 626",,Bulgaria,359,Ruse,"Spas/beauty/personal care","[{""id"":""199236533423806"",""name"":""Beauty Salon""}]",301,7,340781079275191,http://www.facebook.com/340781079275191,"=HYPERLINK(""http://www.facebook.com/340781079275191/?sk=info"", ""340781079275191"")","=HYPERLINK(""http://builder.page2site.com/sites/add/fbid:340781079275191"", ""Create"")"
"Massage Beauty Salon",46,"Rahma Beauty Salon and Massage","39919466, 37773914, 17684305, 39159526",,Bahrain,973,"Isa Town","Spas/beauty/personal care",,14,1,553915321311510,http://www.facebook.com/553915321311510,"=HYPERLINK(""http://www.facebook.com/553915321311510/?sk=info"", ""553915321311510"")","=HYPERLINK(""http://builder.page2site.com/sites/add/fbid:553915321311510"", ""Create"")"
"Massage Beauty Salon",47,"Nanay Claire Massage and Beauty Salon","(201) 451-1900",,"United States",1,"Jersey City","Spas/beauty/personal care","[{""id"":""199236533423806"",""name"":""Beauty Salon""}]",23,,183172481730562,http://www.facebook.com/183172481730562,"=HYPERLINK(""http://www.facebook.com/183172481730562/?sk=info"", ""183172481730562"")","=HYPERLINK(""http://builder.page2site.com/sites/add/fbid:183172481730562"", ""Create"")"
"Massage Beauty Salon",48,"Baan Thai Massage Beauty Salon",0908138829,,Thailand,66,Phetchabun,"Spas/beauty/personal care","[{""id"":""139225689474222"",""name"":""Spa, Beauty & Personal Care""}]",32,1,544515142300575,http://www.facebook.com/544515142300575,"=HYPERLINK(""http://www.facebook.com/544515142300575/?sk=info"", ""544515142300575"")","=HYPERLINK(""http://builder.page2site.com/sites/add/fbid:544515142300575"", ""Create"")"
"Massage Beauty Salon",49,"COCO Beauty and Massage at Harambee Hair Salon",0891921470,,Australia,61,Broome,"Spas/beauty/personal care","[{""id"":""199236533423806"",""name"":""Beauty Salon""},{""id"":""174177802634376"",""name"":""Hair Salon""},{""id"":""109578329118821"",""name"":""Massage""}]",85,,1432202430394012,http://www.facebook.com/1432202430394012,"=HYPERLINK(""http://www.facebook.com/1432202430394012/?sk=info"", ""1432202430394012"")","=HYPERLINK(""http://builder.page2site.com/sites/add/fbid:1432202430394012"", ""Create"")"
"Massage Beauty Salon",50,"RELAX beauty and massage salon male / female","03472883990 , 03152705551",,Pakistan,92,Karachi,"Spas/beauty/personal care",,1605,1,158034610944555,http://www.facebook.com/158034610944555,"=HYPERLINK(""http://www.facebook.com/158034610944555/?sk=info"", ""158034610944555"")","=HYPERLINK(""http://builder.page2site.com/sites/add/fbid:158034610944555"", ""Create"")"
"Massage Beauty Salon",51,"Martinez Beauty Salon & Massage","(805) 674-6406",,"United States",1,"Paso Robles","Local business","[{""id"":""109578329118821"",""name"":""Massage""}]",22,,178290185559628,http://www.facebook.com/178290185559628,"=HYPERLINK(""http://www.facebook.com/178290185559628/?sk=info"", ""178290185559628"")","=HYPERLINK(""http://builder.page2site.com/sites/add/fbid:178290185559628"", ""Create"")"
"Massage Beauty Salon",52,"Singhara Health & Beauty Traditional Thai Massage London",02086931234,http://www.singharabeautysalon.com,"United Kingdom",44,London,"Spas/beauty/personal care","[{""id"":""139225689474222"",""name"":""Spa, Beauty & Personal Care""}]",384,9,1387892901428225,http://www.facebook.com/1387892901428225,"=HYPERLINK(""http://www.facebook.com/1387892901428225/?sk=info"", ""1387892901428225"")","=HYPERLINK(""http://builder.page2site.com/sites/add/fbid:1387892901428225"", ""Create"")"
"Massage Beauty Salon",53,"Saw Massage & Beauty Salon",,,Thailand,66,"Ban Patong","Local business","[{""id"":""199236533423806"",""name"":""Beauty Salon""}]",,,574404732687743,http://www.facebook.com/574404732687743,"=HYPERLINK(""http://www.facebook.com/574404732687743/?sk=info"", ""574404732687743"")","=HYPERLINK(""http://builder.page2site.com/sites/add/fbid:574404732687743"", ""Create"")"
"Massage Beauty Salon",54,"Gifted Hands Unisex Beauty Salon and The Ultimate Massage","17674406942 ",,Dominica,"1 767",Roseau,"Spas/beauty/personal care","[{""id"":""176831012360626"",""name"":""Professional Services""}]",34,,126235074234096,http://www.facebook.com/126235074234096,"=HYPERLINK(""http://www.facebook.com/126235074234096/?sk=info"", ""126235074234096"")","=HYPERLINK(""http://builder.page2site.com/sites/add/fbid:126235074234096"", ""Create"")"
"Massage Beauty Salon",55,"Creative Hair Beauty Nail Salon Massage & Wellness Demo",+6062922643,"http://FBGraphicsDesign.com http://FBGraphicsDesign.com/fanpageapp",Malaysia,60,Melaka,"Business services","[{""id"":""163272113725616"",""name"":""Advertising Service""},{""id"":""162183907165552"",""name"":""Graphic Design""},{""id"":""187393124625179"",""name"":""Web Design""}]",11,,386767558098729,http://www.facebook.com/386767558098729,"=HYPERLINK(""http://www.facebook.com/386767558098729/?sk=info"", ""386767558098729"")","=HYPERLINK(""http://builder.page2site.com/sites/add/fbid:386767558098729"", ""Create"")"
"Massage Beauty Salon",56,"Phần mềm quản lý Spa Beauty Salon Massage Ebizspa","0907 943 968",,Vietnam,84,"Ho Chi Minh City",Product/service,,522,162,775075805841835,http://www.facebook.com/775075805841835,"=HYPERLINK(""http://www.facebook.com/775075805841835/?sk=info"", ""775075805841835"")","=HYPERLINK(""http://builder.page2site.com/sites/add/fbid:775075805841835"", ""Create"")"
"Massage Beauty Salon",57,"Richa's Total Touch Massage and Beauty Salon",816-459-7873,,,,,Health/beauty,,21,,350348068342008,http://www.facebook.com/350348068342008,"=HYPERLINK(""http://www.facebook.com/350348068342008/?sk=info"", ""350348068342008"")","=HYPERLINK(""http://builder.page2site.com/sites/add/fbid:350348068342008"", ""Create"")"
"Massage Beauty Salon",58,"Siro's Beauty Salon and Men's Hair Styling/Jean Massage Spa","(215) 779-1265",,"United States",1,Flourtown,"Business services","[{""id"":""199236533423806"",""name"":""Beauty Salon""}]",25,,290947064426025,http://www.facebook.com/290947064426025,"=HYPERLINK(""http://www.facebook.com/290947064426025/?sk=info"", ""290947064426025"")","=HYPERLINK(""http://builder.page2site.com/sites/add/fbid:290947064426025"", ""Create"")"
"Massage Beauty Salon",59,"Snoeks Beauty Salon Massages",0652364033,http://snoeksbeautysalon.nl,,,,Health/beauty,,88,,578301775546459,http://www.facebook.com/578301775546459,"=HYPERLINK(""http://www.facebook.com/578301775546459/?sk=info"", ""578301775546459"")","=HYPERLINK(""http://builder.page2site.com/sites/add/fbid:578301775546459"", ""Create"")"
"Massage Beauty Salon",60,"Awaken Massage & Beauty",0407086010,http://awaken.vpweb.com.au,Australia,61,Burnie,"Spas/beauty/personal care","[{""id"":""139225689474222"",""name"":""Spa, Beauty & Personal Care""}]",91,,496279097056397,http://www.facebook.com/496279097056397,"=HYPERLINK(""http://www.facebook.com/496279097056397/?sk=info"", ""496279097056397"")","=HYPERLINK(""http://builder.page2site.com/sites/add/fbid:496279097056397"", ""Create"")"
"Massage Beauty Salon",61,"Massage Therapy by Leng Henna Beauty Spot Salon & Spa","(281) 251-5004",,"United States",1,Houston,"Local business","[{""id"":""199236533423806"",""name"":""Beauty Salon""}]",34,,127537173968115,http://www.facebook.com/127537173968115,"=HYPERLINK(""http://www.facebook.com/127537173968115/?sk=info"", ""127537173968115"")","=HYPERLINK(""http://builder.page2site.com/sites/add/fbid:127537173968115"", ""Create"")"
"Massage Beauty Salon",62,"Meiping Healing Massage Beauty and Nails Salon",77291966,,Malta,356,Birkirkara,"Spas/beauty/personal care",,17,,277489698969029,http://www.facebook.com/277489698969029,"=HYPERLINK(""http://www.facebook.com/277489698969029/?sk=info"", ""277489698969029"")","=HYPERLINK(""http://builder.page2site.com/sites/add/fbid:277489698969029"", ""Create"")"
"Massage Beauty Salon",63,"Beautiful You Massage & Skin Care at Bellézza Salon","(319) 450-4246",http://www.massagebook.com/byms,"United States",1,Marion,"Spas/beauty/personal care","[{""id"":""109578329118821"",""name"":""Massage""},{""id"":""128905757179140"",""name"":""Hair Removal""},{""id"":""205950169432461"",""name"":""Day Spa""}]",147,24,169307866599420,http://www.facebook.com/169307866599420,"=HYPERLINK(""http://www.facebook.com/169307866599420/?sk=info"", ""169307866599420"")","=HYPERLINK(""http://builder.page2site.com/sites/add/fbid:169307866599420"", ""Create"")"
"Massage Beauty Salon",64,"carmela body massage and beauty salon",,,Philippines,63,Baler,Company,,,,1708839809341577,http://www.facebook.com/1708839809341577,"=HYPERLINK(""http://www.facebook.com/1708839809341577/?sk=info"", ""1708839809341577"")","=HYPERLINK(""http://builder.page2site.com/sites/add/fbid:1708839809341577"", ""Create"")"
"Massage Beauty Salon",65,"La Diva Beauty Salon & Massages","082 920 5860",,"South Africa",27,Pretoria,"Spas/beauty/personal care","[{""id"":""139225689474222"",""name"":""Spa, Beauty & Personal Care""}]",157,,167477370010757,http://www.facebook.com/167477370010757,"=HYPERLINK(""http://www.facebook.com/167477370010757/?sk=info"", ""167477370010757"")","=HYPERLINK(""http://builder.page2site.com/sites/add/fbid:167477370010757"", ""Create"")"
"Massage Beauty Salon",66,"Korakoch fashion ที่ร้าน Baan Thai Massage Beauty Salon",0908138829,,Thailand,66,Phetchabun,Shopping/retail,"[{""id"":""200600219953504"",""name"":""Shopping & Retail""}]",36,10,239795776218713,http://www.facebook.com/239795776218713,"=HYPERLINK(""http://www.facebook.com/239795776218713/?sk=info"", ""239795776218713"")","=HYPERLINK(""http://builder.page2site.com/sites/add/fbid:239795776218713"", ""Create"")"
"Massage Beauty Salon",67,"Jassika Beauty Parlor - Best salon N Massage Centre Only For Ladies.",9970362128,,India,91,Kolhapur,"Business services","[{""id"":""199236533423806"",""name"":""Beauty Salon""}]",67,,236903399848636,http://www.facebook.com/236903399848636,"=HYPERLINK(""http://www.facebook.com/236903399848636/?sk=info"", ""236903399848636"")","=HYPERLINK(""http://builder.page2site.com/sites/add/fbid:236903399848636"", ""Create"")"
"Massage Beauty Salon",68,"Alma de Ala  Unisex Beauty Salon/Massage and Spa",,,Canada,1,Toronto,"Spas/beauty/personal care","[{""id"":""139225689474222"",""name"":""Spa, Beauty & Personal Care""}]",30,3,100327646787566,http://www.facebook.com/100327646787566,"=HYPERLINK(""http://www.facebook.com/100327646787566/?sk=info"", ""100327646787566"")","=HYPERLINK(""http://builder.page2site.com/sites/add/fbid:100327646787566"", ""Create"")"
"Massage Beauty Salon",69,"SOAK Nails Massage Spa","(217) 546-3821",www.soakspringfield.com,"United States",1,Springfield,"Spas/beauty/personal care","[{""id"":""198516863494646"",""name"":""Nail Salon""},{""id"":""109578329118821"",""name"":""Massage""}]",1998,12,321759427904171,http://www.facebook.com/321759427904171,"=HYPERLINK(""http://www.facebook.com/321759427904171/?sk=info"", ""321759427904171"")","=HYPERLINK(""http://builder.page2site.com/sites/add/fbid:321759427904171"", ""Create"")"
"Massage Beauty Salon",70,"Hands on Therapy School of Massage","(972) 285-6133",http://www.handsontherapyschools.com/,"United States",1,Mesquite,"Local business","[{""id"":""151676848220295"",""name"":""Education""},{""id"":""109578329118821"",""name"":""Massage""},{""id"":""200814353265561"",""name"":""Spa""}]",764,10,180001182016115,http://www.facebook.com/180001182016115,"=HYPERLINK(""http://www.facebook.com/180001182016115/?sk=info"", ""180001182016115"")","=HYPERLINK(""http://builder.page2site.com/sites/add/fbid:180001182016115"", ""Create"")"
"Massage Beauty Salon",71,"Ntouch Massage & Wellness Center","(270) 982-1221",www.ntouchmassageandwellness.com,"United States",1,Elizabethtown,"Spas/beauty/personal care","[{""id"":""200814353265561"",""name"":""Spa""},{""id"":""199236533423806"",""name"":""Beauty Salon""},{""id"":""109578329118821"",""name"":""Massage""}]",2129,183,167654653315041,http://www.facebook.com/167654653315041,"=HYPERLINK(""http://www.facebook.com/167654653315041/?sk=info"", ""167654653315041"")","=HYPERLINK(""http://builder.page2site.com/sites/add/fbid:167654653315041"", ""Create"")"
"Massage Beauty Salon",72,"Sunflower Beauty Salon","(813) 926-4127",https://www.sunflowerbeautysalon.com,"United States",1,Tampa,"Local business","[{""id"":""198516863494646"",""name"":""Nail Salon""},{""id"":""174177802634376"",""name"":""Hair Salon""},{""id"":""109578329118821"",""name"":""Massage""}]",1883,8,180378255420004,http://www.facebook.com/180378255420004,"=HYPERLINK(""http://www.facebook.com/180378255420004/?sk=info"", ""180378255420004"")","=HYPERLINK(""http://builder.page2site.com/sites/add/fbid:180378255420004"", ""Create"")"
"Massage Beauty Salon",73,"Revolution Massage and Beauty","07 55 933 772 / 0426 177 161 ",http://www.revolutionmassage.com.au,Australia,61,Robina,Health/medical/pharmacy,"[{""id"":""211987392145473"",""name"":""Health Spa""},{""id"":""109615542448700"",""name"":""Physical Fitness""},{""id"":""109578329118821"",""name"":""Massage""}]",841,59,255081987899936,http://www.facebook.com/255081987899936,"=HYPERLINK(""http://www.facebook.com/255081987899936/?sk=info"", ""255081987899936"")","=HYPERLINK(""http://builder.page2site.com/sites/add/fbid:255081987899936"", ""Create"")"
"Massage Beauty Salon",74,"Bliss Thai Massage & Beauty",(03)93796883,http://www.blissthaimassage.com.au/,Australia,61,Melbourne,"Local business","[{""id"":""109578329118821"",""name"":""Massage""},{""id"":""199236533423806"",""name"":""Beauty Salon""}]",269,15,196586750383541,http://www.facebook.com/196586750383541,"=HYPERLINK(""http://www.facebook.com/196586750383541/?sk=info"", ""196586750383541"")","=HYPERLINK(""http://builder.page2site.com/sites/add/fbid:196586750383541"", ""Create"")"
"Massage Beauty Salon",75,"Hand & Stone Massage and Facial Spa","(407) 645-2772",http://www.handandstone.com/,"United States",1,"Winter Springs","Local business","[{""id"":""109578329118821"",""name"":""Massage""},{""id"":""200814353265561"",""name"":""Spa""},{""id"":""199236533423806"",""name"":""Beauty Salon""}]",147,9,140831505955947,http://www.facebook.com/140831505955947,"=HYPERLINK(""http://www.facebook.com/140831505955947/?sk=info"", ""140831505955947"")","=HYPERLINK(""http://builder.page2site.com/sites/add/fbid:140831505955947"", ""Create"")"
"Massage Beauty Salon",76,"MOGA MAYA chiangmai  チェンマイ Beauty Salon 美容室",052-081045,,Thailand,66,"Chiang Mai","Spas/beauty/personal care","[{""id"":""199236533423806"",""name"":""Beauty Salon""},{""id"":""109578329118821"",""name"":""Massage""}]",347,23,205513009636433,http://www.facebook.com/205513009636433,"=HYPERLINK(""http://www.facebook.com/205513009636433/?sk=info"", ""205513009636433"")","=HYPERLINK(""http://builder.page2site.com/sites/add/fbid:205513009636433"", ""Create"")"
"Massage Beauty Salon",77,"VOGUE Beauty and Massage",(02)60566655,,Australia,61,Wodonga,"Spas/beauty/personal care","[{""id"":""199236533423806"",""name"":""Beauty Salon""}]",714,6,215387035283738,http://www.facebook.com/215387035283738,"=HYPERLINK(""http://www.facebook.com/215387035283738/?sk=info"", ""215387035283738"")","=HYPERLINK(""http://builder.page2site.com/sites/add/fbid:215387035283738"", ""Create"")"
"Massage Beauty Salon",78,"Beauty salon Viễn Đông",,,,,,Product/service,,,,557072551092402,http://www.facebook.com/557072551092402,"=HYPERLINK(""http://www.facebook.com/557072551092402/?sk=info"", ""557072551092402"")","=HYPERLINK(""http://builder.page2site.com/sites/add/fbid:557072551092402"", ""Create"")"
"Massage Beauty Salon",79,"Phần mềm quản lý spa Massage Hair salon Beauty Salon",,,,,,Software,,1,,243371029184001,http://www.facebook.com/243371029184001,"=HYPERLINK(""http://www.facebook.com/243371029184001/?sk=info"", ""243371029184001"")","=HYPERLINK(""http://builder.page2site.com/sites/add/fbid:243371029184001"", ""Create"")"
"Massage Beauty Salon",80,"Annie's ""Make  Beautiful"" Shop - Massage Beautiful Salon",0845613678,,Thailand,66,Pattaya,Health/medical/pharmacy,"[{""id"":""145118935550090"",""name"":""Medical & Health""}]",18,1,737827049609055,http://www.facebook.com/737827049609055,"=HYPERLINK(""http://www.facebook.com/737827049609055/?sk=info"", ""737827049609055"")","=HYPERLINK(""http://builder.page2site.com/sites/add/fbid:737827049609055"", ""Create"")"
"Massage Beauty Salon",81,"Schönheitssalon Peters Osnabrück","0541-34 38 99 08",http://www.schoenheitssalons.com/,Germany,49,Osnabrück,"Spas/beauty/personal care","[{""id"":""198516863494646"",""name"":""Nail Salon""},{""id"":""199236533423806"",""name"":""Beauty Salon""},{""id"":""109578329118821"",""name"":""Massage""}]",197,2,826307717395951,http://www.facebook.com/826307717395951,"=HYPERLINK(""http://www.facebook.com/826307717395951/?sk=info"", ""826307717395951"")","=HYPERLINK(""http://builder.page2site.com/sites/add/fbid:826307717395951"", ""Create"")"
"Massage Beauty Salon",82,"Essentials Massage & Facials of New Tampa","(813) 527-6979",www.essentialswesleychapel.com,"United States",1,"Wesley Chapel","Spas/beauty/personal care","[{""id"":""200600219953504"",""name"":""Shopping & Retail""},{""id"":""109578329118821"",""name"":""Massage""},{""id"":""199236533423806"",""name"":""Beauty Salon""}]",817,2,156066521123379,http://www.facebook.com/156066521123379,"=HYPERLINK(""http://www.facebook.com/156066521123379/?sk=info"", ""156066521123379"")","=HYPERLINK(""http://builder.page2site.com/sites/add/fbid:156066521123379"", ""Create"")"
"Massage Beauty Salon",83,"ART OF MASSAGE & BEAUTY","0415 942 451 Open 7days  Follow us https://twitter.com/Artmassagebeaut",http://www.artofmassageandbeauty.com.au/,Australia,61,"Gold Coast","Local business","[{""id"":""199236533423806"",""name"":""Beauty Salon""},{""id"":""109578329118821"",""name"":""Massage""}]",3587,3,286961798009487,http://www.facebook.com/286961798009487,"=HYPERLINK(""http://www.facebook.com/286961798009487/?sk=info"", ""286961798009487"")","=HYPERLINK(""http://builder.page2site.com/sites/add/fbid:286961798009487"", ""Create"")"
"Massage Beauty Salon",84,"Clarity House of Massage","07545 922 547",www.clarityhouse.co.uk,"United Kingdom",44,Dunfermline,"Spas/beauty/personal care","[{""id"":""199236533423806"",""name"":""Beauty Salon""},{""id"":""109578329118821"",""name"":""Massage""}]",1477,20,317171319850,http://www.facebook.com/317171319850,"=HYPERLINK(""http://www.facebook.com/317171319850/?sk=info"", ""317171319850"")","=HYPERLINK(""http://builder.page2site.com/sites/add/fbid:317171319850"", ""Create"")"
"Massage Beauty Salon",85,"La coifure massage pour les femmes",,http://www.contessamakeup.com,Tunisia,216,Moknine,"Local business","[{""id"":""199236533423806"",""name"":""Beauty Salon""}]",2368,25,153316494813310,http://www.facebook.com/153316494813310,"=HYPERLINK(""http://www.facebook.com/153316494813310/?sk=info"", ""153316494813310"")","=HYPERLINK(""http://builder.page2site.com/sites/add/fbid:153316494813310"", ""Create"")"
"Massage Beauty Salon",86,"Massage Envy","(720) 833-3700",http://www.massageenvy.com/,"United States",1,Denver,"Local business","[{""id"":""109578329118821"",""name"":""Massage""},{""id"":""199236533423806"",""name"":""Beauty Salon""},{""id"":""145118935550090"",""name"":""Medical & Health""}]",31,3,141401779240025,http://www.facebook.com/141401779240025,"=HYPERLINK(""http://www.facebook.com/141401779240025/?sk=info"", ""141401779240025"")","=HYPERLINK(""http://builder.page2site.com/sites/add/fbid:141401779240025"", ""Create"")"
"Massage Beauty Salon",87,"Revive Salon and Massage Clinic","(573) 468-7711",,"United States",1,Sullivan,"Spas/beauty/personal care","[{""id"":""139225689474222"",""name"":""Spa, Beauty & Personal Care""}]",981,9,442885489080766,http://www.facebook.com/442885489080766,"=HYPERLINK(""http://www.facebook.com/442885489080766/?sk=info"", ""442885489080766"")","=HYPERLINK(""http://builder.page2site.com/sites/add/fbid:442885489080766"", ""Create"")"
"Massage Beauty Salon",88,"On The Green Salon and Day Spa","(912) 882-4238",www.onthegreensalonanddayspa.com,"United States",1,"St. Marys","Spas/beauty/personal care","[{""id"":""174177802634376"",""name"":""Hair Salon""},{""id"":""205950169432461"",""name"":""Day Spa""},{""id"":""109578329118821"",""name"":""Massage""}]",1269,11,111817790807,http://www.facebook.com/111817790807,"=HYPERLINK(""http://www.facebook.com/111817790807/?sk=info"", ""111817790807"")","=HYPERLINK(""http://builder.page2site.com/sites/add/fbid:111817790807"", ""Create"")"
"Massage Beauty Salon",89,"Bamboo Beauty & Massage",0418532700,http://www.bamboobeauty.com.au,Australia,61,Townsville,"Spas/beauty/personal care","[{""id"":""199236533423806"",""name"":""Beauty Salon""},{""id"":""109578329118821"",""name"":""Massage""}]",457,9,1595816883976759,http://www.facebook.com/1595816883976759,"=HYPERLINK(""http://www.facebook.com/1595816883976759/?sk=info"", ""1595816883976759"")","=HYPERLINK(""http://builder.page2site.com/sites/add/fbid:1595816883976759"", ""Create"")"
"Massage Beauty Salon",90,"Beaute Beauty Salon",051386852,www.facebook.com/beautetramore,Ireland,353,Tramore,"Spas/beauty/personal care","[{""id"":""199236533423806"",""name"":""Beauty Salon""},{""id"":""198516863494646"",""name"":""Nail Salon""},{""id"":""185600691480842"",""name"":""Tanning Salon""}]",1241,30,1418949744985618,http://www.facebook.com/1418949744985618,"=HYPERLINK(""http://www.facebook.com/1418949744985618/?sk=info"", ""1418949744985618"")","=HYPERLINK(""http://builder.page2site.com/sites/add/fbid:1418949744985618"", ""Create"")"
"Massage Beauty Salon",91,"Hebbs Salon and Massage","(607) 368-1881",,"United States",1,Bath,"Spas/beauty/personal care","[{""id"":""199236533423806"",""name"":""Beauty Salon""}]",236,13,1523929254485818,http://www.facebook.com/1523929254485818,"=HYPERLINK(""http://www.facebook.com/1523929254485818/?sk=info"", ""1523929254485818"")","=HYPERLINK(""http://builder.page2site.com/sites/add/fbid:1523929254485818"", ""Create"")"
"Massage Beauty Salon",92,"Beauty & Massage IVS",0876290520,http://www.beautyandmassage-ivs.com,Bulgaria,359,Varna,"Spas/beauty/personal care","[{""id"":""199236533423806"",""name"":""Beauty Salon""}]",316,8,687523404640256,http://www.facebook.com/687523404640256,"=HYPERLINK(""http://www.facebook.com/687523404640256/?sk=info"", ""687523404640256"")","=HYPERLINK(""http://builder.page2site.com/sites/add/fbid:687523404640256"", ""Create"")"
"Massage Beauty Salon",93,"Harmonize Holistic and Beauty Salon Bradford- Thornton",07898945816,,"United Kingdom",44,"City of Bradford",Health/beauty,"[{""id"":""357645644269220"",""name"":""Alternative & Holistic Health""},{""id"":""174177802634376"",""name"":""Hair Salon""},{""id"":""109578329118821"",""name"":""Massage""}]",263,12,203486216478342,http://www.facebook.com/203486216478342,"=HYPERLINK(""http://www.facebook.com/203486216478342/?sk=info"", ""203486216478342"")","=HYPERLINK(""http://builder.page2site.com/sites/add/fbid:203486216478342"", ""Create"")"
"Massage Beauty Salon",94,"Just Style Beauty Salon",07701053431,,"United Kingdom",44,London,"Spas/beauty/personal care","[{""id"":""174177802634376"",""name"":""Hair Salon""},{""id"":""109578329118821"",""name"":""Massage""},{""id"":""198516863494646"",""name"":""Nail Salon""}]",1475,3,452043408220229,http://www.facebook.com/452043408220229,"=HYPERLINK(""http://www.facebook.com/452043408220229/?sk=info"", ""452043408220229"")","=HYPERLINK(""http://builder.page2site.com/sites/add/fbid:452043408220229"", ""Create"")"
"Massage Beauty Salon",95,"Gardens Massage&Spa",0929289991,http://rattpong9.wix.com/gardensmassageandspa,Thailand,66,Bangkok,Health/medical/pharmacy,"[{""id"":""109578329118821"",""name"":""Massage""},{""id"":""200814353265561"",""name"":""Spa""},{""id"":""199236533423806"",""name"":""Beauty Salon""}]",800,1,648177801886757,http://www.facebook.com/648177801886757,"=HYPERLINK(""http://www.facebook.com/648177801886757/?sk=info"", ""648177801886757"")","=HYPERLINK(""http://builder.page2site.com/sites/add/fbid:648177801886757"", ""Create"")"
"Massage Beauty Salon",96,"Michelle's hair & beauty salon",0735889212,,Romania,40,Bucharest,"Spas/beauty/personal care","[{""id"":""174177802634376"",""name"":""Hair Salon""},{""id"":""199236533423806"",""name"":""Beauty Salon""},{""id"":""109578329118821"",""name"":""Massage""}]",779,7,499224380131413,http://www.facebook.com/499224380131413,"=HYPERLINK(""http://www.facebook.com/499224380131413/?sk=info"", ""499224380131413"")","=HYPERLINK(""http://builder.page2site.com/sites/add/fbid:499224380131413"", ""Create"")"
"Massage Beauty Salon",97,"Pat Thai Beauty & Massage",07845283196,,"United Kingdom",44,Dumbarton,"Business services","[{""id"":""199236533423806"",""name"":""Beauty Salon""}]",514,69,506629586119569,http://www.facebook.com/506629586119569,"=HYPERLINK(""http://www.facebook.com/506629586119569/?sk=info"", ""506629586119569"")","=HYPERLINK(""http://builder.page2site.com/sites/add/fbid:506629586119569"", ""Create"")"
"Massage Beauty Salon",98,"Passion Hair & Beauty Salon.","01624 660190",,"Isle Of Man",,Onchan,"Professional services","[{""id"":""109578329118821"",""name"":""Massage""}]",525,3,142869039121968,http://www.facebook.com/142869039121968,"=HYPERLINK(""http://www.facebook.com/142869039121968/?sk=info"", ""142869039121968"")","=HYPERLINK(""http://builder.page2site.com/sites/add/fbid:142869039121968"", ""Create"")"
"Massage Beauty Salon",99,"Zahra's Beauty Salon and Spa","(614) 625-0447",,"United States",1,Columbus,"Spas/beauty/personal care","[{""id"":""199236533423806"",""name"":""Beauty Salon""},{""id"":""174177802634376"",""name"":""Hair Salon""},{""id"":""109578329118821"",""name"":""Massage""}]",631,,558288370898756,http://www.facebook.com/558288370898756,"=HYPERLINK(""http://www.facebook.com/558288370898756/?sk=info"", ""558288370898756"")","=HYPERLINK(""http://builder.page2site.com/sites/add/fbid:558288370898756"", ""Create"")"
"Massage Beauty Salon",100,"Hanni'S Massage Studio",0737885223,http://www.hannismassage.se,Sweden,46,Färlöv,Company,"[{""id"":""199236533423806"",""name"":""Beauty Salon""},{""id"":""134091706658568"",""name"":""Health Agency""}]",385,2,1451589531746541,http://www.facebook.com/1451589531746541,"=HYPERLINK(""http://www.facebook.com/1451589531746541/?sk=info"", ""1451589531746541"")","=HYPERLINK(""http://builder.page2site.com/sites/add/fbid:1451589531746541"", ""Create"")"
"Massage Beauty Salon",101,"Confidence  massage salon male/female","03233385691 02135428519",,Pakistan,92,Karachi,"Spas/beauty/personal care","[{""id"":""139225689474222"",""name"":""Spa, Beauty & Personal Care""}]",3369,51,451239728340402,http://www.facebook.com/451239728340402,"=HYPERLINK(""http://www.facebook.com/451239728340402/?sk=info"", ""451239728340402"")","=HYPERLINK(""http://builder.page2site.com/sites/add/fbid:451239728340402"", ""Create"")"
"Massage Beauty Salon",102,"Twins unisex hair & beauty salon",07460899449,,"United Kingdom",44,"Brierley Hill","Spas/beauty/personal care","[{""id"":""174177802634376"",""name"":""Hair Salon""},{""id"":""199236533423806"",""name"":""Beauty Salon""},{""id"":""109578329118821"",""name"":""Massage""}]",163,3,165643820311465,http://www.facebook.com/165643820311465,"=HYPERLINK(""http://www.facebook.com/165643820311465/?sk=info"", ""165643820311465"")","=HYPERLINK(""http://builder.page2site.com/sites/add/fbid:165643820311465"", ""Create"")"
"Massage Beauty Salon",103,"Tara O'Rourke's Unisex Beauty & Hair Salon","01564 205025",,"United Kingdom",44,Birmingham,Health/beauty,"[{""id"":""199236533423806"",""name"":""Beauty Salon""},{""id"":""109578329118821"",""name"":""Massage""},{""id"":""185600691480842"",""name"":""Tanning Salon""}]",192,12,1418749491711653,http://www.facebook.com/1418749491711653,"=HYPERLINK(""http://www.facebook.com/1418749491711653/?sk=info"", ""1418749491711653"")","=HYPERLINK(""http://builder.page2site.com/sites/add/fbid:1418749491711653"", ""Create"")"
"Massage Beauty Salon",104,"Classic Beauty Salon","2141 9845",,Malta,356,Mosta,"Spas/beauty/personal care","[{""id"":""144873802247220"",""name"":""Cosmetics & Beauty Supply""},{""id"":""199236533423806"",""name"":""Beauty Salon""},{""id"":""109578329118821"",""name"":""Massage""}]",356,13,255066838033253,http://www.facebook.com/255066838033253,"=HYPERLINK(""http://www.facebook.com/255066838033253/?sk=info"", ""255066838033253"")","=HYPERLINK(""http://builder.page2site.com/sites/add/fbid:255066838033253"", ""Create"")"
"Massage Beauty Salon",105,"Gino's Beauty Salon",06765645358,<<not-applicable>>,Austria,43,Vienna,"Spas/beauty/personal care","[{""id"":""174177802634376"",""name"":""Hair Salon""},{""id"":""109578329118821"",""name"":""Massage""},{""id"":""198516863494646"",""name"":""Nail Salon""}]",228,13,313741192123970,http://www.facebook.com/313741192123970,"=HYPERLINK(""http://www.facebook.com/313741192123970/?sk=info"", ""313741192123970"")","=HYPERLINK(""http://builder.page2site.com/sites/add/fbid:313741192123970"", ""Create"")"
"Massage Beauty Salon",106,"International Beauty Salon","07544 009145",,"United Kingdom",44,Corby,"Spas/beauty/personal care","[{""id"":""199236533423806"",""name"":""Beauty Salon""},{""id"":""174177802634376"",""name"":""Hair Salon""},{""id"":""198516863494646"",""name"":""Nail Salon""}]",371,24,456586581077825,http://www.facebook.com/456586581077825,"=HYPERLINK(""http://www.facebook.com/456586581077825/?sk=info"", ""456586581077825"")","=HYPERLINK(""http://builder.page2site.com/sites/add/fbid:456586581077825"", ""Create"")"
"Massage Beauty Salon",107,"Paradise Salon & Spa Quesnel","778-414-SPA2 / 250-316-0249",http://www.paradisemassagequesnel.com,Canada,1,Quesnel,"Spas/beauty/personal care","[{""id"":""109578329118821"",""name"":""Massage""},{""id"":""174177802634376"",""name"":""Hair Salon""},{""id"":""199236533423806"",""name"":""Beauty Salon""}]",828,63,287312754694277,http://www.facebook.com/287312754694277,"=HYPERLINK(""http://www.facebook.com/287312754694277/?sk=info"", ""287312754694277"")","=HYPERLINK(""http://builder.page2site.com/sites/add/fbid:287312754694277"", ""Create"")"
"Massage Beauty Salon",108,"Wellness Massage Arnhem / wimperextensions Arnhem",0655898901,http://wellnessmassagearnhem.nl/gallery,Netherlands,31,Velp,"Spas/beauty/personal care","[{""id"":""199236533423806"",""name"":""Beauty Salon""}]",683,19,571556192893635,http://www.facebook.com/571556192893635,"=HYPERLINK(""http://www.facebook.com/571556192893635/?sk=info"", ""571556192893635"")","=HYPERLINK(""http://builder.page2site.com/sites/add/fbid:571556192893635"", ""Create"")"
"Massage Beauty Salon",109,"Luxury Massage in Limassol","+357 99 84 80 59",,Cyprus,357,Limassol,"Spas/beauty/personal care","[{""id"":""199236533423806"",""name"":""Beauty Salon""}]",391,38,1572534106307725,http://www.facebook.com/1572534106307725,"=HYPERLINK(""http://www.facebook.com/1572534106307725/?sk=info"", ""1572534106307725"")","=HYPERLINK(""http://builder.page2site.com/sites/add/fbid:1572534106307725"", ""Create"")"
"Massage Beauty Salon",110,"Be.You.Beauty & Massage - Felpham","07739 486720",http://www.be-you-beauty.co.uk,"United Kingdom",44,Felpham,"Professional services","[{""id"":""199236533423806"",""name"":""Beauty Salon""}]",139,2,1492652184282761,http://www.facebook.com/1492652184282761,"=HYPERLINK(""http://www.facebook.com/1492652184282761/?sk=info"", ""1492652184282761"")","=HYPERLINK(""http://builder.page2site.com/sites/add/fbid:1492652184282761"", ""Create"")"
"Massage Beauty Salon",111,"Green Massage",+4571355336,http://greenmassage.dk,Denmark,45,København,Health/beauty,"[{""id"":""199236533423806"",""name"":""Beauty Salon""},{""id"":""109578329118821"",""name"":""Massage""}]",212,16,1436517699956660,http://www.facebook.com/1436517699956660,"=HYPERLINK(""http://www.facebook.com/1436517699956660/?sk=info"", ""1436517699956660"")","=HYPERLINK(""http://builder.page2site.com/sites/add/fbid:1436517699956660"", ""Create"")"
"Massage Beauty Salon",112,"Dermalogica Beauty Salon",+77029899892,http://www.salondermalogica.kz,Kazakhstan,7,Almaty,"Spas/beauty/personal care","[{""id"":""199236533423806"",""name"":""Beauty Salon""},{""id"":""109578329118821"",""name"":""Massage""},{""id"":""198516863494646"",""name"":""Nail Salon""}]",1525,239,168866369965965,http://www.facebook.com/168866369965965,"=HYPERLINK(""http://www.facebook.com/168866369965965/?sk=info"", ""168866369965965"")","=HYPERLINK(""http://builder.page2site.com/sites/add/fbid:168866369965965"", ""Create"")"
"Massage Beauty Salon",113,"Chi Medical Massage Practice and Day Spa","(580) 786-4841",,"United States",1,Duncan,"Spas/beauty/personal care","[{""id"":""259030350843802"",""name"":""Aromatherapy""},{""id"":""174177802634376"",""name"":""Hair Salon""},{""id"":""203654586323143"",""name"":""Medical Spa""}]",597,3,1501584216741942,http://www.facebook.com/1501584216741942,"=HYPERLINK(""http://www.facebook.com/1501584216741942/?sk=info"", ""1501584216741942"")","=HYPERLINK(""http://builder.page2site.com/sites/add/fbid:1501584216741942"", ""Create"")"
"Massage Beauty Salon",114,"Love massage",01316520173,http://blazehairandbeauty.co.uk,"United Kingdom",44,Edinburgh,"Spas/beauty/personal care","[{""id"":""199236533423806"",""name"":""Beauty Salon""}]",303,,460807184064762,http://www.facebook.com/460807184064762,"=HYPERLINK(""http://www.facebook.com/460807184064762/?sk=info"", ""460807184064762"")","=HYPERLINK(""http://builder.page2site.com/sites/add/fbid:460807184064762"", ""Create"")"
"Massage Beauty Salon",115,"Clearwater Salon & Spa","(727) 585-7565",http://www.ClearwaterSalonSpa.com,"United States",1,Clearwater,"Spas/beauty/personal care","[{""id"":""138322342904312"",""name"":""Skin Care""},{""id"":""109578329118821"",""name"":""Massage""},{""id"":""205950169432461"",""name"":""Day Spa""}]",403,87,627379950694706,http://www.facebook.com/627379950694706,"=HYPERLINK(""http://www.facebook.com/627379950694706/?sk=info"", ""627379950694706"")","=HYPERLINK(""http://builder.page2site.com/sites/add/fbid:627379950694706"", ""Create"")"
"Massage Beauty Salon",116,"Chill - Massage & Beauty Therapists","01202 922392",http://www.chillmassage.co.uk,"United Kingdom",44,Bournemouth,"Spas/beauty/personal care","[{""id"":""109578329118821"",""name"":""Massage""},{""id"":""199236533423806"",""name"":""Beauty Salon""}]",357,1,1484533238441043,http://www.facebook.com/1484533238441043,"=HYPERLINK(""http://www.facebook.com/1484533238441043/?sk=info"", ""1484533238441043"")","=HYPERLINK(""http://builder.page2site.com/sites/add/fbid:1484533238441043"", ""Create"")"
"Massage Beauty Salon",117,"Victoria Massage & Beauty Salon",,,Thailand,66,Phuket,"Local business","[{""id"":""2500"",""name"":""Local Business""}]",8,,449676238377225,http://www.facebook.com/449676238377225,"=HYPERLINK(""http://www.facebook.com/449676238377225/?sk=info"", ""449676238377225"")","=HYPERLINK(""http://builder.page2site.com/sites/add/fbid:449676238377225"", ""Create"")"
"Massage Beauty Salon",118,"LO8 Salon & Massage","(419) 257-3955",,"United States",1,"North Baltimore","Spas/beauty/personal care","[{""id"":""174177802634376"",""name"":""Hair Salon""},{""id"":""109578329118821"",""name"":""Massage""},{""id"":""198516863494646"",""name"":""Nail Salon""}]",329,41,1529947383884458,http://www.facebook.com/1529947383884458,"=HYPERLINK(""http://www.facebook.com/1529947383884458/?sk=info"", ""1529947383884458"")","=HYPERLINK(""http://builder.page2site.com/sites/add/fbid:1529947383884458"", ""Create"")"
"Massage Beauty Salon",119,"Bliss Beauty & Tanning Salon","01928 573641",http://www.blissbeauty.me,"United Kingdom",44,Runcorn,"Spas/beauty/personal care","[{""id"":""199236533423806"",""name"":""Beauty Salon""},{""id"":""198516863494646"",""name"":""Nail Salon""},{""id"":""146059155460366"",""name"":""Makeup Artist""}]",457,12,163866849633,http://www.facebook.com/163866849633,"=HYPERLINK(""http://www.facebook.com/163866849633/?sk=info"", ""163866849633"")","=HYPERLINK(""http://builder.page2site.com/sites/add/fbid:163866849633"", ""Create"")"
"Massage Beauty Salon",120,"Opulence Beauty Salon & Barber","+1345 9435522",http://opulencebeautysalon.com,"Cayman Islands","1 345","George Town",Health/beauty,"[{""id"":""199236533423806"",""name"":""Beauty Salon""},{""id"":""198516863494646"",""name"":""Nail Salon""},{""id"":""109578329118821"",""name"":""Massage""}]",280,3,774398242625744,http://www.facebook.com/774398242625744,"=HYPERLINK(""http://www.facebook.com/774398242625744/?sk=info"", ""774398242625744"")","=HYPERLINK(""http://builder.page2site.com/sites/add/fbid:774398242625744"", ""Create"")"
"Massage Beauty Salon",121,"Al Ayadhi Al Thahbiah for Massage & Grooming",065626487,http://www.alayadhispa.weebly.com,"United Arab Emirates",971,Sharjah,Health/beauty,"[{""id"":""109578329118821"",""name"":""Massage""},{""id"":""200814353265561"",""name"":""Spa""},{""id"":""199236533423806"",""name"":""Beauty Salon""}]",118,1,356551831168745,http://www.facebook.com/356551831168745,"=HYPERLINK(""http://www.facebook.com/356551831168745/?sk=info"", ""356551831168745"")","=HYPERLINK(""http://builder.page2site.com/sites/add/fbid:356551831168745"", ""Create"")"
"Massage Beauty Salon",122,"TIBET Massage Salon","(010) 56 87 27",http://tibet-salon.com/,Armenia,374,Yerevan,"Spas/beauty/personal care","[{""id"":""109578329118821"",""name"":""Massage""},{""id"":""199236533423806"",""name"":""Beauty Salon""},{""id"":""198516863494646"",""name"":""Nail Salon""}]",1353,15,274987066034484,http://www.facebook.com/274987066034484,"=HYPERLINK(""http://www.facebook.com/274987066034484/?sk=info"", ""274987066034484"")","=HYPERLINK(""http://builder.page2site.com/sites/add/fbid:274987066034484"", ""Create"")"
"Massage Beauty Salon",123,"Tulip Salon & Massage Parlour","03002151588, 03208320036",http://www.facebook.com/TULIPSALONSPA,Pakistan,92,Karachi,"Spas/beauty/personal care","[{""id"":""139225689474222"",""name"":""Spa, Beauty & Personal Care""}]",5154,41,190224264411698,http://www.facebook.com/190224264411698,"=HYPERLINK(""http://www.facebook.com/190224264411698/?sk=info"", ""190224264411698"")","=HYPERLINK(""http://builder.page2site.com/sites/add/fbid:190224264411698"", ""Create"")"
"Massage Beauty Salon",124,"Phi Phi Young&Beauty","+421 910 906 250",www.phi-phi.sk,Slovakia,421,Bratislava,Health/beauty,"[{""id"":""199236533423806"",""name"":""Beauty Salon""},{""id"":""144873802247220"",""name"":""Cosmetics & Beauty Supply""},{""id"":""191693100854505"",""name"":""Hair & Beauty Supply""}]",386,39,361201040572051,http://www.facebook.com/361201040572051,"=HYPERLINK(""http://www.facebook.com/361201040572051/?sk=info"", ""361201040572051"")","=HYPERLINK(""http://builder.page2site.com/sites/add/fbid:361201040572051"", ""Create"")"
"Massage Beauty Salon",125,"Fine Image Beauty Salon and Barbers",09204503466,,Philippines,63,Bacoor,"Spas/beauty/personal care","[{""id"":""199236533423806"",""name"":""Beauty Salon""},{""id"":""198516863494646"",""name"":""Nail Salon""},{""id"":""109578329118821"",""name"":""Massage""}]",103,20,549373725114223,http://www.facebook.com/549373725114223,"=HYPERLINK(""http://www.facebook.com/549373725114223/?sk=info"", ""549373725114223"")","=HYPERLINK(""http://builder.page2site.com/sites/add/fbid:549373725114223"", ""Create"")"
"Massage Beauty Salon",126,"Diana's Beauty Salon",0862477081,http://twitter.com/SalonDublin8,Ireland,353,Dublin,"Spas/beauty/personal care","[{""id"":""109578329118821"",""name"":""Massage""}]",92,4,296474567224763,http://www.facebook.com/296474567224763,"=HYPERLINK(""http://www.facebook.com/296474567224763/?sk=info"", ""296474567224763"")","=HYPERLINK(""http://builder.page2site.com/sites/add/fbid:296474567224763"", ""Create"")"
"Massage Beauty Salon",127,"Darin Massage & Beauty Salon",,,Thailand,66,Phuket,"Local business","[{""id"":""2500"",""name"":""Local Business""}]",9,4,152906808203614,http://www.facebook.com/152906808203614,"=HYPERLINK(""http://www.facebook.com/152906808203614/?sk=info"", ""152906808203614"")","=HYPERLINK(""http://builder.page2site.com/sites/add/fbid:152906808203614"", ""Create"")"
"Massage Beauty Salon",128,"Analinde Massage Fußpflege Kosmetik Solarium",06643215282,http://www.analinde.at,Austria,43,Feldbach,"Professional services","[{""id"":""109578329118821"",""name"":""Massage""},{""id"":""190310404327530"",""name"":""Podiatrist""},{""id"":""185600691480842"",""name"":""Tanning Salon""}]",204,,520082981453624,http://www.facebook.com/520082981453624,"=HYPERLINK(""http://www.facebook.com/520082981453624/?sk=info"", ""520082981453624"")","=HYPERLINK(""http://builder.page2site.com/sites/add/fbid:520082981453624"", ""Create"")"
"Massage Beauty Salon",129,"Beauty Box - Face it, Massage it, Nail it",07447131785,,"United Kingdom",44,Boddam,"Spas/beauty/personal care","[{""id"":""199236533423806"",""name"":""Beauty Salon""}]",437,1,256270407867608,http://www.facebook.com/256270407867608,"=HYPERLINK(""http://www.facebook.com/256270407867608/?sk=info"", ""256270407867608"")","=HYPERLINK(""http://builder.page2site.com/sites/add/fbid:256270407867608"", ""Create"")"
"Massage Beauty Salon",130,"Hermes Salon Massage and Spa",+66026640063,,Thailand,66,Bangkok,"Spas/beauty/personal care","[{""id"":""199236533423806"",""name"":""Beauty Salon""},{""id"":""174177802634376"",""name"":""Hair Salon""},{""id"":""198516863494646"",""name"":""Nail Salon""}]",1314,2,610252928993756,http://www.facebook.com/610252928993756,"=HYPERLINK(""http://www.facebook.com/610252928993756/?sk=info"", ""610252928993756"")","=HYPERLINK(""http://builder.page2site.com/sites/add/fbid:610252928993756"", ""Create"")"
"Massage Beauty Salon",131,"EFFLEURAGE MASSAGE and beauty",0458010484,<<not-applicable>>,Australia,61,"Boyne Island","Spas/beauty/personal care","[{""id"":""198516863494646"",""name"":""Nail Salon""},{""id"":""199236533423806"",""name"":""Beauty Salon""},{""id"":""109578329118821"",""name"":""Massage""}]",1510,27,298914484420,http://www.facebook.com/298914484420,"=HYPERLINK(""http://www.facebook.com/298914484420/?sk=info"", ""298914484420"")","=HYPERLINK(""http://builder.page2site.com/sites/add/fbid:298914484420"", ""Create"")"
"Massage Beauty Salon",132,"H&S Nails-Beauty-Massage",0862283123,,Ireland,353,Ballincollig,"Local business","[{""id"":""2500"",""name"":""Local Business""}]",781,15,160016867355081,http://www.facebook.com/160016867355081,"=HYPERLINK(""http://www.facebook.com/160016867355081/?sk=info"", ""160016867355081"")","=HYPERLINK(""http://builder.page2site.com/sites/add/fbid:160016867355081"", ""Create"")"
"Massage Beauty Salon",133,"Wellness Salon Therra",0626993349,https://www.facebook.com/pages/Wellness-Salon-Therra/1443705489240235,Netherlands,31,Heerhugowaard,Health/beauty,"[{""id"":""199236533423806"",""name"":""Beauty Salon""},{""id"":""109578329118821"",""name"":""Massage""}]",410,1,1443705489240235,http://www.facebook.com/1443705489240235,"=HYPERLINK(""http://www.facebook.com/1443705489240235/?sk=info"", ""1443705489240235"")","=HYPERLINK(""http://builder.page2site.com/sites/add/fbid:1443705489240235"", ""Create"")"
"Massage Beauty Salon",134,"Fitness massage Эксклюзивные Методики Массажа",0545306612,www.fitnessmassage.co.il,Israel,972,"Tel Aviv","Spas/beauty/personal care","[{""id"":""109578329118821"",""name"":""Massage""},{""id"":""146053955462002"",""name"":""Esthethics""},{""id"":""199236533423806"",""name"":""Beauty Salon""}]",1570,118,235792553115082,http://www.facebook.com/235792553115082,"=HYPERLINK(""http://www.facebook.com/235792553115082/?sk=info"", ""235792553115082"")","=HYPERLINK(""http://builder.page2site.com/sites/add/fbid:235792553115082"", ""Create"")"
"Massage Beauty Salon",135,"Cozanne Beauty & Make Up Salon",0177452068,http://vgrab.com/vgrab/html/intro.php,Malaysia,60,"Bukit Mertajam",Health/beauty,"[{""id"":""146059155460366"",""name"":""Makeup Artist""},{""id"":""199236533423806"",""name"":""Beauty Salon""},{""id"":""144873802247220"",""name"":""Cosmetics & Beauty Supply""}]",110,6,491931020948351,http://www.facebook.com/491931020948351,"=HYPERLINK(""http://www.facebook.com/491931020948351/?sk=info"", ""491931020948351"")","=HYPERLINK(""http://builder.page2site.com/sites/add/fbid:491931020948351"", ""Create"")"
"Massage Beauty Salon",136,"ESKA Wellness Spa Massage n Salon",,,Indonesia,62,Batam,"Local business","[{""id"":""139225689474222"",""name"":""Spa, Beauty & Personal Care""}]",116,14,202437586466718,http://www.facebook.com/202437586466718,"=HYPERLINK(""http://www.facebook.com/202437586466718/?sk=info"", ""202437586466718"")","=HYPERLINK(""http://builder.page2site.com/sites/add/fbid:202437586466718"", ""Create"")"
"Massage Beauty Salon",137,"Prisca Hair And Beauty Salon",0846152425,http://www.priscahairandbeauty.co.za,"South Africa",27,Johannesburg,"Spas/beauty/personal care","[{""id"":""109578329118821"",""name"":""Massage""},{""id"":""198516863494646"",""name"":""Nail Salon""},{""id"":""174177802634376"",""name"":""Hair Salon""}]",1102,15,619121274861928,http://www.facebook.com/619121274861928,"=HYPERLINK(""http://www.facebook.com/619121274861928/?sk=info"", ""619121274861928"")","=HYPERLINK(""http://builder.page2site.com/sites/add/fbid:619121274861928"", ""Create"")"
"Massage Beauty Salon",138,"Calm Angel Massage and Beauty",0424641728,,Australia,61,Mandurah,"Spas/beauty/personal care","[{""id"":""199236533423806"",""name"":""Beauty Salon""}]",479,,528995357141683,http://www.facebook.com/528995357141683,"=HYPERLINK(""http://www.facebook.com/528995357141683/?sk=info"", ""528995357141683"")","=HYPERLINK(""http://builder.page2site.com/sites/add/fbid:528995357141683"", ""Create"")"
"Massage Beauty Salon",139,"So Magic Beauty Salon",3968258,,Panama,507,"Panama City","Spas/beauty/personal care","[{""id"":""199236533423806"",""name"":""Beauty Salon""},{""id"":""191693100854505"",""name"":""Hair & Beauty Supply""},{""id"":""169758603141095"",""name"":""Barber Shop""}]",206,,415267818600476,http://www.facebook.com/415267818600476,"=HYPERLINK(""http://www.facebook.com/415267818600476/?sk=info"", ""415267818600476"")","=HYPERLINK(""http://builder.page2site.com/sites/add/fbid:415267818600476"", ""Create"")"
"Massage Beauty Salon",140,"Denver Day Spa Nail Salons","(720) 432-5406","http://denvercospasnails.com http://FashionNailsUptown.com","United States",1,Denver,"Spas/beauty/personal care","[{""id"":""198516863494646"",""name"":""Nail Salon""},{""id"":""205950169432461"",""name"":""Day Spa""},{""id"":""109578329118821"",""name"":""Massage""}]",1175,,486993831375741,http://www.facebook.com/486993831375741,"=HYPERLINK(""http://www.facebook.com/486993831375741/?sk=info"", ""486993831375741"")","=HYPERLINK(""http://builder.page2site.com/sites/add/fbid:486993831375741"", ""Create"")"
"Massage Beauty Salon",141,"Massage Beauty Spot Long Beach","0421 545 827",,Australia,61,"Batemans Bay","Spas/beauty/personal care","[{""id"":""199236533423806"",""name"":""Beauty Salon""}]",226,5,706811299372062,http://www.facebook.com/706811299372062,"=HYPERLINK(""http://www.facebook.com/706811299372062/?sk=info"", ""706811299372062"")","=HYPERLINK(""http://builder.page2site.com/sites/add/fbid:706811299372062"", ""Create"")"
"Massage Beauty Salon",142,"Harmonija masažni in kozmetični salon-Rezidenca Park Lucija","+386 40 777 040",http://www.salon-harmonija.si,Slovenia,386,Lucija,"Spas/beauty/personal care","[{""id"":""109578329118821"",""name"":""Massage""},{""id"":""198516863494646"",""name"":""Nail Salon""},{""id"":""120731481338075"",""name"":""Tanning Salon Supplier""}]",511,22,1429218963996718,http://www.facebook.com/1429218963996718,"=HYPERLINK(""http://www.facebook.com/1429218963996718/?sk=info"", ""1429218963996718"")","=HYPERLINK(""http://builder.page2site.com/sites/add/fbid:1429218963996718"", ""Create"")"
"Massage Beauty Salon",143,"Split Endz Salon and Massage","(731) 968-9491",,"United States",1,Lexington,"Spas/beauty/personal care","[{""id"":""139225689474222"",""name"":""Spa, Beauty & Personal Care""}]",355,11,1431637313770989,http://www.facebook.com/1431637313770989,"=HYPERLINK(""http://www.facebook.com/1431637313770989/?sk=info"", ""1431637313770989"")","=HYPERLINK(""http://builder.page2site.com/sites/add/fbid:1431637313770989"", ""Create"")"
"Massage Beauty Salon",144,"Nisa's Traditional Thai Massage","07624 266268",,"Isle Of Man",,Douglas,"Spas/beauty/personal care","[{""id"":""109578329118821"",""name"":""Massage""},{""id"":""211987392145473"",""name"":""Health Spa""},{""id"":""199236533423806"",""name"":""Beauty Salon""}]",554,218,1479602875628435,http://www.facebook.com/1479602875628435,"=HYPERLINK(""http://www.facebook.com/1479602875628435/?sk=info"", ""1479602875628435"")","=HYPERLINK(""http://builder.page2site.com/sites/add/fbid:1479602875628435"", ""Create"")"
"Massage Beauty Salon",145,"Peung salon & massage",0979927058,,Thailand,66,Rawai,"Spas/beauty/personal care","[{""id"":""139225689474222"",""name"":""Spa, Beauty & Personal Care""}]",108,3,681979365206689,http://www.facebook.com/681979365206689,"=HYPERLINK(""http://www.facebook.com/681979365206689/?sk=info"", ""681979365206689"")","=HYPERLINK(""http://builder.page2site.com/sites/add/fbid:681979365206689"", ""Create"")"
"Massage Beauty Salon",146,"Floridas Beauty Salon",04-3576990,,"United Arab Emirates",971,Dubai,"Spas/beauty/personal care","[{""id"":""109578329118821"",""name"":""Massage""},{""id"":""174177802634376"",""name"":""Hair Salon""},{""id"":""199236533423806"",""name"":""Beauty Salon""}]",312,1,662431870540097,http://www.facebook.com/662431870540097,"=HYPERLINK(""http://www.facebook.com/662431870540097/?sk=info"", ""662431870540097"")","=HYPERLINK(""http://builder.page2site.com/sites/add/fbid:662431870540097"", ""Create"")"
"Massage Beauty Salon",147,"The Linc Beauty Salon","0152 371 89505",,Germany,49,"Lager Oerbke","Spas/beauty/personal care","[{""id"":""109578329118821"",""name"":""Massage""},{""id"":""128905757179140"",""name"":""Hair Removal""},{""id"":""199236533423806"",""name"":""Beauty Salon""}]",88,14,760880887298217,http://www.facebook.com/760880887298217,"=HYPERLINK(""http://www.facebook.com/760880887298217/?sk=info"", ""760880887298217"")","=HYPERLINK(""http://builder.page2site.com/sites/add/fbid:760880887298217"", ""Create"")"
"Massage Beauty Salon",148,"Beauty Salon A Presto","0644802951 / 0181-795527",http://www.beautysalonapresto.nl,Netherlands,31,Spijkenisse,"Spas/beauty/personal care","[{""id"":""199236533423806"",""name"":""Beauty Salon""},{""id"":""198516863494646"",""name"":""Nail Salon""},{""id"":""138322342904312"",""name"":""Skin Care""}]",103,26,655783531159102,http://www.facebook.com/655783531159102,"=HYPERLINK(""http://www.facebook.com/655783531159102/?sk=info"", ""655783531159102"")","=HYPERLINK(""http://builder.page2site.com/sites/add/fbid:655783531159102"", ""Create"")"
"Massage Beauty Salon",149,"Klinik Josebella - single eyelash extentions, japansk lifting og massage","26 27 78 12",,Denmark,45,Stenløse,"Spas/beauty/personal care","[{""id"":""199236533423806"",""name"":""Beauty Salon""},{""id"":""109578329118821"",""name"":""Massage""}]",445,45,1505513029693095,http://www.facebook.com/1505513029693095,"=HYPERLINK(""http://www.facebook.com/1505513029693095/?sk=info"", ""1505513029693095"")","=HYPERLINK(""http://builder.page2site.com/sites/add/fbid:1505513029693095"", ""Create"")"
"Massage Beauty Salon",150,"CC's Beauty & Massage",01383729578,,"United Kingdom",44,Dunfermline,"Spas/beauty/personal care","[{""id"":""199236533423806"",""name"":""Beauty Salon""},{""id"":""109578329118821"",""name"":""Massage""},{""id"":""198516863494646"",""name"":""Nail Salon""}]",142,,769329593117954,http://www.facebook.com/769329593117954,"=HYPERLINK(""http://www.facebook.com/769329593117954/?sk=info"", ""769329593117954"")","=HYPERLINK(""http://builder.page2site.com/sites/add/fbid:769329593117954"", ""Create"")"
"Massage Beauty Salon",151,"Nipa massage & beauty salon",0897255929,,Thailand,66,"Amphoe Muang Phuket","Spas/beauty/personal care","[{""id"":""109578329118821"",""name"":""Massage""},{""id"":""199236533423806"",""name"":""Beauty Salon""}]",5,,597363683715066,http://www.facebook.com/597363683715066,"=HYPERLINK(""http://www.facebook.com/597363683715066/?sk=info"", ""597363683715066"")","=HYPERLINK(""http://builder.page2site.com/sites/add/fbid:597363683715066"", ""Create"")"
"Massage Beauty Salon",152,"Salon Ljepote Beauty Secret",033974646,,"Bosnia and Herzegovina",387,Sarajevo,Health/medical/pharmacy,"[{""id"":""109578329118821"",""name"":""Massage""}]",555,,1422020911381980,http://www.facebook.com/1422020911381980,"=HYPERLINK(""http://www.facebook.com/1422020911381980/?sk=info"", ""1422020911381980"")","=HYPERLINK(""http://builder.page2site.com/sites/add/fbid:1422020911381980"", ""Create"")"
"Massage Beauty Salon",153,"Confidence massage salon karachi male / female","03152705551 / 03472883990",,Pakistan,92,Karachi,"Spas/beauty/personal care","[{""id"":""139225689474222"",""name"":""Spa, Beauty & Personal Care""}]",3663,90,182528218474097,http://www.facebook.com/182528218474097,"=HYPERLINK(""http://www.facebook.com/182528218474097/?sk=info"", ""182528218474097"")","=HYPERLINK(""http://builder.page2site.com/sites/add/fbid:182528218474097"", ""Create"")"
"Massage Beauty Salon",154,"Elsa's Beauty Salon",,,"United States",1,Houston,"Spas/beauty/personal care","[{""id"":""169758603141095"",""name"":""Barber Shop""},{""id"":""199236533423806"",""name"":""Beauty Salon""},{""id"":""109578329118821"",""name"":""Massage""}]",89,4,1471591999737654,http://www.facebook.com/1471591999737654,"=HYPERLINK(""http://www.facebook.com/1471591999737654/?sk=info"", ""1471591999737654"")","=HYPERLINK(""http://builder.page2site.com/sites/add/fbid:1471591999737654"", ""Create"")"
"Massage Beauty Salon",155,"Beauty Mama- Skin & Massage therapy",0411359997,,Australia,61,Perth,"Spas/beauty/personal care","[{""id"":""199236533423806"",""name"":""Beauty Salon""}]",138,14,1484858818440850,http://www.facebook.com/1484858818440850,"=HYPERLINK(""http://www.facebook.com/1484858818440850/?sk=info"", ""1484858818440850"")","=HYPERLINK(""http://builder.page2site.com/sites/add/fbid:1484858818440850"", ""Create"")"
"Massage Beauty Salon",156,"Beauty Salon Luxus","17 99768-4242",,Brazil,55,Pirangi,"Spas/beauty/personal care","[{""id"":""199236533423806"",""name"":""Beauty Salon""},{""id"":""146053955462002"",""name"":""Esthethics""},{""id"":""109578329118821"",""name"":""Massage""}]",21,1,706271896127636,http://www.facebook.com/706271896127636,"=HYPERLINK(""http://www.facebook.com/706271896127636/?sk=info"", ""706271896127636"")","=HYPERLINK(""http://builder.page2site.com/sites/add/fbid:706271896127636"", ""Create"")"
"Massage Beauty Salon",157,"Pitchaya Thai Massage & Hair Salon",+61395325333,,Australia,61,Cheltenham,"Spas/beauty/personal care","[{""id"":""199236533423806"",""name"":""Beauty Salon""},{""id"":""109578329118821"",""name"":""Massage""},{""id"":""174177802634376"",""name"":""Hair Salon""}]",49,1,958925817458252,http://www.facebook.com/958925817458252,"=HYPERLINK(""http://www.facebook.com/958925817458252/?sk=info"", ""958925817458252"")","=HYPERLINK(""http://builder.page2site.com/sites/add/fbid:958925817458252"", ""Create"")"
"Massage Beauty Salon",158,"Beauty Salon Tuệ Mẫn",0905549991,,Vietnam,84,"Hoi An","Spas/beauty/personal care","[{""id"":""109578329118821"",""name"":""Massage""},{""id"":""174177802634376"",""name"":""Hair Salon""}]",140,2,398992270242130,http://www.facebook.com/398992270242130,"=HYPERLINK(""http://www.facebook.com/398992270242130/?sk=info"", ""398992270242130"")","=HYPERLINK(""http://builder.page2site.com/sites/add/fbid:398992270242130"", ""Create"")"
"Massage Beauty Salon",159,"Salon de massage et de soins",7429212,,Mauritius,230,Curepipe,"Spas/beauty/personal care","[{""id"":""199236533423806"",""name"":""Beauty Salon""}]",626,2,525783774136461,http://www.facebook.com/525783774136461,"=HYPERLINK(""http://www.facebook.com/525783774136461/?sk=info"", ""525783774136461"")","=HYPERLINK(""http://builder.page2site.com/sites/add/fbid:525783774136461"", ""Create"")"
"Massage Beauty Salon",160,"Melissa at Cre8 Salon and Spa","(239) 458-2704",https://www.facebook.com/Cre8salon,"United States",1,"Cape Coral","Spas/beauty/personal care","[{""id"":""109578329118821"",""name"":""Massage""}]",540,5,135075889997021,http://www.facebook.com/135075889997021,"=HYPERLINK(""http://www.facebook.com/135075889997021/?sk=info"", ""135075889997021"")","=HYPERLINK(""http://builder.page2site.com/sites/add/fbid:135075889997021"", ""Create"")"
"Massage Beauty Salon",161,"Kathryn's Therapeutic Massage","07 41684019",,Australia,61,Goomeri,"Spas/beauty/personal care","[{""id"":""109578329118821"",""name"":""Massage""},{""id"":""199236533423806"",""name"":""Beauty Salon""}]",240,,189574391251774,http://www.facebook.com/189574391251774,"=HYPERLINK(""http://www.facebook.com/189574391251774/?sk=info"", ""189574391251774"")","=HYPERLINK(""http://builder.page2site.com/sites/add/fbid:189574391251774"", ""Create"")"
"Massage Beauty Salon",162,"โอภาส Thai Massage & Beauty Salon",,,Thailand,66,Bangkok,"Local business","[{""id"":""139225689474222"",""name"":""Spa, Beauty & Personal Care""}]",2,12,101599816588802,http://www.facebook.com/101599816588802,"=HYPERLINK(""http://www.facebook.com/101599816588802/?sk=info"", ""101599816588802"")","=HYPERLINK(""http://builder.page2site.com/sites/add/fbid:101599816588802"", ""Create"")"
"Massage Beauty Salon",163,"Mytyme Beauty Salon Mackay",0428521712,http://www.mytymebeautysalon.com.au,Australia,61,Mackay,"Spas/beauty/personal care","[{""id"":""109578329118821"",""name"":""Massage""}]",266,,550731998320306,http://www.facebook.com/550731998320306,"=HYPERLINK(""http://www.facebook.com/550731998320306/?sk=info"", ""550731998320306"")","=HYPERLINK(""http://builder.page2site.com/sites/add/fbid:550731998320306"", ""Create"")"
"Massage Beauty Salon",164,"Daisy's Beauty Salon & Massage Therapy","(386) 774-2510",,"United States",1,"Orange City","Local business","[{""id"":""199236533423806"",""name"":""Beauty Salon""}]",,,162572927103669,http://www.facebook.com/162572927103669,"=HYPERLINK(""http://www.facebook.com/162572927103669/?sk=info"", ""162572927103669"")","=HYPERLINK(""http://builder.page2site.com/sites/add/fbid:162572927103669"", ""Create"")"
"Massage Beauty Salon",165,"Tanya Beauty salon & Massage","+66 831878468",,Thailand,66,Phuket,"Spas/beauty/personal care","[{""id"":""199236533423806"",""name"":""Beauty Salon""},{""id"":""109578329118821"",""name"":""Massage""},{""id"":""259030350843802"",""name"":""Aromatherapy""}]",4,3,530549387078891,http://www.facebook.com/530549387078891,"=HYPERLINK(""http://www.facebook.com/530549387078891/?sk=info"", ""530549387078891"")","=HYPERLINK(""http://builder.page2site.com/sites/add/fbid:530549387078891"", ""Create"")"
"Massage Beauty Salon",166,"Ultra Bella Beauty Salon, LLC","(406) 727-0441",,"United States",1,"Great Falls","Spas/beauty/personal care","[{""id"":""109578329118821"",""name"":""Massage""},{""id"":""198516863494646"",""name"":""Nail Salon""},{""id"":""174177802634376"",""name"":""Hair Salon""}]",106,,663215097101357,http://www.facebook.com/663215097101357,"=HYPERLINK(""http://www.facebook.com/663215097101357/?sk=info"", ""663215097101357"")","=HYPERLINK(""http://builder.page2site.com/sites/add/fbid:663215097101357"", ""Create"")"
"Massage Beauty Salon",167,"Ardyss Nutrition & Beauty Salon","(559) 800-5311",http://facebook.com/marinamontoya859,"United States",1,Fresno,"Spas/beauty/personal care","[{""id"":""109578329118821"",""name"":""Massage""},{""id"":""199236533423806"",""name"":""Beauty Salon""}]",18,,360734837427511,http://www.facebook.com/360734837427511,"=HYPERLINK(""http://www.facebook.com/360734837427511/?sk=info"", ""360734837427511"")","=HYPERLINK(""http://builder.page2site.com/sites/add/fbid:360734837427511"", ""Create"")"
"Massage Beauty Salon",168,"Massage Therapis at Image Beauty Salon","(559) 817-8219",,"United States",1,Coalinga,"Spas/beauty/personal care","[{""id"":""139225689474222"",""name"":""Spa, Beauty & Personal Care""}]",1,,388057814639729,http://www.facebook.com/388057814639729,"=HYPERLINK(""http://www.facebook.com/388057814639729/?sk=info"", ""388057814639729"")","=HYPERLINK(""http://builder.page2site.com/sites/add/fbid:388057814639729"", ""Create"")"
"Massage Beauty Salon",169,"Angel's Touch Beauty Salon and Massage",09279117789,,Philippines,63,"Lapu-Lapu City","Spas/beauty/personal care","[{""id"":""199236533423806"",""name"":""Beauty Salon""},{""id"":""109578329118821"",""name"":""Massage""}]",7,,1465510983730397,http://www.facebook.com/1465510983730397,"=HYPERLINK(""http://www.facebook.com/1465510983730397/?sk=info"", ""1465510983730397"")","=HYPERLINK(""http://builder.page2site.com/sites/add/fbid:1465510983730397"", ""Create"")"
"Massage Beauty Salon",170,"Kauneushoitola Narsissi  -  Narcissus Beauty Salon","044 0102070",http://www.ipl-narsissi.com,Finland,358,Turku,"Spas/beauty/personal care","[{""id"":""210460678964858"",""name"":""Laser Hair Removal""},{""id"":""109578329118821"",""name"":""Massage""}]",57,11,327029764141103,http://www.facebook.com/327029764141103,"=HYPERLINK(""http://www.facebook.com/327029764141103/?sk=info"", ""327029764141103"")","=HYPERLINK(""http://builder.page2site.com/sites/add/fbid:327029764141103"", ""Create"")"
"Massage Beauty Salon",171,"Delgados's Beauty Salon & Medical Massage","(541) 564-1414",,"United States",1,Hermiston,"Local business","[{""id"":""174177802634376"",""name"":""Hair Salon""},{""id"":""109578329118821"",""name"":""Massage""}]",3,,237998053056745,http://www.facebook.com/237998053056745,"=HYPERLINK(""http://www.facebook.com/237998053056745/?sk=info"", ""237998053056745"")","=HYPERLINK(""http://builder.page2site.com/sites/add/fbid:237998053056745"", ""Create"")"
"Massage Beauty Salon",172,"BS & M beauty salon and massage",505473619,,Poland,48,Białołeka,"Spas/beauty/personal care","[{""id"":""139225689474222"",""name"":""Spa, Beauty & Personal Care""}]",10,,454562744624012,http://www.facebook.com/454562744624012,"=HYPERLINK(""http://www.facebook.com/454562744624012/?sk=info"", ""454562744624012"")","=HYPERLINK(""http://builder.page2site.com/sites/add/fbid:454562744624012"", ""Create"")"
"Massage Beauty Salon",173,"Relax Massage Beauty Salon@khaosarn Rd.",,,Thailand,66,Bangkok,"Local business","[{""id"":""144873802247220"",""name"":""Cosmetics & Beauty Supply""}]",2,,321081117986483,http://www.facebook.com/321081117986483,"=HYPERLINK(""http://www.facebook.com/321081117986483/?sk=info"", ""321081117986483"")","=HYPERLINK(""http://builder.page2site.com/sites/add/fbid:321081117986483"", ""Create"")"
"Massage Beauty Salon",174,"Linda's Beauty Salon & Therapeutic Massage","(309) 289-2141",,"United States",1,Knoxville,"Local business","[{""id"":""199236533423806"",""name"":""Beauty Salon""},{""id"":""109578329118821"",""name"":""Massage""},{""id"":""198516863494646"",""name"":""Nail Salon""}]",,,160155150674533,http://www.facebook.com/160155150674533,"=HYPERLINK(""http://www.facebook.com/160155150674533/?sk=info"", ""160155150674533"")","=HYPERLINK(""http://builder.page2site.com/sites/add/fbid:160155150674533"", ""Create"")"
"Massage Beauty Salon",175,"SPA Oriental Massage Skincare and Beauty Salon",09177028435,,Philippines,63,Maramag,"Spas/beauty/personal care","[{""id"":""139225689474222"",""name"":""Spa, Beauty & Personal Care""}]",10,,1450216255220315,http://www.facebook.com/1450216255220315,"=HYPERLINK(""http://www.facebook.com/1450216255220315/?sk=info"", ""1450216255220315"")","=HYPERLINK(""http://builder.page2site.com/sites/add/fbid:1450216255220315"", ""Create"")"
"Massage Beauty Salon",176,"My sanctuary massage beauty salon","(575) 496-2320",,"United States",1,"Las Cruces","Spas/beauty/personal care","[{""id"":""139225689474222"",""name"":""Spa, Beauty & Personal Care""}]",1,,392969427409131,http://www.facebook.com/392969427409131,"=HYPERLINK(""http://www.facebook.com/392969427409131/?sk=info"", ""392969427409131"")","=HYPERLINK(""http://builder.page2site.com/sites/add/fbid:392969427409131"", ""Create"")"
"Massage Beauty Salon",177,"Princess Nail & Massage","(852) 2882 7740",http://www.princessnailmassage.com,"Hong Kong",852,"Hong Kong","Spas/beauty/personal care","[{""id"":""198516863494646"",""name"":""Nail Salon""}]",218,,269081893217033,http://www.facebook.com/269081893217033,"=HYPERLINK(""http://www.facebook.com/269081893217033/?sk=info"", ""269081893217033"")","=HYPERLINK(""http://builder.page2site.com/sites/add/fbid:269081893217033"", ""Create"")"
"Massage Beauty Salon",178,"Rossana Bell's Beauty Salon and Massage",09124708780,,Philippines,63,Pampang,"Spas/beauty/personal care","[{""id"":""139225689474222"",""name"":""Spa, Beauty & Personal Care""}]",10,,761030003929918,http://www.facebook.com/761030003929918,"=HYPERLINK(""http://www.facebook.com/761030003929918/?sk=info"", ""761030003929918"")","=HYPERLINK(""http://builder.page2site.com/sites/add/fbid:761030003929918"", ""Create"")"
"Massage Beauty Salon",179,"Hayloft Beauty Salon - massage",07849758240,,"United Kingdom",44,Stalybridge,"Spas/beauty/personal care","[{""id"":""139225689474222"",""name"":""Spa, Beauty & Personal Care""}]",3,,429224827157971,http://www.facebook.com/429224827157971,"=HYPERLINK(""http://www.facebook.com/429224827157971/?sk=info"", ""429224827157971"")","=HYPERLINK(""http://builder.page2site.com/sites/add/fbid:429224827157971"", ""Create"")"
"Massage Beauty Salon",180,"Ayurveda & Beauty  salon  Natalja Sambrink","058 - 2671 505",http://www.salonnataljasambrink.nl,Netherlands,31,Leeuwarden,"Spas/beauty/personal care","[{""id"":""199236533423806"",""name"":""Beauty Salon""},{""id"":""138322342904312"",""name"":""Skin Care""},{""id"":""109578329118821"",""name"":""Massage""}]",51,,248547221989481,http://www.facebook.com/248547221989481,"=HYPERLINK(""http://www.facebook.com/248547221989481/?sk=info"", ""248547221989481"")","=HYPERLINK(""http://builder.page2site.com/sites/add/fbid:248547221989481"", ""Create"")"
"Massage Beauty Salon",181,"Charlie Beauty Salon Massage & Spa",,,Thailand,66,Bangkok,"Local business","[{""id"":""139225689474222"",""name"":""Spa, Beauty & Personal Care""}]",2,3,215427848471886,http://www.facebook.com/215427848471886,"=HYPERLINK(""http://www.facebook.com/215427848471886/?sk=info"", ""215427848471886"")","=HYPERLINK(""http://builder.page2site.com/sites/add/fbid:215427848471886"", ""Create"")"
"Massage Beauty Salon",182,"Lomi-Foot n Body","(808) 383-7173",http://www.lomifootandbody.com,"United States",1,Honolulu,"Spas/beauty/personal care","[{""id"":""200814353265561"",""name"":""Spa""},{""id"":""109578329118821"",""name"":""Massage""},{""id"":""164243073639257"",""name"":""Hotel""}]",386,3,522465611133624,http://www.facebook.com/522465611133624,"=HYPERLINK(""http://www.facebook.com/522465611133624/?sk=info"", ""522465611133624"")","=HYPERLINK(""http://builder.page2site.com/sites/add/fbid:522465611133624"", ""Create"")"
"Massage Beauty Salon",183,"Andaman Massage & Beauty Salon, Ao Nang Beach",,,Thailand,66,"Ban Ao Nang","Local business","[{""id"":""2500"",""name"":""Local Business""}]",,,166878143423624,http://www.facebook.com/166878143423624,"=HYPERLINK(""http://www.facebook.com/166878143423624/?sk=info"", ""166878143423624"")","=HYPERLINK(""http://builder.page2site.com/sites/add/fbid:166878143423624"", ""Create"")"
"Massage Beauty Salon",184,"Badger Barber & Beauty Salon/ Therapeutic Massage by Tammy","(907) 490-2597",http://schedule.bodyworkbuddy.com/tammyroberts,"United States",1,"North Pole","Spas/beauty/personal care","[{""id"":""139225689474222"",""name"":""Spa, Beauty & Personal Care""}]",,,258853787641703,http://www.facebook.com/258853787641703,"=HYPERLINK(""http://www.facebook.com/258853787641703/?sk=info"", ""258853787641703"")","=HYPERLINK(""http://builder.page2site.com/sites/add/fbid:258853787641703"", ""Create"")"
