Keyword,#,Name,Phone,Website,Country,"Country code",City,Category,"Category List",Likes,"Talking about","Facebook ID","Facebook Url","Facebook Page Link","P2S Website"
"Music Therapist",0,"MuSiC ThErApIsT",,,,,,Musician/band,,415,1,270247013048632,http://www.facebook.com/270247013048632,"=HYPERLINK(""http://www.facebook.com/270247013048632/?sk=info"", ""270247013048632"")","=HYPERLINK(""http://builder.page2site.com/sites/add/fbid:270247013048632"", ""Create"")"
"Music Therapist",1,"Music Therapists for Peace",,http://www.musictherapistsforpeace.org,,,,Community,,277,1,437342879681423,http://www.facebook.com/437342879681423,"=HYPERLINK(""http://www.facebook.com/437342879681423/?sk=info"", ""437342879681423"")","=HYPERLINK(""http://builder.page2site.com/sites/add/fbid:437342879681423"", ""Create"")"
"Music Therapist",2,"Therapist Music",,http://www.therapistmusic.com,,,,"Record label",,83,1,732897143411654,http://www.facebook.com/732897143411654,"=HYPERLINK(""http://www.facebook.com/732897143411654/?sk=info"", ""732897143411654"")","=HYPERLINK(""http://builder.page2site.com/sites/add/fbid:732897143411654"", ""Create"")"
"Music Therapist",3,"Certification Board for Music Therapists","(800) 765-2268",http://www.cbmt.org/,"United States",1,Downingtown,"Non-profit organization","[{""id"":""145118935550090"",""name"":""Medical & Health""}]",2122,186,141026442608972,http://www.facebook.com/141026442608972,"=HYPERLINK(""http://www.facebook.com/141026442608972/?sk=info"", ""141026442608972"")","=HYPERLINK(""http://builder.page2site.com/sites/add/fbid:141026442608972"", ""Create"")"
"Music Therapist",4,"Michigan Music Therapists",,http://www.mmtonline.org,,,,"Non-profit organization",,300,9,147291078649626,http://www.facebook.com/147291078649626,"=HYPERLINK(""http://www.facebook.com/147291078649626/?sk=info"", ""147291078649626"")","=HYPERLINK(""http://builder.page2site.com/sites/add/fbid:147291078649626"", ""Create"")"
"Music Therapist",5,"Music Therapist YUJI IGARI 音楽療法士 猪狩裕史",,http://musictherapy.works,,,,Artist,,145,36,687191078042288,http://www.facebook.com/687191078042288,"=HYPERLINK(""http://www.facebook.com/687191078042288/?sk=info"", ""687191078042288"")","=HYPERLINK(""http://builder.page2site.com/sites/add/fbid:687191078042288"", ""Create"")"
"Music Therapist",6,"Marieve-Music Therapist",,http://marieeveboivin.com,"United States",1,"Coral Springs",Teacher,,124,1,647090198654834,http://www.facebook.com/647090198654834,"=HYPERLINK(""http://www.facebook.com/647090198654834/?sk=info"", ""647090198654834"")","=HYPERLINK(""http://builder.page2site.com/sites/add/fbid:647090198654834"", ""Create"")"
"Music Therapist",7,"Music therapist",,,,,,Interest,,53,1,114460551899779,http://www.facebook.com/114460551899779,"=HYPERLINK(""http://www.facebook.com/114460551899779/?sk=info"", ""114460551899779"")","=HYPERLINK(""http://builder.page2site.com/sites/add/fbid:114460551899779"", ""Create"")"
"Music Therapist",8,"Music Therapist",,,,,,Community,,10,,1463869027209751,http://www.facebook.com/1463869027209751,"=HYPERLINK(""http://www.facebook.com/1463869027209751/?sk=info"", ""1463869027209751"")","=HYPERLINK(""http://builder.page2site.com/sites/add/fbid:1463869027209751"", ""Create"")"
"Music Therapist",9,"Maria Ward Music Therapist",0876071493,http://www.mariasmusictherapy.wordpress.com,Ireland,353,Killorglin,Health/medical/pharmacy,"[{""id"":""132328993501399"",""name"":""Counseling & Mental Health""},{""id"":""186983191324114"",""name"":""Music Lessons & Instruction""},{""id"":""180164648685982"",""name"":""Bands & Musicians""}]",186,111,454329428044860,http://www.facebook.com/454329428044860,"=HYPERLINK(""http://www.facebook.com/454329428044860/?sk=info"", ""454329428044860"")","=HYPERLINK(""http://builder.page2site.com/sites/add/fbid:454329428044860"", ""Create"")"
"Music Therapist",10,"Maggie Carchrie, Music Therapist","(860) 748-7549",http://www.maggiecarchrie.com,"United States",1,"South Windsor","Professional services","[{""id"":""176831012360626"",""name"":""Professional Services""}]",312,3,409087532473754,http://www.facebook.com/409087532473754,"=HYPERLINK(""http://www.facebook.com/409087532473754/?sk=info"", ""409087532473754"")","=HYPERLINK(""http://builder.page2site.com/sites/add/fbid:409087532473754"", ""Create"")"
"Music Therapist",11,"Musical Developments-Angie Carter, Music Therapist","(815) 739-8972",http://www.musicaldevelopments.com,"United States",1,Sycamore,Organization,"[{""id"":""198503866828628"",""name"":""Organization""}]",240,46,214137785398913,http://www.facebook.com/214137785398913,"=HYPERLINK(""http://www.facebook.com/214137785398913/?sk=info"", ""214137785398913"")","=HYPERLINK(""http://builder.page2site.com/sites/add/fbid:214137785398913"", ""Create"")"
"Music Therapist",12,"Association of Ohio Music Therapists",,www.aomt.org,,,,"Non-profit organization",,339,7,161811913841503,http://www.facebook.com/161811913841503,"=HYPERLINK(""http://www.facebook.com/161811913841503/?sk=info"", ""161811913841503"")","=HYPERLINK(""http://builder.page2site.com/sites/add/fbid:161811913841503"", ""Create"")"
"Music Therapist",13,"Certified Music Therapist and Sunnyside's Piano Teacher",303-728-8354,"http://sunnysidespianoteacher.com, http://wunderkeys.com/preschool-piano-lessons-in-denver-colorado",,,,"Professional services",,70,1,322436711215092,http://www.facebook.com/322436711215092,"=HYPERLINK(""http://www.facebook.com/322436711215092/?sk=info"", ""322436711215092"")","=HYPERLINK(""http://builder.page2site.com/sites/add/fbid:322436711215092"", ""Create"")"
"Music Therapist",14,"Music Therapist Yoojin Jung",,,,,,Musician/band,,145,,294238057348910,http://www.facebook.com/294238057348910,"=HYPERLINK(""http://www.facebook.com/294238057348910/?sk=info"", ""294238057348910"")","=HYPERLINK(""http://builder.page2site.com/sites/add/fbid:294238057348910"", ""Create"")"
"Music Therapist",15,"Jordon Turner - Musician, Music Therapist","(803) 608-8007",,"United States",1,"West Columbia","Professional services","[{""id"":""186983191324114"",""name"":""Music Lessons & Instruction""},{""id"":""180164648685982"",""name"":""Bands & Musicians""},{""id"":""357645644269220"",""name"":""Alternative & Holistic Health""}]",78,6,839320629442204,http://www.facebook.com/839320629442204,"=HYPERLINK(""http://www.facebook.com/839320629442204/?sk=info"", ""839320629442204"")","=HYPERLINK(""http://builder.page2site.com/sites/add/fbid:839320629442204"", ""Create"")"
"Music Therapist",16,"EJB Music Therapist and Musician",,www.emmabarber.co.uk,,,,Musician/band,,117,6,175418909203370,http://www.facebook.com/175418909203370,"=HYPERLINK(""http://www.facebook.com/175418909203370/?sk=info"", ""175418909203370"")","=HYPERLINK(""http://builder.page2site.com/sites/add/fbid:175418909203370"", ""Create"")"
"Music Therapist",17,"Toronto Area Music Therapists - TAMT",,,,,,Community,,27,,306272039542506,http://www.facebook.com/306272039542506,"=HYPERLINK(""http://www.facebook.com/306272039542506/?sk=info"", ""306272039542506"")","=HYPERLINK(""http://builder.page2site.com/sites/add/fbid:306272039542506"", ""Create"")"
"Music Therapist",18,"Sincere．music therapist",,,,,,"Public figure",,133,,1446864938907518,http://www.facebook.com/1446864938907518,"=HYPERLINK(""http://www.facebook.com/1446864938907518/?sk=info"", ""1446864938907518"")","=HYPERLINK(""http://builder.page2site.com/sites/add/fbid:1446864938907518"", ""Create"")"
"Music Therapist",19,"Kristle Williams Music Therapist",0835565918,,"South Africa",27,"Port Elizabeth",Health/medical/pharmacy,"[{""id"":""132328993501399"",""name"":""Counseling & Mental Health""},{""id"":""357645644269220"",""name"":""Alternative & Holistic Health""}]",111,2,694994417242879,http://www.facebook.com/694994417242879,"=HYPERLINK(""http://www.facebook.com/694994417242879/?sk=info"", ""694994417242879"")","=HYPERLINK(""http://builder.page2site.com/sites/add/fbid:694994417242879"", ""Create"")"
"Music Therapist",20,"Utah Association of Music Therapists",,http://uamt.org,,,,"Non-profit organization",,45,7,1511039829127049,http://www.facebook.com/1511039829127049,"=HYPERLINK(""http://www.facebook.com/1511039829127049/?sk=info"", ""1511039829127049"")","=HYPERLINK(""http://builder.page2site.com/sites/add/fbid:1511039829127049"", ""Create"")"
"Music Therapist",21,"Flautist/Music Therapist Lorie Grucella",5185220017,http://www.linkedin.com/pub/lorie-grucella/74/490/3a0/,,,,Musician/band,,11,,529438327202718,http://www.facebook.com/529438327202718,"=HYPERLINK(""http://www.facebook.com/529438327202718/?sk=info"", ""529438327202718"")","=HYPERLINK(""http://builder.page2site.com/sites/add/fbid:529438327202718"", ""Create"")"
"Music Therapist",22,"Kansas City Metro Music Therapists (KCMMT)",,www.kcmmt.org,,,,Organization,,97,1,101292706617220,http://www.facebook.com/101292706617220,"=HYPERLINK(""http://www.facebook.com/101292706617220/?sk=info"", ""101292706617220"")","=HYPERLINK(""http://builder.page2site.com/sites/add/fbid:101292706617220"", ""Create"")"
"Music Therapist",23,"Maryland Music Therapists' Collective",443-676-8613,,,,,Education,,60,,265650280187705,http://www.facebook.com/265650280187705,"=HYPERLINK(""http://www.facebook.com/265650280187705/?sk=info"", ""265650280187705"")","=HYPERLINK(""http://builder.page2site.com/sites/add/fbid:265650280187705"", ""Create"")"
"Music Therapist",24,"Pip Algie - Registered Music Therapist","027 216 7182",,"New Zealand",64,Wellington,Education,,106,,267565350009674,http://www.facebook.com/267565350009674,"=HYPERLINK(""http://www.facebook.com/267565350009674/?sk=info"", ""267565350009674"")","=HYPERLINK(""http://builder.page2site.com/sites/add/fbid:267565350009674"", ""Create"")"
"Music Therapist",25,"Rivka Gottlieb - Harpist & Music Therapist",,www.rivkagottlieb.com,"United Kingdom",44,London,Musician/band,,106,,182032775158257,http://www.facebook.com/182032775158257,"=HYPERLINK(""http://www.facebook.com/182032775158257/?sk=info"", ""182032775158257"")","=HYPERLINK(""http://builder.page2site.com/sites/add/fbid:182032775158257"", ""Create"")"
"Music Therapist",26,"Music & Rhythm Therapist                           Li Li Ruth Neuber","01523 / 1858928",http://twitter.com/LiLiRuthNeuber,Germany,49,Heidelberg,Health/medical/pharmaceuticals,,350,,251800281610179,http://www.facebook.com/251800281610179,"=HYPERLINK(""http://www.facebook.com/251800281610179/?sk=info"", ""251800281610179"")","=HYPERLINK(""http://builder.page2site.com/sites/add/fbid:251800281610179"", ""Create"")"
"Music Therapist",27,"Laura Halligan, Music Therapist",,,,,,"Professional services",,116,,228669147257644,http://www.facebook.com/228669147257644,"=HYPERLINK(""http://www.facebook.com/228669147257644/?sk=info"", ""228669147257644"")","=HYPERLINK(""http://builder.page2site.com/sites/add/fbid:228669147257644"", ""Create"")"
"Music Therapist",28,"Jennie V. Turner, Houston Area, Music Therapist and Private Lessons",832.380.5409,http://JennieVTurner.com,"United States",1,Houston,Website,,47,,153194934726260,http://www.facebook.com/153194934726260,"=HYPERLINK(""http://www.facebook.com/153194934726260/?sk=info"", ""153194934726260"")","=HYPERLINK(""http://builder.page2site.com/sites/add/fbid:153194934726260"", ""Create"")"
"Music Therapist",29,"Brittney Gradall, Music Therapist 262.384.0055","(262) 384-0055",www.withthesestrings.com,"United States",1,Cudahy,"Small business","[{""id"":""145118935550090"",""name"":""Medical & Health""},{""id"":""186983191324114"",""name"":""Music Lessons & Instruction""}]",20,,248751235186476,http://www.facebook.com/248751235186476,"=HYPERLINK(""http://www.facebook.com/248751235186476/?sk=info"", ""248751235186476"")","=HYPERLINK(""http://builder.page2site.com/sites/add/fbid:248751235186476"", ""Create"")"
"Music Therapist",30,"Will Simpson - Cellist, Music Therapist, Tutor & Performer",07889692007,"http://www.will-simpson.co.uk http://twitter.com/Cello_Will http://www.linkedin.com/pub/will-simpson/52/51/756","United Kingdom",44,Bristol,Arts/entertainment/nightlife,"[{""id"":""186983191324114"",""name"":""Music Lessons & Instruction""},{""id"":""180164648685982"",""name"":""Bands & Musicians""}]",64,,239172009567098,http://www.facebook.com/239172009567098,"=HYPERLINK(""http://www.facebook.com/239172009567098/?sk=info"", ""239172009567098"")","=HYPERLINK(""http://builder.page2site.com/sites/add/fbid:239172009567098"", ""Create"")"
"Music Therapist",31,"Pallavi Nagpal, Music therapist and vocalist",,http://musicforcure.blogspot.in/,,,,Musician/band,,80,1,253690541376064,http://www.facebook.com/253690541376064,"=HYPERLINK(""http://www.facebook.com/253690541376064/?sk=info"", ""253690541376064"")","=HYPERLINK(""http://builder.page2site.com/sites/add/fbid:253690541376064"", ""Create"")"
"Music Therapist",32,"Kelly Meashey Vocalist/Music Therapist",,http://www.kellymeashey.com,,,,Musician/band,,34,,210134762478192,http://www.facebook.com/210134762478192,"=HYPERLINK(""http://www.facebook.com/210134762478192/?sk=info"", ""210134762478192"")","=HYPERLINK(""http://builder.page2site.com/sites/add/fbid:210134762478192"", ""Create"")"
"Music Therapist",33,"Board Certified Music Therapist",,,,,,Company,,47,,323353021072036,http://www.facebook.com/323353021072036,"=HYPERLINK(""http://www.facebook.com/323353021072036/?sk=info"", ""323353021072036"")","=HYPERLINK(""http://builder.page2site.com/sites/add/fbid:323353021072036"", ""Create"")"
"Music Therapist",34,"Jen Hastings, Music Therapist","(206) 355-0657",http://jenhastings.com,"United States",1,"San Francisco","Professional services","[{""id"":""132328993501399"",""name"":""Counseling & Mental Health""}]",81,,191395884343760,http://www.facebook.com/191395884343760,"=HYPERLINK(""http://www.facebook.com/191395884343760/?sk=info"", ""191395884343760"")","=HYPERLINK(""http://builder.page2site.com/sites/add/fbid:191395884343760"", ""Create"")"
"Music Therapist",35,"Music Therapist-Nurse",,,,,,"Work position",,,,300379796824305,http://www.facebook.com/300379796824305,"=HYPERLINK(""http://www.facebook.com/300379796824305/?sk=info"", ""300379796824305"")","=HYPERLINK(""http://builder.page2site.com/sites/add/fbid:300379796824305"", ""Create"")"
"Music Therapist",36,"The Music Therapist",,,,,,Journalist,,,,295539807312618,http://www.facebook.com/295539807312618,"=HYPERLINK(""http://www.facebook.com/295539807312618/?sk=info"", ""295539807312618"")","=HYPERLINK(""http://builder.page2site.com/sites/add/fbid:295539807312618"", ""Create"")"
"Music Therapist",37,"Technology for Trubadors - a Music Technology Resource for Music Therapists",,http://technologyfortrubadors.wordpress.com/,,,,Community,,22,,1481028802151161,http://www.facebook.com/1481028802151161,"=HYPERLINK(""http://www.facebook.com/1481028802151161/?sk=info"", ""1481028802151161"")","=HYPERLINK(""http://builder.page2site.com/sites/add/fbid:1481028802151161"", ""Create"")"
"Music Therapist",38,"Utah Association of Music Therapists",,tba,,,,"Non-profit organization",,15,,292177304142588,http://www.facebook.com/292177304142588,"=HYPERLINK(""http://www.facebook.com/292177304142588/?sk=info"", ""292177304142588"")","=HYPERLINK(""http://builder.page2site.com/sites/add/fbid:292177304142588"", ""Create"")"
"Music Therapist",39,"The Journey of a Music Therapist",,http://discoveringmusictherapy.net,,,,"Personal blog",,30,,145812798872089,http://www.facebook.com/145812798872089,"=HYPERLINK(""http://www.facebook.com/145812798872089/?sk=info"", ""145812798872089"")","=HYPERLINK(""http://builder.page2site.com/sites/add/fbid:145812798872089"", ""Create"")"
"Music Therapist",40,"Limited Edition - MUSIC Therapist",,,,,,Clothing,,14,,549838941794052,http://www.facebook.com/549838941794052,"=HYPERLINK(""http://www.facebook.com/549838941794052/?sk=info"", ""549838941794052"")","=HYPERLINK(""http://builder.page2site.com/sites/add/fbid:549838941794052"", ""Create"")"
"Music Therapist",41,"Dj Slice The Music Therapist",,,,,,Song,,12,,1510401139173242,http://www.facebook.com/1510401139173242,"=HYPERLINK(""http://www.facebook.com/1510401139173242/?sk=info"", ""1510401139173242"")","=HYPERLINK(""http://builder.page2site.com/sites/add/fbid:1510401139173242"", ""Create"")"
"Music Therapist",42,"Anne E. Howard, Music Therapist-Board Certified",,http://annemusictherapy.com,,,,Health/medical/pharmaceuticals,,4,,374991039211698,http://www.facebook.com/374991039211698,"=HYPERLINK(""http://www.facebook.com/374991039211698/?sk=info"", ""374991039211698"")","=HYPERLINK(""http://builder.page2site.com/sites/add/fbid:374991039211698"", ""Create"")"
"Music Therapist",43,"Music Therapist, MT-BC, MsED",,,,,,"Work position",,,,969380719742744,http://www.facebook.com/969380719742744,"=HYPERLINK(""http://www.facebook.com/969380719742744/?sk=info"", ""969380719742744"")","=HYPERLINK(""http://builder.page2site.com/sites/add/fbid:969380719742744"", ""Create"")"
"Music Therapist",44,"Private Contractor - Music Therapist",,,,,,"Work position",,,,279054015621866,http://www.facebook.com/279054015621866,"=HYPERLINK(""http://www.facebook.com/279054015621866/?sk=info"", ""279054015621866"")","=HYPERLINK(""http://builder.page2site.com/sites/add/fbid:279054015621866"", ""Create"")"
"Music Therapist",45,"Activity and Music Therapist",,,,,,"Work position",,,,668129076618451,http://www.facebook.com/668129076618451,"=HYPERLINK(""http://www.facebook.com/668129076618451/?sk=info"", ""668129076618451"")","=HYPERLINK(""http://builder.page2site.com/sites/add/fbid:668129076618451"", ""Create"")"
"Music Therapist",46,"Musicologist, Music Therapist, Art Therapist, Play Therapist",,,,,,"Work position",,,,1426476440946667,http://www.facebook.com/1426476440946667,"=HYPERLINK(""http://www.facebook.com/1426476440946667/?sk=info"", ""1426476440946667"")","=HYPERLINK(""http://builder.page2site.com/sites/add/fbid:1426476440946667"", ""Create"")"
"Music Therapist",47,"Music Therapist, MT-BC, LCAT- Limited Permit",,,,,,"Work position",,,,546711508792701,http://www.facebook.com/546711508792701,"=HYPERLINK(""http://www.facebook.com/546711508792701/?sk=info"", ""546711508792701"")","=HYPERLINK(""http://builder.page2site.com/sites/add/fbid:546711508792701"", ""Create"")"
"Music Therapist",48,"Music Therapist  teaching Music as Medicine",,,,,,"Work position",,,,735478529864824,http://www.facebook.com/735478529864824,"=HYPERLINK(""http://www.facebook.com/735478529864824/?sk=info"", ""735478529864824"")","=HYPERLINK(""http://builder.page2site.com/sites/add/fbid:735478529864824"", ""Create"")"
"Music Therapist",49,"Music and Creative Movement Therapist",,,,,,"Work position",,,,554603131336460,http://www.facebook.com/554603131336460,"=HYPERLINK(""http://www.facebook.com/554603131336460/?sk=info"", ""554603131336460"")","=HYPERLINK(""http://builder.page2site.com/sites/add/fbid:554603131336460"", ""Create"")"
"Music Therapist",50,"Music Therapist. Singer. Actor. Victim's Advocate. Speaker.",,,,,,"Work position",,,,521539127948481,http://www.facebook.com/521539127948481,"=HYPERLINK(""http://www.facebook.com/521539127948481/?sk=info"", ""521539127948481"")","=HYPERLINK(""http://builder.page2site.com/sites/add/fbid:521539127948481"", ""Create"")"
"Music Therapist",51,"Music, Art, Play Therapist",,,,,,"Work position",,,,463344600469993,http://www.facebook.com/463344600469993,"=HYPERLINK(""http://www.facebook.com/463344600469993/?sk=info"", ""463344600469993"")","=HYPERLINK(""http://builder.page2site.com/sites/add/fbid:463344600469993"", ""Create"")"
"Music Therapist",52,"Singer/Guitarist. Music Therapist for Aged Care",,,,,,"Work position",,,,840500939316688,http://www.facebook.com/840500939316688,"=HYPERLINK(""http://www.facebook.com/840500939316688/?sk=info"", ""840500939316688"")","=HYPERLINK(""http://builder.page2site.com/sites/add/fbid:840500939316688"", ""Create"")"
"Music Therapist",53,"Musicianary / Music and Laughter Therapist",,,,,,"Work position",,,,397623663696182,http://www.facebook.com/397623663696182,"=HYPERLINK(""http://www.facebook.com/397623663696182/?sk=info"", ""397623663696182"")","=HYPERLINK(""http://builder.page2site.com/sites/add/fbid:397623663696182"", ""Create"")"
"Music Therapist",54,"Writer, Worship Leader, Music Therapist, Speaker",,,"United States",1,Windsor,Company,,,,1537982599747036,http://www.facebook.com/1537982599747036,"=HYPERLINK(""http://www.facebook.com/1537982599747036/?sk=info"", ""1537982599747036"")","=HYPERLINK(""http://builder.page2site.com/sites/add/fbid:1537982599747036"", ""Create"")"
"Music Therapist",55,"Music for the Massage Therapist: Relaxing Instrumentals for Massage",,,,,,Album,,,,1034084153292547,http://www.facebook.com/1034084153292547,"=HYPERLINK(""http://www.facebook.com/1034084153292547/?sk=info"", ""1034084153292547"")","=HYPERLINK(""http://builder.page2site.com/sites/add/fbid:1034084153292547"", ""Create"")"
"Music Therapist",56,"Massage Therapist & Licensed Simply Music Piano Teacher",,,,,,"Work position",,,,1559442100951957,http://www.facebook.com/1559442100951957,"=HYPERLINK(""http://www.facebook.com/1559442100951957/?sk=info"", ""1559442100951957"")","=HYPERLINK(""http://builder.page2site.com/sites/add/fbid:1559442100951957"", ""Create"")"
"Music Therapist",57,"massage therapist and composer of new age massage music and protest songs",,,,,,"Work position",,,,1487619121515934,http://www.facebook.com/1487619121515934,"=HYPERLINK(""http://www.facebook.com/1487619121515934/?sk=info"", ""1487619121515934"")","=HYPERLINK(""http://builder.page2site.com/sites/add/fbid:1487619121515934"", ""Create"")"
"Music Therapist",58,"Artist - Painter, sculpter, sound, performance.  Video art. Music. Voices. Spoken word. Writer/poet. Hypnotist/therapist, intuitive.",,,,,,"Work position",,,,1637190626508183,http://www.facebook.com/1637190626508183,"=HYPERLINK(""http://www.facebook.com/1637190626508183/?sk=info"", ""1637190626508183"")","=HYPERLINK(""http://builder.page2site.com/sites/add/fbid:1637190626508183"", ""Create"")"
"Music Therapist",59,"Artist - Painter, sculpter, sound, act/performance.  Video art. Music. Voices. Spoken word. Writer/poet. Hypnotist/therapist, intuitive.",,,,,,"Work position",,,,321242211395223,http://www.facebook.com/321242211395223,"=HYPERLINK(""http://www.facebook.com/321242211395223/?sk=info"", ""321242211395223"")","=HYPERLINK(""http://builder.page2site.com/sites/add/fbid:321242211395223"", ""Create"")"
"Music Therapist",60,"Artist - Painter, sculpter, sound, performance.  Video art. Music. Voices. Spoken word. Writer/poet. Hypnotist/therapist, trance expert.",,,,,,"Work position",,,,837410239624230,http://www.facebook.com/837410239624230,"=HYPERLINK(""http://www.facebook.com/837410239624230/?sk=info"", ""837410239624230"")","=HYPERLINK(""http://builder.page2site.com/sites/add/fbid:837410239624230"", ""Create"")"
"Music Therapist",61,"Music Time",2101-4730,,"El Salvador",503,"San Salvador",Education,"[{""id"":""108557642554592"",""name"":""Educational Service""},{""id"":""199797140033948"",""name"":""Educational Consultant""},{""id"":""186983191324114"",""name"":""Music Lessons & Instruction""}]",370,19,149214031952655,http://www.facebook.com/149214031952655,"=HYPERLINK(""http://www.facebook.com/149214031952655/?sk=info"", ""149214031952655"")","=HYPERLINK(""http://builder.page2site.com/sites/add/fbid:149214031952655"", ""Create"")"
"Music Therapist",62,"Music therapist",0031624676112,,Netherlands,31,Amsterdam,"Local business","[{""id"":""2500"",""name"":""Local Business""}]",5,,206833916000147,http://www.facebook.com/206833916000147,"=HYPERLINK(""http://www.facebook.com/206833916000147/?sk=info"", ""206833916000147"")","=HYPERLINK(""http://builder.page2site.com/sites/add/fbid:206833916000147"", ""Create"")"
"Music Therapist",63,"Samples Tina Music Therapist","(970) 686-0631",,"United States",1,Windsor,"Local business","[{""id"":""181885068517499"",""name"":""Physical Therapist""}]",1,,152260838149018,http://www.facebook.com/152260838149018,"=HYPERLINK(""http://www.facebook.com/152260838149018/?sk=info"", ""152260838149018"")","=HYPERLINK(""http://builder.page2site.com/sites/add/fbid:152260838149018"", ""Create"")"
"Music Therapist",64,"Evanne Welsh, Music Therapist","(530) 570-4925",http://evannewelsh.weebly.com,"United States",1,Stockton,Health/medical/pharmacy,"[{""id"":""176831012360626"",""name"":""Professional Services""}]",4,,1538815883018811,http://www.facebook.com/1538815883018811,"=HYPERLINK(""http://www.facebook.com/1538815883018811/?sk=info"", ""1538815883018811"")","=HYPERLINK(""http://builder.page2site.com/sites/add/fbid:1538815883018811"", ""Create"")"
"Music Therapist",65,"Music Therapy Network","(310) 314-3503",,"United States",1,Venice,"Local business","[{""id"":""181885068517499"",""name"":""Physical Therapist""}]",2,,157535990943846,http://www.facebook.com/157535990943846,"=HYPERLINK(""http://www.facebook.com/157535990943846/?sk=info"", ""157535990943846"")","=HYPERLINK(""http://builder.page2site.com/sites/add/fbid:157535990943846"", ""Create"")"
"Music Therapist",66,"Music Therapy Center at Reproductive Fertility Center","(949) 453-8600",,"United States",1,Irvine,Health/medical/pharmacy,"[{""id"":""170598252986387"",""name"":""Occupational Therapist""},{""id"":""186983191324114"",""name"":""Music Lessons & Instruction""},{""id"":""132328993501399"",""name"":""Counseling & Mental Health""}]",,,561920377194562,http://www.facebook.com/561920377194562,"=HYPERLINK(""http://www.facebook.com/561920377194562/?sk=info"", ""561920377194562"")","=HYPERLINK(""http://builder.page2site.com/sites/add/fbid:561920377194562"", ""Create"")"
"Music Therapist",67,"Andrea Dalton Music Therapist","(816) 868-4053",,"United States",1,"Kansas City",Health/medical/pharmacy,"[{""id"":""145118935550090"",""name"":""Medical & Health""}]",1,,312800078780053,http://www.facebook.com/312800078780053,"=HYPERLINK(""http://www.facebook.com/312800078780053/?sk=info"", ""312800078780053"")","=HYPERLINK(""http://builder.page2site.com/sites/add/fbid:312800078780053"", ""Create"")"
"Music Therapist",68,"Creative Expressions Music Therapy Services","902 789-2323",http://cemusictherapy.ca/,Canada,1,Halifax,Health/medical/pharmacy,"[{""id"":""170598252986387"",""name"":""Occupational Therapist""},{""id"":""181885068517499"",""name"":""Physical Therapist""},{""id"":""186983191324114"",""name"":""Music Lessons & Instruction""}]",4,,203982216466860,http://www.facebook.com/203982216466860,"=HYPERLINK(""http://www.facebook.com/203982216466860/?sk=info"", ""203982216466860"")","=HYPERLINK(""http://builder.page2site.com/sites/add/fbid:203982216466860"", ""Create"")"
"Music Therapist",69,"Lakeshore Music Therapy Services","(616) 786-4658",,"United States",1,Holland,"Local business","[{""id"":""181885068517499"",""name"":""Physical Therapist""}]",1,,134197993299147,http://www.facebook.com/134197993299147,"=HYPERLINK(""http://www.facebook.com/134197993299147/?sk=info"", ""134197993299147"")","=HYPERLINK(""http://builder.page2site.com/sites/add/fbid:134197993299147"", ""Create"")"
"Music Therapist",70,"Center for Music Therapy","(512) 472-5016",,"United States",1,Austin,"Local business","[{""id"":""181885068517499"",""name"":""Physical Therapist""}]",,,157792230921415,http://www.facebook.com/157792230921415,"=HYPERLINK(""http://www.facebook.com/157792230921415/?sk=info"", ""157792230921415"")","=HYPERLINK(""http://builder.page2site.com/sites/add/fbid:157792230921415"", ""Create"")"
"Music Therapist",71,"Marino Diane L Music Therapist","(814) 849-1918",,"United States",1,Brookville,"Local business","[{""id"":""132328993501399"",""name"":""Counseling & Mental Health""}]",2,,138393892874403,http://www.facebook.com/138393892874403,"=HYPERLINK(""http://www.facebook.com/138393892874403/?sk=info"", ""138393892874403"")","=HYPERLINK(""http://builder.page2site.com/sites/add/fbid:138393892874403"", ""Create"")"
"Music Therapist",72,"Shallow Matter Music","(360) 852-0876",https://soundcloud.com/robert-dingethal,"United States",1,Vancouver,Media/news/publishing,"[{""id"":""177645802278169"",""name"":""Painter""},{""id"":""170598252986387"",""name"":""Occupational Therapist""},{""id"":""171385766240459"",""name"":""Taxidermist""}]",15,,253318148103472,http://www.facebook.com/253318148103472,"=HYPERLINK(""http://www.facebook.com/253318148103472/?sk=info"", ""253318148103472"")","=HYPERLINK(""http://builder.page2site.com/sites/add/fbid:253318148103472"", ""Create"")"
"Music Therapist",73,"Oxygen Insurance for Music Therapists","01274 760460",http://www.oxygeninsurance.com/,"United Kingdom",44,"City of Bradford","Insurance company","[{""id"":""109594239116608"",""name"":""Insurance Broker""}]",2,,141594689224758,http://www.facebook.com/141594689224758,"=HYPERLINK(""http://www.facebook.com/141594689224758/?sk=info"", ""141594689224758"")","=HYPERLINK(""http://builder.page2site.com/sites/add/fbid:141594689224758"", ""Create"")"
