Keyword,#,Name,Phone,Website,Country,"Country code",City,Category,"Category List",Likes,"Talking about","Facebook ID","Facebook Url","Facebook Page Link","P2S Website"
"Nails & Nailing Equipment",0,"Wood & Nails",,http://www.etsy.com/shop/woodnnails,"United States",1,Winston-Salem,"Professional services","[{""id"":""191969860827280"",""name"":""Photographic Services & Equipment""},{""id"":""192647794097278"",""name"":""Home Decor""}]",812,14,146156275581873,http://www.facebook.com/146156275581873,"=HYPERLINK(""http://www.facebook.com/146156275581873/?sk=info"", ""146156275581873"")","=HYPERLINK(""http://builder.page2site.com/sites/add/fbid:146156275581873"", ""Create"")"
"Nails & Nailing Equipment",1,"Spa & Nail Equipment | Wholesale and Retail Nail Supplies","(281) 575-7995",,"United States",1,Houston,"Local business","[{""id"":""198516863494646"",""name"":""Nail Salon""}]",90,1,126499881267,http://www.facebook.com/126499881267,"=HYPERLINK(""http://www.facebook.com/126499881267/?sk=info"", ""126499881267"")","=HYPERLINK(""http://builder.page2site.com/sites/add/fbid:126499881267"", ""Create"")"
"Nails & Nailing Equipment",2,"Nails, beauty, saloon equipment",,http://www.avbeautynail.com/,,,,Tools/equipment,,21,3,310395849031812,http://www.facebook.com/310395849031812,"=HYPERLINK(""http://www.facebook.com/310395849031812/?sk=info"", ""310395849031812"")","=HYPERLINK(""http://builder.page2site.com/sites/add/fbid:310395849031812"", ""Create"")"
"Nails & Nailing Equipment",3,"Quality Nail Equipment.",,,,,,Health/beauty,,2,,1476413135973908,http://www.facebook.com/1476413135973908,"=HYPERLINK(""http://www.facebook.com/1476413135973908/?sk=info"", ""1476413135973908"")","=HYPERLINK(""http://builder.page2site.com/sites/add/fbid:1476413135973908"", ""Create"")"
"Nails & Nailing Equipment",4,"Angel Star Images Nail Art",,http://asinailart.jamberrynails.net,"United States",1,"League City","Professional services","[{""id"":""199732070036794"",""name"":""Artistic Services""},{""id"":""191969860827280"",""name"":""Photographic Services & Equipment""}]",26,6,270832386439016,http://www.facebook.com/270832386439016,"=HYPERLINK(""http://www.facebook.com/270832386439016/?sk=info"", ""270832386439016"")","=HYPERLINK(""http://builder.page2site.com/sites/add/fbid:270832386439016"", ""Create"")"
"Nails & Nailing Equipment",5,"SPA Family- Transit NAIL Supply Store","(407) 401-9594",,"United States",1,Orlando,"Local business","[{""id"":""182706848434579"",""name"":""Equipment Service & Supply""}]",6,,353179878107672,http://www.facebook.com/353179878107672,"=HYPERLINK(""http://www.facebook.com/353179878107672/?sk=info"", ""353179878107672"")","=HYPERLINK(""http://builder.page2site.com/sites/add/fbid:353179878107672"", ""Create"")"
"Nails & Nailing Equipment",6,"D & D Spa Pedicure Equipment","(405) 528-3313",,"United States",1,"Oklahoma City","Local business","[{""id"":""198516863494646"",""name"":""Nail Salon""}]",2,,120960204626868,http://www.facebook.com/120960204626868,"=HYPERLINK(""http://www.facebook.com/120960204626868/?sk=info"", ""120960204626868"")","=HYPERLINK(""http://builder.page2site.com/sites/add/fbid:120960204626868"", ""Create"")"
"Nails & Nailing Equipment",7,"Kimmar Furniture Mfg. Beauty Barber Facial Nail & Spa Equipment","(310) 549-2742",,"United States",1,"Long Beach","Local business","[{""id"":""191693100854505"",""name"":""Hair & Beauty Supply""}]",1,,121058701277016,http://www.facebook.com/121058701277016,"=HYPERLINK(""http://www.facebook.com/121058701277016/?sk=info"", ""121058701277016"")","=HYPERLINK(""http://builder.page2site.com/sites/add/fbid:121058701277016"", ""Create"")"
"Nails & Nailing Equipment",8,"KAI Hair-Beauty-Nail-Spa Furniture & Equipment",64824781,www.khaikong.com,Singapore,65,"Ang Mo Kio","Spas/beauty/personal care","[{""id"":""139225689474222"",""name"":""Spa, Beauty & Personal Care""}]",3,,135392163244394,http://www.facebook.com/135392163244394,"=HYPERLINK(""http://www.facebook.com/135392163244394/?sk=info"", ""135392163244394"")","=HYPERLINK(""http://builder.page2site.com/sites/add/fbid:135392163244394"", ""Create"")"
"Nails & Nailing Equipment",9,"LA Nail Supply & Equipment",,,"United States",1,Tampa,"Local business","[{""id"":""2500"",""name"":""Local Business""}]",4,,430121620334210,http://www.facebook.com/430121620334210,"=HYPERLINK(""http://www.facebook.com/430121620334210/?sk=info"", ""430121620334210"")","=HYPERLINK(""http://builder.page2site.com/sites/add/fbid:430121620334210"", ""Create"")"
"Nails & Nailing Equipment",10,"SALON Supplies and Equipment",+639223528570,,Philippines,63,"Davao City","Spas/beauty/personal care","[{""id"":""198516863494646"",""name"":""Nail Salon""},{""id"":""174177802634376"",""name"":""Hair Salon""},{""id"":""199236533423806"",""name"":""Beauty Salon""}]",3,,469013606567202,http://www.facebook.com/469013606567202,"=HYPERLINK(""http://www.facebook.com/469013606567202/?sk=info"", ""469013606567202"")","=HYPERLINK(""http://builder.page2site.com/sites/add/fbid:469013606567202"", ""Create"")"
"Nails & Nailing Equipment",11,"Salon, Nail and Spa equipment","(214) 484-2552",http://www.prettysalonusa.com/media/catalog/product/cache/1/image/9df78eab33525d08d6e5fb8d27136e95/4/4/44.jpg,"United States",1,Dallas,Health/beauty,"[{""id"":""191693100854505"",""name"":""Hair & Beauty Supply""},{""id"":""120731481338075"",""name"":""Tanning Salon Supplier""}]",9,1,167329300038288,http://www.facebook.com/167329300038288,"=HYPERLINK(""http://www.facebook.com/167329300038288/?sk=info"", ""167329300038288"")","=HYPERLINK(""http://builder.page2site.com/sites/add/fbid:167329300038288"", ""Create"")"
"Nails & Nailing Equipment",12,"D & D Nail Supply & Equipment","(405) 528-3313",,"United States",1,"Oklahoma City","Local business","[{""id"":""187133811318958"",""name"":""Business Services""},{""id"":""198516863494646"",""name"":""Nail Salon""}]",8,,161883443829498,http://www.facebook.com/161883443829498,"=HYPERLINK(""http://www.facebook.com/161883443829498/?sk=info"", ""161883443829498"")","=HYPERLINK(""http://builder.page2site.com/sites/add/fbid:161883443829498"", ""Create"")"
