Keyword,#,Name,Phone,Website,Country,"Country code",City,Category,"Category List",Likes,"Talking about","Facebook ID","Facebook Url","Facebook Page Link","P2S Website"
Orthoptist,0,Orthoptiste,269596,http://www.orthoptiste.com,"New Caledonia",687,Nouméa,"Local business",,395,,33205687654,http://www.facebook.com/33205687654,"=HYPERLINK(""http://www.facebook.com/33205687654/?sk=info"", ""33205687654"")","=HYPERLINK(""http://builder.page2site.com/sites/add/fbid:33205687654"", ""Create"")"
Orthoptist,1,"Orthoptiste casablanca","05 22 99 66 52 ",,Morocco,212,Casablanca,"Local business","[{""id"":""2500"",""name"":""Local Business""}]",451,3,299175773433361,http://www.facebook.com/299175773433361,"=HYPERLINK(""http://www.facebook.com/299175773433361/?sk=info"", ""299175773433361"")","=HYPERLINK(""http://builder.page2site.com/sites/add/fbid:299175773433361"", ""Create"")"
Orthoptist,2,Orthoptist,,,,,,Interest,,36,,249858348403985,http://www.facebook.com/249858348403985,"=HYPERLINK(""http://www.facebook.com/249858348403985/?sk=info"", ""249858348403985"")","=HYPERLINK(""http://builder.page2site.com/sites/add/fbid:249858348403985"", ""Create"")"
Orthoptist,3,"Orthoptiste Paris 15ème Hela Chemli",0145318768,,France,33,Paris,Health/medical/pharmacy,"[{""id"":""144657392262041"",""name"":""Family Medicine Practice""}]",162,10,1413281265591494,http://www.facebook.com/1413281265591494,"=HYPERLINK(""http://www.facebook.com/1413281265591494/?sk=info"", ""1413281265591494"")","=HYPERLINK(""http://builder.page2site.com/sites/add/fbid:1413281265591494"", ""Create"")"
Orthoptist,4,OrthoptistIn,,http://www.mefa.jena.de,,,,Community,,41,1,843376889025057,http://www.facebook.com/843376889025057,"=HYPERLINK(""http://www.facebook.com/843376889025057/?sk=info"", ""843376889025057"")","=HYPERLINK(""http://builder.page2site.com/sites/add/fbid:843376889025057"", ""Create"")"
Orthoptist,5,Orthoptiste,,,France,33,Combs-la-Ville,Company,,,,961658063849942,http://www.facebook.com/961658063849942,"=HYPERLINK(""http://www.facebook.com/961658063849942/?sk=info"", ""961658063849942"")","=HYPERLINK(""http://builder.page2site.com/sites/add/fbid:961658063849942"", ""Create"")"
Orthoptist,6,Orthoptiste,,,France,33,Évry,Company,,,,1492385914347968,http://www.facebook.com/1492385914347968,"=HYPERLINK(""http://www.facebook.com/1492385914347968/?sk=info"", ""1492385914347968"")","=HYPERLINK(""http://builder.page2site.com/sites/add/fbid:1492385914347968"", ""Create"")"
Orthoptist,7,"American Association of Certified Orthoptists (AACO)",415-561-8522,http://orthoptics.org,,,,Health/medical/pharmaceuticals,,841,5,159478647444539,http://www.facebook.com/159478647444539,"=HYPERLINK(""http://www.facebook.com/159478647444539/?sk=info"", ""159478647444539"")","=HYPERLINK(""http://builder.page2site.com/sites/add/fbid:159478647444539"", ""Create"")"
Orthoptist,8,"Anaïs Lemaitre Orthoptiste",0960110309,,France,33,Croissy-sur-Seine,Health/medical/pharmacy,"[{""id"":""144657392262041"",""name"":""Family Medicine Practice""}]",103,,1477836349140118,http://www.facebook.com/1477836349140118,"=HYPERLINK(""http://www.facebook.com/1477836349140118/?sk=info"", ""1477836349140118"")","=HYPERLINK(""http://builder.page2site.com/sites/add/fbid:1477836349140118"", ""Create"")"
Orthoptist,9,"Alves Mélany Orthoptiste","07 81 24 51 04",http://orthoptistebretign.wix.com/bretignyorthoptiste,France,33,Brétigny-sur-Orge,Health/medical/pharmacy,"[{""id"":""228143393877753"",""name"":""Medical Center""}]",37,,476842562462036,http://www.facebook.com/476842562462036,"=HYPERLINK(""http://www.facebook.com/476842562462036/?sk=info"", ""476842562462036"")","=HYPERLINK(""http://builder.page2site.com/sites/add/fbid:476842562462036"", ""Create"")"
Orthoptist,10,Orthoptistin,,,,,,Interest,,,,1384270265170097,http://www.facebook.com/1384270265170097,"=HYPERLINK(""http://www.facebook.com/1384270265170097/?sk=info"", ""1384270265170097"")","=HYPERLINK(""http://builder.page2site.com/sites/add/fbid:1384270265170097"", ""Create"")"
Orthoptist,11,"BOD - Berufsverband der Orthoptistinnen Deutschlands e.V.",,www.orthoptik.de,Germany,49,Nuremberg,Health/beauty,"[{""id"":""2214"",""name"":""Health\/Beauty""}]",189,1,418909338133239,http://www.facebook.com/418909338133239,"=HYPERLINK(""http://www.facebook.com/418909338133239/?sk=info"", ""418909338133239"")","=HYPERLINK(""http://builder.page2site.com/sites/add/fbid:418909338133239"", ""Create"")"
Orthoptist,12,"Chez L'orthoptiste.","05 61 92 48 89",,France,33,Villeneuve-Tolosane,"Local business","[{""id"":""145118935550090"",""name"":""Medical & Health""}]",18,2,209075589293415,http://www.facebook.com/209075589293415,"=HYPERLINK(""http://www.facebook.com/209075589293415/?sk=info"", ""209075589293415"")","=HYPERLINK(""http://builder.page2site.com/sites/add/fbid:209075589293415"", ""Create"")"
Orthoptist,13,"Orthoptiste hammouch saffana.                         Orthoptiste à Meknès",,,,,,"Just for fun",,16,7,816249895094212,http://www.facebook.com/816249895094212,"=HYPERLINK(""http://www.facebook.com/816249895094212/?sk=info"", ""816249895094212"")","=HYPERLINK(""http://builder.page2site.com/sites/add/fbid:816249895094212"", ""Create"")"
Orthoptist,14,"Perrine de Laporterie, orthoptiste","06 80 10 07 62",http://sites.google.com/site/pdelaporterie/,France,33,Paris,Health/medical/pharmaceuticals,"[{""id"":""2243"",""name"":""Health\/Medical\/Pharmaceuticals""}]",70,,185081454850305,http://www.facebook.com/185081454850305,"=HYPERLINK(""http://www.facebook.com/185081454850305/?sk=info"", ""185081454850305"")","=HYPERLINK(""http://builder.page2site.com/sites/add/fbid:185081454850305"", ""Create"")"
Orthoptist,15,"Orthoptiste, Biarritz",,,France,33,Biarritz,Company,,,,305174113018224,http://www.facebook.com/305174113018224,"=HYPERLINK(""http://www.facebook.com/305174113018224/?sk=info"", ""305174113018224"")","=HYPERLINK(""http://builder.page2site.com/sites/add/fbid:305174113018224"", ""Create"")"
Orthoptist,16,"Orthoptiste - optométriste",,,,,,"Work position",,,,545155968961649,http://www.facebook.com/545155968961649,"=HYPERLINK(""http://www.facebook.com/545155968961649/?sk=info"", ""545155968961649"")","=HYPERLINK(""http://builder.page2site.com/sites/add/fbid:545155968961649"", ""Create"")"
Orthoptist,17,Orthoptistinschülerin,,,,,,"Work position",,,,730010893755344,http://www.facebook.com/730010893755344,"=HYPERLINK(""http://www.facebook.com/730010893755344/?sk=info"", ""730010893755344"")","=HYPERLINK(""http://builder.page2site.com/sites/add/fbid:730010893755344"", ""Create"")"
Orthoptist,18,"Fellowship- Orthoptist and Adult Strabimsus",,,,,,"Concentration or major",,,,771301159603747,http://www.facebook.com/771301159603747,"=HYPERLINK(""http://www.facebook.com/771301159603747/?sk=info"", ""771301159603747"")","=HYPERLINK(""http://builder.page2site.com/sites/add/fbid:771301159603747"", ""Create"")"
Orthoptist,19,"Orthoptiste de recherche",,,,,,"Work position",,,,700666003356888,http://www.facebook.com/700666003356888,"=HYPERLINK(""http://www.facebook.com/700666003356888/?sk=info"", ""700666003356888"")","=HYPERLINK(""http://builder.page2site.com/sites/add/fbid:700666003356888"", ""Create"")"
Orthoptist,20,"Berufsverband der Orthoptistinnen Deutschlands",,,,,,Interest,,2,,527451404041440,http://www.facebook.com/527451404041440,"=HYPERLINK(""http://www.facebook.com/527451404041440/?sk=info"", ""527451404041440"")","=HYPERLINK(""http://builder.page2site.com/sites/add/fbid:527451404041440"", ""Create"")"
Orthoptist,21,"Low Vision Specialist / orthoptist",,,,,,"Work position",,,,1500269760238856,http://www.facebook.com/1500269760238856,"=HYPERLINK(""http://www.facebook.com/1500269760238856/?sk=info"", ""1500269760238856"")","=HYPERLINK(""http://builder.page2site.com/sites/add/fbid:1500269760238856"", ""Create"")"
Orthoptist,22,"Caisse autonome de retraite et de prévoyance des infirmiers, masseurs kinésithérapeutes, pédicures-podologues, orthophonistes et orthoptistes",,,,,,Interest,,,,356102787862575,http://www.facebook.com/356102787862575,"=HYPERLINK(""http://www.facebook.com/356102787862575/?sk=info"", ""356102787862575"")","=HYPERLINK(""http://builder.page2site.com/sites/add/fbid:356102787862575"", ""Create"")"
Orthoptist,23,"Catherine Lévy-Alexandre Orthoptiste",0142378371,http://www.linkedin.com/profile/view?id=184337597&trk=nav_responsive_tab_profile,France,33,Antony,Doctor,"[{""id"":""137847742955715"",""name"":""Clinic""}]",2,1,1521591648066851,http://www.facebook.com/1521591648066851,"=HYPERLINK(""http://www.facebook.com/1521591648066851/?sk=info"", ""1521591648066851"")","=HYPERLINK(""http://builder.page2site.com/sites/add/fbid:1521591648066851"", ""Create"")"
