Keyword,#,Name,Phone,Website,Country,"Country code",City,Category,"Category List",Likes,"Talking about","Facebook ID","Facebook Url","Facebook Page Link","P2S Website"
"Pregnancy Counselling",0,"Pregnancy Counselling Services","03 338 3057",http://www.pregnancy-cs.org.nz,"New Zealand",64,Christchurch,"Local business",,114,,107583895981586,http://www.facebook.com/107583895981586,"=HYPERLINK(""http://www.facebook.com/107583895981586/?sk=info"", ""107583895981586"")","=HYPERLINK(""http://builder.page2site.com/sites/add/fbid:107583895981586"", ""Create"")"
"Pregnancy Counselling",1,"Liberty Pregnancy Counselling",,http://www.libertypcc.co.uk,,,,Community,,72,3,718509628213096,http://www.facebook.com/718509628213096,"=HYPERLINK(""http://www.facebook.com/718509628213096/?sk=info"", ""718509628213096"")","=HYPERLINK(""http://builder.page2site.com/sites/add/fbid:718509628213096"", ""Create"")"
"Pregnancy Counselling",2,"City Pregnancy Counselling & Psychotherapy","020 7638 5440",www.citypregnancy.org.uk,"United Kingdom",44,London,"Non-profit organization","[{""id"":""226326230802065"",""name"":""Charity Organization""},{""id"":""132328993501399"",""name"":""Counseling & Mental Health""}]",555,,95492421847,http://www.facebook.com/95492421847,"=HYPERLINK(""http://www.facebook.com/95492421847/?sk=info"", ""95492421847"")","=HYPERLINK(""http://builder.page2site.com/sites/add/fbid:95492421847"", ""Create"")"
"Pregnancy Counselling",3,"Pregnancy Counselling and Support Tasmania","(03) 62242290",www.pcstas.org.au,Australia,61,Hobart,"Non-profit organization","[{""id"":""166443590070313"",""name"":""Pregnancy & Childbirth Service""},{""id"":""132328993501399"",""name"":""Counseling & Mental Health""}]",86,,206994826043933,http://www.facebook.com/206994826043933,"=HYPERLINK(""http://www.facebook.com/206994826043933/?sk=info"", ""206994826043933"")","=HYPERLINK(""http://builder.page2site.com/sites/add/fbid:206994826043933"", ""Create"")"
"Pregnancy Counselling",4,"Acorn Pregnancy Counselling Centre",,http://www.acornworthing.org.uk,,,,Community,,39,,364696926886578,http://www.facebook.com/364696926886578,"=HYPERLINK(""http://www.facebook.com/364696926886578/?sk=info"", ""364696926886578"")","=HYPERLINK(""http://builder.page2site.com/sites/add/fbid:364696926886578"", ""Create"")"
"Pregnancy Counselling",5,"Pregnancy Counselling Centre of Mtl / Centre Conseils Grossesse de Mtl",514-593-1720,http://www.ccgrossesse.org/,Canada,1,Montreal,"Non-profit organization","[{""id"":""166443590070313"",""name"":""Pregnancy & Childbirth Service""}]",268,,419509731502079,http://www.facebook.com/419509731502079,"=HYPERLINK(""http://www.facebook.com/419509731502079/?sk=info"", ""419509731502079"")","=HYPERLINK(""http://builder.page2site.com/sites/add/fbid:419509731502079"", ""Create"")"
"Pregnancy Counselling",6,"Pregnancy Counselling Services","0800 PREGNANT",,"New Zealand",64,Auckland,"Local business",,55,,5925439540,http://www.facebook.com/5925439540,"=HYPERLINK(""http://www.facebook.com/5925439540/?sk=info"", ""5925439540"")","=HYPERLINK(""http://builder.page2site.com/sites/add/fbid:5925439540"", ""Create"")"
"Pregnancy Counselling",7,"Lifeline Pregnancy Counselling & Care",01315572060,http://www.lifelinecounselling.org/,"United Kingdom",44,Edinburgh,"Non-profit organization","[{""id"":""226326230802065"",""name"":""Charity Organization""},{""id"":""132328993501399"",""name"":""Counseling & Mental Health""},{""id"":""166443590070313"",""name"":""Pregnancy & Childbirth Service""}]",58,2,1407956139428057,http://www.facebook.com/1407956139428057,"=HYPERLINK(""http://www.facebook.com/1407956139428057/?sk=info"", ""1407956139428057"")","=HYPERLINK(""http://builder.page2site.com/sites/add/fbid:1407956139428057"", ""Create"")"
"Pregnancy Counselling",8,"SA Pregnancy & Parenting Counselling Service",+61403874062,http://www.sapregnancyandparenting.com,Australia,61,Adelaide,Health/medical/pharmacy,"[{""id"":""166443590070313"",""name"":""Pregnancy & Childbirth Service""},{""id"":""357645644269220"",""name"":""Alternative & Holistic Health""},{""id"":""132328993501399"",""name"":""Counseling & Mental Health""}]",118,56,482842408529102,http://www.facebook.com/482842408529102,"=HYPERLINK(""http://www.facebook.com/482842408529102/?sk=info"", ""482842408529102"")","=HYPERLINK(""http://builder.page2site.com/sites/add/fbid:482842408529102"", ""Create"")"
"Pregnancy Counselling",9,"Jakin Pregnancy Care & Counselling",07599397938,http://www.jakin-leicester.btck.co.uk,"United Kingdom",44,Leicester,"Non-profit organization","[{""id"":""132328993501399"",""name"":""Counseling & Mental Health""},{""id"":""226326230802065"",""name"":""Charity Organization""}]",25,21,1485571795065413,http://www.facebook.com/1485571795065413,"=HYPERLINK(""http://www.facebook.com/1485571795065413/?sk=info"", ""1485571795065413"")","=HYPERLINK(""http://builder.page2site.com/sites/add/fbid:1485571795065413"", ""Create"")"
"Pregnancy Counselling",10,"Choices Crisis Pregnancy Counselling",,,,,,Community,,40,2,194336613963523,http://www.facebook.com/194336613963523,"=HYPERLINK(""http://www.facebook.com/194336613963523/?sk=info"", ""194336613963523"")","=HYPERLINK(""http://builder.page2site.com/sites/add/fbid:194336613963523"", ""Create"")"
"Pregnancy Counselling",11,"Life-centered pregnancy counselling",,,,,,Interest,,,,110373772323309,http://www.facebook.com/110373772323309,"=HYPERLINK(""http://www.facebook.com/110373772323309/?sk=info"", ""110373772323309"")","=HYPERLINK(""http://builder.page2site.com/sites/add/fbid:110373772323309"", ""Create"")"
"Pregnancy Counselling",12,"Robyn Mckinnon Consultancy & Counselling Services","0419 544 110",http://www.rmcounselling.com.au,Australia,61,Launceston,Health/medical/pharmacy,"[{""id"":""132328993501399"",""name"":""Counseling & Mental Health""},{""id"":""166443590070313"",""name"":""Pregnancy & Childbirth Service""}]",308,15,235840609897393,http://www.facebook.com/235840609897393,"=HYPERLINK(""http://www.facebook.com/235840609897393/?sk=info"", ""235840609897393"")","=HYPERLINK(""http://builder.page2site.com/sites/add/fbid:235840609897393"", ""Create"")"
"Pregnancy Counselling",13,"Connected Journey Doula and Counselling Service",0418995696,http://www.connectedjourney.com.au,Australia,61,Melbourne,"Local business","[{""id"":""166443590070313"",""name"":""Pregnancy & Childbirth Service""}]",152,,231015497041477,http://www.facebook.com/231015497041477,"=HYPERLINK(""http://www.facebook.com/231015497041477/?sk=info"", ""231015497041477"")","=HYPERLINK(""http://builder.page2site.com/sites/add/fbid:231015497041477"", ""Create"")"
"Pregnancy Counselling",14,"Aashiyana Counselling centre",9844240815,<<not-applicable>>,India,91,Bangalore,"Professional services","[{""id"":""132328993501399"",""name"":""Counseling & Mental Health""},{""id"":""162920420424772"",""name"":""Retirement & Assisted Living Facility""},{""id"":""166443590070313"",""name"":""Pregnancy & Childbirth Service""}]",155,6,428899280540807,http://www.facebook.com/428899280540807,"=HYPERLINK(""http://www.facebook.com/428899280540807/?sk=info"", ""428899280540807"")","=HYPERLINK(""http://builder.page2site.com/sites/add/fbid:428899280540807"", ""Create"")"
"Pregnancy Counselling",15,"Women Counselling Initiative","234-7060885824, 8059233925",http://www.thewci.org,Nigeria,234,Ilorin,"Non-governmental organization (ngo)","[{""id"":""128753240528981"",""name"":""Women's Clothing Store""},{""id"":""166443590070313"",""name"":""Pregnancy & Childbirth Service""},{""id"":""165156546872599"",""name"":""Abortion Services""}]",10,,1494532907426658,http://www.facebook.com/1494532907426658,"=HYPERLINK(""http://www.facebook.com/1494532907426658/?sk=info"", ""1494532907426658"")","=HYPERLINK(""http://builder.page2site.com/sites/add/fbid:1494532907426658"", ""Create"")"
