Keyword,#,Name,Phone,Website,Country,"Country code",City,Category,"Category List",Likes,"Talking about","Facebook ID","Facebook Url","Facebook Page Link","P2S Website"
"Reflexology Massage Therapy",0,"Bronya's Remedial Massage Bowen & Reflexology Therapy","0417 416 644",http://www.bronyasmassagetherapy.com,Australia,61,Rockingham,"Professional services","[{""id"":""109578329118821"",""name"":""Massage""}]",152,4,658890744133967,http://www.facebook.com/658890744133967,"=HYPERLINK(""http://www.facebook.com/658890744133967/?sk=info"", ""658890744133967"")","=HYPERLINK(""http://builder.page2site.com/sites/add/fbid:658890744133967"", ""Create"")"
"Reflexology Massage Therapy",1,"Serenity Massage Therapy & Reflexology","(423) 608-4361",,"United States",1,Newport,"Spas/beauty/personal care","[{""id"":""109578329118821"",""name"":""Massage""}]",125,,607291582680691,http://www.facebook.com/607291582680691,"=HYPERLINK(""http://www.facebook.com/607291582680691/?sk=info"", ""607291582680691"")","=HYPERLINK(""http://builder.page2site.com/sites/add/fbid:607291582680691"", ""Create"")"
"Reflexology Massage Therapy",2,"Avra's Way: Acupressure, Reflexology & Massage Therapy for women","(917) 923-8731",http://www.avrasway.massagetherapy.com/,"United States",1,Mamaroneck,"Spas/beauty/personal care","[{""id"":""357645644269220"",""name"":""Alternative & Holistic Health""}]",60,8,455882431141742,http://www.facebook.com/455882431141742,"=HYPERLINK(""http://www.facebook.com/455882431141742/?sk=info"", ""455882431141742"")","=HYPERLINK(""http://builder.page2site.com/sites/add/fbid:455882431141742"", ""Create"")"
"Reflexology Massage Therapy",3,"Reflexology & Sport Massage Therapy By Marios Nicolaou","+357  99 996883",http://www.cyprussportsmassage.com/,Cyprus,357,Nicosia,Athlete,,2211,41,167050586663583,http://www.facebook.com/167050586663583,"=HYPERLINK(""http://www.facebook.com/167050586663583/?sk=info"", ""167050586663583"")","=HYPERLINK(""http://builder.page2site.com/sites/add/fbid:167050586663583"", ""Create"")"
"Reflexology Massage Therapy",4,"Moorland Holistic Massage Therapy and Reflexology",01457820097,www.moorlandholistic.co.uk,"United Kingdom",44,Oldham,"Professional services","[{""id"":""357645644269220"",""name"":""Alternative & Holistic Health""},{""id"":""139225689474222"",""name"":""Spa, Beauty & Personal Care""}]",139,8,537309566295857,http://www.facebook.com/537309566295857,"=HYPERLINK(""http://www.facebook.com/537309566295857/?sk=info"", ""537309566295857"")","=HYPERLINK(""http://builder.page2site.com/sites/add/fbid:537309566295857"", ""Create"")"
"Reflexology Massage Therapy",5,"Corinne Camilleri : Reflexology & Massage Therapy","9945 8285",,Malta,356,Is-Swieqi,"Spas/beauty/personal care","[{""id"":""109578329118821"",""name"":""Massage""}]",132,1,621377131237732,http://www.facebook.com/621377131237732,"=HYPERLINK(""http://www.facebook.com/621377131237732/?sk=info"", ""621377131237732"")","=HYPERLINK(""http://builder.page2site.com/sites/add/fbid:621377131237732"", ""Create"")"
"Reflexology Massage Therapy",6,"Reflexology and Massage Therapy","01989 770823 or 01600 714303",,"United Kingdom",44,"Ross on Wye",Health/medical/pharmacy,,21,,371436786265989,http://www.facebook.com/371436786265989,"=HYPERLINK(""http://www.facebook.com/371436786265989/?sk=info"", ""371436786265989"")","=HYPERLINK(""http://builder.page2site.com/sites/add/fbid:371436786265989"", ""Create"")"
"Reflexology Massage Therapy",7,"Healing Hands Massage Therapy & Reflexology",306-825-2207,http://healinghands.coconutcalendar.com,Canada,1,Lloydminster,"Local business","[{""id"":""109578329118821"",""name"":""Massage""}]",224,1,749914318394018,http://www.facebook.com/749914318394018,"=HYPERLINK(""http://www.facebook.com/749914318394018/?sk=info"", ""749914318394018"")","=HYPERLINK(""http://builder.page2site.com/sites/add/fbid:749914318394018"", ""Create"")"
"Reflexology Massage Therapy",8,"Harvest Moon Massage Therapy & Reflexology","(256) 603-4596",http://harvestmoonmassage.com,"United States",1,Decatur,"Spas/beauty/personal care","[{""id"":""109578329118821"",""name"":""Massage""}]",175,21,150451184970777,http://www.facebook.com/150451184970777,"=HYPERLINK(""http://www.facebook.com/150451184970777/?sk=info"", ""150451184970777"")","=HYPERLINK(""http://builder.page2site.com/sites/add/fbid:150451184970777"", ""Create"")"
"Reflexology Massage Therapy",9,"Blue Lotus Reflexology & Massage Therapy","(970) 217-0049",<<not-applicable>>,"United States",1,"Fort Collins","Professional services","[{""id"":""109578329118821"",""name"":""Massage""},{""id"":""357645644269220"",""name"":""Alternative & Holistic Health""}]",120,,406297326065782,http://www.facebook.com/406297326065782,"=HYPERLINK(""http://www.facebook.com/406297326065782/?sk=info"", ""406297326065782"")","=HYPERLINK(""http://builder.page2site.com/sites/add/fbid:406297326065782"", ""Create"")"
"Reflexology Massage Therapy",10,"Meadowbrook Reflexology  Massage & Tsubo point therapy.",+353863229922,bernarddray.ie,Ireland,353,Waterford,Health/medical/pharmacy,"[{""id"":""181885068517499"",""name"":""Physical Therapist""}]",145,3,120547727957815,http://www.facebook.com/120547727957815,"=HYPERLINK(""http://www.facebook.com/120547727957815/?sk=info"", ""120547727957815"")","=HYPERLINK(""http://builder.page2site.com/sites/add/fbid:120547727957815"", ""Create"")"
"Reflexology Massage Therapy",11,"Reflexions - Reflexology & Massage Therapy","02 4872 4234",http://www.reflexionsmassage.com.au,Australia,61,Mittagong,"Spas/beauty/personal care","[{""id"":""211987392145473"",""name"":""Health Spa""},{""id"":""203654586323143"",""name"":""Medical Spa""},{""id"":""109578329118821"",""name"":""Massage""}]",13,1,1499727233610405,http://www.facebook.com/1499727233610405,"=HYPERLINK(""http://www.facebook.com/1499727233610405/?sk=info"", ""1499727233610405"")","=HYPERLINK(""http://builder.page2site.com/sites/add/fbid:1499727233610405"", ""Create"")"
"Reflexology Massage Therapy",12,"Dell's Massage Therapy and Reflexology","(254) 522-5840",,"United States",1,Breckenridge,Health/medical/pharmacy,"[{""id"":""357645644269220"",""name"":""Alternative & Holistic Health""}]",71,,157763544371482,http://www.facebook.com/157763544371482,"=HYPERLINK(""http://www.facebook.com/157763544371482/?sk=info"", ""157763544371482"")","=HYPERLINK(""http://builder.page2site.com/sites/add/fbid:157763544371482"", ""Create"")"
"Reflexology Massage Therapy",13,"Jane Watt Reflexology & Massage Therapy M.Dip FTST, FHT","07779 571649",,"United Kingdom",44,Belfast,"Spas/beauty/personal care","[{""id"":""357645644269220"",""name"":""Alternative & Holistic Health""}]",141,,281831338677752,http://www.facebook.com/281831338677752,"=HYPERLINK(""http://www.facebook.com/281831338677752/?sk=info"", ""281831338677752"")","=HYPERLINK(""http://builder.page2site.com/sites/add/fbid:281831338677752"", ""Create"")"
"Reflexology Massage Therapy",14,"FootPrinz Reflexology & Massage Therapy","(516) 318-5909",www.FootPrinzReflexology.com,"United States",1,"Oyster Bay","Local business","[{""id"":""145118935550090"",""name"":""Medical & Health""}]",13,,119269238087317,http://www.facebook.com/119269238087317,"=HYPERLINK(""http://www.facebook.com/119269238087317/?sk=info"", ""119269238087317"")","=HYPERLINK(""http://builder.page2site.com/sites/add/fbid:119269238087317"", ""Create"")"
"Reflexology Massage Therapy",15,"Time To Feel New Massage Therapy and Reflexology","(410) 770-4447",http://www.ttfnmassage.com,"United States",1,Easton,"Spas/beauty/personal care","[{""id"":""139225689474222"",""name"":""Spa, Beauty & Personal Care""}]",147,6,252843411415049,http://www.facebook.com/252843411415049,"=HYPERLINK(""http://www.facebook.com/252843411415049/?sk=info"", ""252843411415049"")","=HYPERLINK(""http://builder.page2site.com/sites/add/fbid:252843411415049"", ""Create"")"
"Reflexology Massage Therapy",16,"Relax and Revive Reflexology and Massage Therapy",07921862161,,"United Kingdom",44,Liverpool,"Spas/beauty/personal care","[{""id"":""139225689474222"",""name"":""Spa, Beauty & Personal Care""}]",46,1,144832942378012,http://www.facebook.com/144832942378012,"=HYPERLINK(""http://www.facebook.com/144832942378012/?sk=info"", ""144832942378012"")","=HYPERLINK(""http://builder.page2site.com/sites/add/fbid:144832942378012"", ""Create"")"
"Reflexology Massage Therapy",17,"charlette's massage therapy, bodywraps, and reflexology","(985) 649-6564",www.charlettesmassagetherapy.com,"United States",1,Slidell,"Local business","[{""id"":""109578329118821"",""name"":""Massage""},{""id"":""145118935550090"",""name"":""Medical & Health""}]",258,3,134888779875606,http://www.facebook.com/134888779875606,"=HYPERLINK(""http://www.facebook.com/134888779875606/?sk=info"", ""134888779875606"")","=HYPERLINK(""http://builder.page2site.com/sites/add/fbid:134888779875606"", ""Create"")"
"Reflexology Massage Therapy",18,"Massage Therapy and Reflexology Massage",97356455,,Norway,47,Oslo,Health/medical/pharmacy,"[{""id"":""109578329118821"",""name"":""Massage""}]",21,,449580035184982,http://www.facebook.com/449580035184982,"=HYPERLINK(""http://www.facebook.com/449580035184982/?sk=info"", ""449580035184982"")","=HYPERLINK(""http://builder.page2site.com/sites/add/fbid:449580035184982"", ""Create"")"
"Reflexology Massage Therapy",19,"Massage Therapy and Reflexology with Adrienne Levinson",0545834232,,Israel,972,Netanya,"Spas/beauty/personal care",,99,,194752310567286,http://www.facebook.com/194752310567286,"=HYPERLINK(""http://www.facebook.com/194752310567286/?sk=info"", ""194752310567286"")","=HYPERLINK(""http://builder.page2site.com/sites/add/fbid:194752310567286"", ""Create"")"
"Reflexology Massage Therapy",20,"满足乐保健阁 Happy Foot Massage Reflexology & Therapy Pavilion",063352318,http://www.happyfootmassage.com.my/,Malaysia,60,"Malacca City",Health/medical/pharmacy,"[{""id"":""145118935550090"",""name"":""Medical & Health""}]",253,8,131558733707076,http://www.facebook.com/131558733707076,"=HYPERLINK(""http://www.facebook.com/131558733707076/?sk=info"", ""131558733707076"")","=HYPERLINK(""http://builder.page2site.com/sites/add/fbid:131558733707076"", ""Create"")"
"Reflexology Massage Therapy",21,"Simply Zen Massage Therapy & Reflexology","(615) 804-2395",http://www.simplyzen.massagetherapy.com,"United States",1,Hendersonville,"Spas/beauty/personal care","[{""id"":""259030350843802"",""name"":""Aromatherapy""},{""id"":""109578329118821"",""name"":""Massage""}]",118,1,363661573734680,http://www.facebook.com/363661573734680,"=HYPERLINK(""http://www.facebook.com/363661573734680/?sk=info"", ""363661573734680"")","=HYPERLINK(""http://builder.page2site.com/sites/add/fbid:363661573734680"", ""Create"")"
"Reflexology Massage Therapy",22,"Reflex Works Inc. Reflexology and Massage Therapy","780-484-3949 or cell: 780-953-7940",http://facebook.com/reflex.works,Canada,1,Edmonton,Health/medical/pharmacy,"[{""id"":""357645644269220"",""name"":""Alternative & Holistic Health""}]",124,1,182606378471952,http://www.facebook.com/182606378471952,"=HYPERLINK(""http://www.facebook.com/182606378471952/?sk=info"", ""182606378471952"")","=HYPERLINK(""http://builder.page2site.com/sites/add/fbid:182606378471952"", ""Create"")"
"Reflexology Massage Therapy",23,"HandZenFeet Massage Therapy & Reflexology","(937) 252-9438",,"United States",1,Dayton,Health/medical/pharmacy,"[{""id"":""145118935550090"",""name"":""Medical & Health""}]",21,,248769015203582,http://www.facebook.com/248769015203582,"=HYPERLINK(""http://www.facebook.com/248769015203582/?sk=info"", ""248769015203582"")","=HYPERLINK(""http://builder.page2site.com/sites/add/fbid:248769015203582"", ""Create"")"
"Reflexology Massage Therapy",24,"Equilibra Registered Massage Therapy & Reflexology",604-846-4341,www.equilibra.ca,Canada,1,Chilliwack,Health/medical/pharmacy,"[{""id"":""109578329118821"",""name"":""Massage""},{""id"":""181885068517499"",""name"":""Physical Therapist""}]",91,,121395011256449,http://www.facebook.com/121395011256449,"=HYPERLINK(""http://www.facebook.com/121395011256449/?sk=info"", ""121395011256449"")","=HYPERLINK(""http://builder.page2site.com/sites/add/fbid:121395011256449"", ""Create"")"
"Reflexology Massage Therapy",25,"Massage Therapy & Reflexology","(832) 576-8914",,"United States",1,Houston,"Spas/beauty/personal care","[{""id"":""109578329118821"",""name"":""Massage""}]",20,,203992042964734,http://www.facebook.com/203992042964734,"=HYPERLINK(""http://www.facebook.com/203992042964734/?sk=info"", ""203992042964734"")","=HYPERLINK(""http://builder.page2site.com/sites/add/fbid:203992042964734"", ""Create"")"
"Reflexology Massage Therapy",26,"Massage Therapy and Reflexology For Life RI","(401) 965-9756",http://www.providencereflexology.com,"United States",1,"East Greenwich",Health/medical/pharmacy,"[{""id"":""145118935550090"",""name"":""Medical & Health""},{""id"":""109578329118821"",""name"":""Massage""}]",62,,340194979421939,http://www.facebook.com/340194979421939,"=HYPERLINK(""http://www.facebook.com/340194979421939/?sk=info"", ""340194979421939"")","=HYPERLINK(""http://builder.page2site.com/sites/add/fbid:340194979421939"", ""Create"")"
"Reflexology Massage Therapy",27,"Seeing Hands Reflexology and Massage Therapy",,<<not-applicable>>,Philippines,63,"Angeles City","Local business",,57,,283318055027468,http://www.facebook.com/283318055027468,"=HYPERLINK(""http://www.facebook.com/283318055027468/?sk=info"", ""283318055027468"")","=HYPERLINK(""http://builder.page2site.com/sites/add/fbid:283318055027468"", ""Create"")"
"Reflexology Massage Therapy",28,"Body and Sole Massage Therapy & Reflexology Center","(419) 873-SOLE (7653)",http://www.bodyandsolemassagetherapy.com/,"United States",1,Perrysburg,Health/beauty,"[{""id"":""2214"",""name"":""Health\/Beauty""}]",226,2,189707688811,http://www.facebook.com/189707688811,"=HYPERLINK(""http://www.facebook.com/189707688811/?sk=info"", ""189707688811"")","=HYPERLINK(""http://builder.page2site.com/sites/add/fbid:189707688811"", ""Create"")"
"Reflexology Massage Therapy",29,"EliteHD massage and reflexology therapy",,,"United Kingdom",44,"Sutton Coldfield","Spas/beauty/personal care",,80,1,512935068810641,http://www.facebook.com/512935068810641,"=HYPERLINK(""http://www.facebook.com/512935068810641/?sk=info"", ""512935068810641"")","=HYPERLINK(""http://builder.page2site.com/sites/add/fbid:512935068810641"", ""Create"")"
"Reflexology Massage Therapy",30,"Donna Blouch Massage Therapy and Reflexology","717-866-2032 or 507-8041",http://www.donnablouch.massagetherapy.com,"United States",1,Myerstown,"Local business","[{""id"":""109578329118821"",""name"":""Massage""},{""id"":""145118935550090"",""name"":""Medical & Health""}]",13,,106256506065950,http://www.facebook.com/106256506065950,"=HYPERLINK(""http://www.facebook.com/106256506065950/?sk=info"", ""106256506065950"")","=HYPERLINK(""http://builder.page2site.com/sites/add/fbid:106256506065950"", ""Create"")"
"Reflexology Massage Therapy",31,"Allison Dickman - Massage Therapy, Reflexology, MFR","(715) 891-8118",,"United States",1,Bozeman,"Spas/beauty/personal care","[{""id"":""2510"",""name"":""Spas\/Beauty\/Personal Care""}]",25,,198726006832203,http://www.facebook.com/198726006832203,"=HYPERLINK(""http://www.facebook.com/198726006832203/?sk=info"", ""198726006832203"")","=HYPERLINK(""http://builder.page2site.com/sites/add/fbid:198726006832203"", ""Create"")"
"Reflexology Massage Therapy",32,"Acupuncture.Massage Therapy.Reflexology",403-343-7898,"www.coateschiropractic.ca
www.acupuncturealberta.ca",Canada,1,"Red Deer",Health/medical/pharmacy,"[{""id"":""145118935550090"",""name"":""Medical & Health""}]",41,,206289089389504,http://www.facebook.com/206289089389504,"=HYPERLINK(""http://www.facebook.com/206289089389504/?sk=info"", ""206289089389504"")","=HYPERLINK(""http://builder.page2site.com/sites/add/fbid:206289089389504"", ""Create"")"
"Reflexology Massage Therapy",33,"Reflexion of the Soul - Reflexology and Indian Head Massage therapy",,"www.reflexionofthesoul.com ","United Kingdom",44,Tonbridge,Health/beauty,,168,,104554099638103,http://www.facebook.com/104554099638103,"=HYPERLINK(""http://www.facebook.com/104554099638103/?sk=info"", ""104554099638103"")","=HYPERLINK(""http://builder.page2site.com/sites/add/fbid:104554099638103"", ""Create"")"
"Reflexology Massage Therapy",34,"RS Foot Reflexology & Massage Therapy","(540) 831-8888",relaxationstudio.webs.com,"United States",1,Sterling,"Spas/beauty/personal care","[{""id"":""211987392145473"",""name"":""Health Spa""}]",17,,205175102959498,http://www.facebook.com/205175102959498,"=HYPERLINK(""http://www.facebook.com/205175102959498/?sk=info"", ""205175102959498"")","=HYPERLINK(""http://builder.page2site.com/sites/add/fbid:205175102959498"", ""Create"")"
"Reflexology Massage Therapy",35,"Dani's Massage Therapy and Reflexology","(630) 743-9963",,"United States",1,Westmont,"Local business",,22,,176084159099820,http://www.facebook.com/176084159099820,"=HYPERLINK(""http://www.facebook.com/176084159099820/?sk=info"", ""176084159099820"")","=HYPERLINK(""http://builder.page2site.com/sites/add/fbid:176084159099820"", ""Create"")"
"Reflexology Massage Therapy",36,"Aromacalm -  Reflexology, Massage Therapy, Facials & Holistic Treatments",07875403184,<<not-applicable>>,"United Kingdom",44,Derry,"Spas/beauty/personal care",,124,,195828357102496,http://www.facebook.com/195828357102496,"=HYPERLINK(""http://www.facebook.com/195828357102496/?sk=info"", ""195828357102496"")","=HYPERLINK(""http://builder.page2site.com/sites/add/fbid:195828357102496"", ""Create"")"
"Reflexology Massage Therapy",37,"Reflexology Massage Therapy",0812-6002-1884,,Indonesia,62,Padangsidimpuan,"Professional services",,51,,142681469223697,http://www.facebook.com/142681469223697,"=HYPERLINK(""http://www.facebook.com/142681469223697/?sk=info"", ""142681469223697"")","=HYPERLINK(""http://builder.page2site.com/sites/add/fbid:142681469223697"", ""Create"")"
"Reflexology Massage Therapy",38,"Teresa Meier Sports Massage Therapy & Reflexology",07786624377,www.teresameier.co.uk,"United Kingdom",44,Chelmsford,"Local business","[{""id"":""190310404327530"",""name"":""Podiatrist""},{""id"":""357645644269220"",""name"":""Alternative & Holistic Health""}]",102,,164924686855358,http://www.facebook.com/164924686855358,"=HYPERLINK(""http://www.facebook.com/164924686855358/?sk=info"", ""164924686855358"")","=HYPERLINK(""http://builder.page2site.com/sites/add/fbid:164924686855358"", ""Create"")"
"Reflexology Massage Therapy",39,"Texas Massage Therapy Online 12 hr CEU Lymphatics Trigger Point Reflexology",,http://www.myceu.net/,,,,"Education website",,5,1,544660018967702,http://www.facebook.com/544660018967702,"=HYPERLINK(""http://www.facebook.com/544660018967702/?sk=info"", ""544660018967702"")","=HYPERLINK(""http://builder.page2site.com/sites/add/fbid:544660018967702"", ""Create"")"
"Reflexology Massage Therapy",40,"BL Bodycare - Bowen Therapy, Massage, Reflexology & Sports treatments","07866 77 83 85","http://blbodycare.co.uk http://twitter.com/GillyBilly06","United Kingdom",44,Blackburn,Health/medical/pharmacy,"[{""id"":""109578329118821"",""name"":""Massage""}]",17,,439527319455027,http://www.facebook.com/439527319455027,"=HYPERLINK(""http://www.facebook.com/439527319455027/?sk=info"", ""439527319455027"")","=HYPERLINK(""http://builder.page2site.com/sites/add/fbid:439527319455027"", ""Create"")"
"Reflexology Massage Therapy",41,"Crossroad Wellness ~ Reflexology, Reiki, Massage","(724) 787-4215",http://www.crossroadwellness.com,"United States",1,Greensburg,"Spas/beauty/personal care","[{""id"":""109578329118821"",""name"":""Massage""},{""id"":""369730359717478"",""name"":""Other""},{""id"":""200814353265561"",""name"":""Spa""}]",278,,193162242335,http://www.facebook.com/193162242335,"=HYPERLINK(""http://www.facebook.com/193162242335/?sk=info"", ""193162242335"")","=HYPERLINK(""http://builder.page2site.com/sites/add/fbid:193162242335"", ""Create"")"
"Reflexology Massage Therapy",42,"Deep Tissue Massage - Beauty Therapy - Reflexology",0273191170,,"New Zealand",64,Hamilton,"Spas/beauty/personal care","[{""id"":""139225689474222"",""name"":""Spa, Beauty & Personal Care""}]",40,1,567415689963742,http://www.facebook.com/567415689963742,"=HYPERLINK(""http://www.facebook.com/567415689963742/?sk=info"", ""567415689963742"")","=HYPERLINK(""http://builder.page2site.com/sites/add/fbid:567415689963742"", ""Create"")"
"Reflexology Massage Therapy",43,"DrammaBaramee& Thai Massage therapy & reflexology ,head massage ,",,http://Www.thaithaimassage.com,,,,"Health/wellness website",,10,,1422946281317340,http://www.facebook.com/1422946281317340,"=HYPERLINK(""http://www.facebook.com/1422946281317340/?sk=info"", ""1422946281317340"")","=HYPERLINK(""http://builder.page2site.com/sites/add/fbid:1422946281317340"", ""Create"")"
"Reflexology Massage Therapy",44,"Roots N Wings Ranch Reflexology & Relaxation Back Massage Therapy",12043041263,,Canada,1,Altona,"Spas/beauty/personal care","[{""id"":""139225689474222"",""name"":""Spa, Beauty & Personal Care""}]",24,5,799627893416599,http://www.facebook.com/799627893416599,"=HYPERLINK(""http://www.facebook.com/799627893416599/?sk=info"", ""799627893416599"")","=HYPERLINK(""http://builder.page2site.com/sites/add/fbid:799627893416599"", ""Create"")"
"Reflexology Massage Therapy",45,"Massage Therapy and Bodyworks Reflexology Aromatherapy Thai",,,,,,"Concentration or major",,,,416750598472670,http://www.facebook.com/416750598472670,"=HYPERLINK(""http://www.facebook.com/416750598472670/?sk=info"", ""416750598472670"")","=HYPERLINK(""http://builder.page2site.com/sites/add/fbid:416750598472670"", ""Create"")"
"Reflexology Massage Therapy",46,"Beauty & Massage Therapy Aromatherapy Reflexology",,,,,,"Concentration or major",,,,839805016040381,http://www.facebook.com/839805016040381,"=HYPERLINK(""http://www.facebook.com/839805016040381/?sk=info"", ""839805016040381"")","=HYPERLINK(""http://builder.page2site.com/sites/add/fbid:839805016040381"", ""Create"")"
"Reflexology Massage Therapy",47,"Reflexology Massage and Wellness Therapy (BATCH_11)",0918571871,www.reflexology.com,Philippines,63,"Pasay City",Organization,,30,,159182564121031,http://www.facebook.com/159182564121031,"=HYPERLINK(""http://www.facebook.com/159182564121031/?sk=info"", ""159182564121031"")","=HYPERLINK(""http://builder.page2site.com/sites/add/fbid:159182564121031"", ""Create"")"
"Reflexology Massage Therapy",48,"Anatomy/ Physiology, Nutrition, Reflexology and Massage therapy",,,,,,"Concentration or major",,,,297320173800522,http://www.facebook.com/297320173800522,"=HYPERLINK(""http://www.facebook.com/297320173800522/?sk=info"", ""297320173800522"")","=HYPERLINK(""http://builder.page2site.com/sites/add/fbid:297320173800522"", ""Create"")"
"Reflexology Massage Therapy",49,"Energy Healing and Remedial Massage Therapy","08 82691312 mob. 0408600662",www.nancywaye.com,Australia,61,Prospect,"Professional services","[{""id"":""357645644269220"",""name"":""Alternative & Holistic Health""}]",101,,171705726189680,http://www.facebook.com/171705726189680,"=HYPERLINK(""http://www.facebook.com/171705726189680/?sk=info"", ""171705726189680"")","=HYPERLINK(""http://builder.page2site.com/sites/add/fbid:171705726189680"", ""Create"")"
"Reflexology Massage Therapy",50,"¤ Reflexology Massage Therapy ¤",,,,,,Community,,1,,1424183441191931,http://www.facebook.com/1424183441191931,"=HYPERLINK(""http://www.facebook.com/1424183441191931/?sk=info"", ""1424183441191931"")","=HYPERLINK(""http://builder.page2site.com/sites/add/fbid:1424183441191931"", ""Create"")"
"Reflexology Massage Therapy",51,"Pelatihan therapy massage,reflexolog,akupresur,akupuntur dan lowongan kerja",087743166610,,,,,"Professional services",,29,,260069774202724,http://www.facebook.com/260069774202724,"=HYPERLINK(""http://www.facebook.com/260069774202724/?sk=info"", ""260069774202724"")","=HYPERLINK(""http://builder.page2site.com/sites/add/fbid:260069774202724"", ""Create"")"
"Reflexology Massage Therapy",52,"LMT Medical Massage Therapy, Reflexology at HER Total Fitness","(513) 444-4212",,"United States",1,Landen,"Spas/beauty/personal care","[{""id"":""2510"",""name"":""Spas\/Beauty\/Personal Care""}]",,,673449942763184,http://www.facebook.com/673449942763184,"=HYPERLINK(""http://www.facebook.com/673449942763184/?sk=info"", ""673449942763184"")","=HYPERLINK(""http://builder.page2site.com/sites/add/fbid:673449942763184"", ""Create"")"
"Reflexology Massage Therapy",53,"Neuromuscular Massage Therapist, Sports Massagee Therapist, Lymphatic Drainage, FootReflexology, Myofascial Release, Trigger Point Therapy,",,,,,,"Work position",,,,857720837586093,http://www.facebook.com/857720837586093,"=HYPERLINK(""http://www.facebook.com/857720837586093/?sk=info"", ""857720837586093"")","=HYPERLINK(""http://builder.page2site.com/sites/add/fbid:857720837586093"", ""Create"")"
"Reflexology Massage Therapy",54,"Klp Therapy Foot Reflexology - Temerloh",09-2964036,http://www.klp.com.my,Malaysia,60,Temerloh,"Spas/beauty/personal care","[{""id"":""109578329118821"",""name"":""Massage""}]",62,,280668448757940,http://www.facebook.com/280668448757940,"=HYPERLINK(""http://www.facebook.com/280668448757940/?sk=info"", ""280668448757940"")","=HYPERLINK(""http://builder.page2site.com/sites/add/fbid:280668448757940"", ""Create"")"
"Reflexology Massage Therapy",55,"Halite Food Reflexology & Massage Therapy",,,"Hong Kong",852,"Causeway Bay","Local business","[{""id"":""139225689474222"",""name"":""Spa, Beauty & Personal Care""}]",7,,142507775811360,http://www.facebook.com/142507775811360,"=HYPERLINK(""http://www.facebook.com/142507775811360/?sk=info"", ""142507775811360"")","=HYPERLINK(""http://builder.page2site.com/sites/add/fbid:142507775811360"", ""Create"")"
"Reflexology Massage Therapy",56,"Moses Reflexology & Therapy",,,Singapore,65,Singapore,"Local business","[{""id"":""109578329118821"",""name"":""Massage""}]",3,,130129717157409,http://www.facebook.com/130129717157409,"=HYPERLINK(""http://www.facebook.com/130129717157409/?sk=info"", ""130129717157409"")","=HYPERLINK(""http://builder.page2site.com/sites/add/fbid:130129717157409"", ""Create"")"
"Reflexology Massage Therapy",57,"Massage Therapy & Reflexology","(814) 643-7359",,"United States",1,Huntingdon,"Local business","[{""id"":""109578329118821"",""name"":""Massage""}]",1,,155162814519608,http://www.facebook.com/155162814519608,"=HYPERLINK(""http://www.facebook.com/155162814519608/?sk=info"", ""155162814519608"")","=HYPERLINK(""http://builder.page2site.com/sites/add/fbid:155162814519608"", ""Create"")"
"Reflexology Massage Therapy",58,"Reflexology & Massage Therapy Center","(580) 678-0803",,"United States",1,Lawton,"Local business","[{""id"":""357645644269220"",""name"":""Alternative & Holistic Health""},{""id"":""139225689474222"",""name"":""Spa, Beauty & Personal Care""}]",,,155601354479690,http://www.facebook.com/155601354479690,"=HYPERLINK(""http://www.facebook.com/155601354479690/?sk=info"", ""155601354479690"")","=HYPERLINK(""http://builder.page2site.com/sites/add/fbid:155601354479690"", ""Create"")"
"Reflexology Massage Therapy",59,"House of Reflexology & Massage Therapy","(419) 362-8210",,"United States",1,Bellville,"Local business","[{""id"":""109578329118821"",""name"":""Massage""}]",,,152498111459123,http://www.facebook.com/152498111459123,"=HYPERLINK(""http://www.facebook.com/152498111459123/?sk=info"", ""152498111459123"")","=HYPERLINK(""http://builder.page2site.com/sites/add/fbid:152498111459123"", ""Create"")"
"Reflexology Massage Therapy",60,"Tender Touch Massage Therapy & Reflexology","(509) 928-2716",,"United States",1,"Otis Orchards","Local business","[{""id"":""109578329118821"",""name"":""Massage""}]",,,168468386503991,http://www.facebook.com/168468386503991,"=HYPERLINK(""http://www.facebook.com/168468386503991/?sk=info"", ""168468386503991"")","=HYPERLINK(""http://builder.page2site.com/sites/add/fbid:168468386503991"", ""Create"")"
"Reflexology Massage Therapy",61,"CD Therapy - Reflexology & Massage","07 859 1009",,"New Zealand",64,Hamilton,"Spas/beauty/personal care","[{""id"":""139225689474222"",""name"":""Spa, Beauty & Personal Care""}]",3,,297978086904076,http://www.facebook.com/297978086904076,"=HYPERLINK(""http://www.facebook.com/297978086904076/?sk=info"", ""297978086904076"")","=HYPERLINK(""http://builder.page2site.com/sites/add/fbid:297978086904076"", ""Create"")"
"Reflexology Massage Therapy",62,"Reflexology and Massage Therapy","+27 71 083 8721",http://www.nicolemarshall.co.za,"South Africa",27,Tamboerskloof,"Spas/beauty/personal care","[{""id"":""109578329118821"",""name"":""Massage""},{""id"":""357645644269220"",""name"":""Alternative & Holistic Health""},{""id"":""200814353265561"",""name"":""Spa""}]",6,,155056844699514,http://www.facebook.com/155056844699514,"=HYPERLINK(""http://www.facebook.com/155056844699514/?sk=info"", ""155056844699514"")","=HYPERLINK(""http://builder.page2site.com/sites/add/fbid:155056844699514"", ""Create"")"
"Reflexology Massage Therapy",63,"Massage Therapy, Shiatsu, Reflexology","55 (31) 3552-0188",,Brazil,55,"Santa Rita de Ouro Prêto","Spas/beauty/personal care","[{""id"":""139225689474222"",""name"":""Spa, Beauty & Personal Care""}]",,,624215294322104,http://www.facebook.com/624215294322104,"=HYPERLINK(""http://www.facebook.com/624215294322104/?sk=info"", ""624215294322104"")","=HYPERLINK(""http://builder.page2site.com/sites/add/fbid:624215294322104"", ""Create"")"
"Reflexology Massage Therapy",64,"A Caring Touch Massage Therapy & Reflexology","(406) 855-0050",,"United States",1,Billings,"Local business","[{""id"":""109578329118821"",""name"":""Massage""},{""id"":""145118935550090"",""name"":""Medical & Health""}]",,,119707634753180,http://www.facebook.com/119707634753180,"=HYPERLINK(""http://www.facebook.com/119707634753180/?sk=info"", ""119707634753180"")","=HYPERLINK(""http://builder.page2site.com/sites/add/fbid:119707634753180"", ""Create"")"
"Reflexology Massage Therapy",65,"Divine Wellness Reflexology Massage Therapy by Karen A Silvers","(423) 272-3884",,"United States",1,Rogersville,"Local business","[{""id"":""109578329118821"",""name"":""Massage""}]",2,,159112047442531,http://www.facebook.com/159112047442531,"=HYPERLINK(""http://www.facebook.com/159112047442531/?sk=info"", ""159112047442531"")","=HYPERLINK(""http://builder.page2site.com/sites/add/fbid:159112047442531"", ""Create"")"
"Reflexology Massage Therapy",66,"Ems Shiatzu Massage therapy and reflexology experties",09082279305,,Philippines,63,Lambayong,"Professional services","[{""id"":""176831012360626"",""name"":""Professional Services""}]",10,2,598935596784502,http://www.facebook.com/598935596784502,"=HYPERLINK(""http://www.facebook.com/598935596784502/?sk=info"", ""598935596784502"")","=HYPERLINK(""http://builder.page2site.com/sites/add/fbid:598935596784502"", ""Create"")"
"Reflexology Massage Therapy",67,"NAPA Touch Massage Reflexology Somatics & Cranial Sacral Therapy","(707) 259-1715",,"United States",1,Napa,"Local business","[{""id"":""181885068517499"",""name"":""Physical Therapist""}]",8,,151714734870730,http://www.facebook.com/151714734870730,"=HYPERLINK(""http://www.facebook.com/151714734870730/?sk=info"", ""151714734870730"")","=HYPERLINK(""http://builder.page2site.com/sites/add/fbid:151714734870730"", ""Create"")"
