Keyword,#,Name,Phone,Website,Country,"Country code",City,Category,"Category List",Likes,"Talking about","Facebook ID","Facebook Url","Facebook Page Link","P2S Website"
"Relaxation Therapy",0,"Leah's Relaxation Therapy","0419 357 722",,Australia,61,Craigieburn,"Spas/beauty/personal care","[{""id"":""139225689474222"",""name"":""Spa, Beauty & Personal Care""}]",396,,208712189151994,http://www.facebook.com/208712189151994,"=HYPERLINK(""http://www.facebook.com/208712189151994/?sk=info"", ""208712189151994"")","=HYPERLINK(""http://builder.page2site.com/sites/add/fbid:208712189151994"", ""Create"")"
"Relaxation Therapy",1,"Pure Relaxation Massage Therapy","(956) 742-8496",http://www.pure-relaxation.abmp.com,"United States",1,"San Benito","Spas/beauty/personal care","[{""id"":""139225689474222"",""name"":""Spa, Beauty & Personal Care""}]",163,,147463638732654,http://www.facebook.com/147463638732654,"=HYPERLINK(""http://www.facebook.com/147463638732654/?sk=info"", ""147463638732654"")","=HYPERLINK(""http://builder.page2site.com/sites/add/fbid:147463638732654"", ""Create"")"
"Relaxation Therapy",2,"The Attik | Relaxation Therapy","0191 2578877",www.theattik.co.uk,"United Kingdom",44,"Newcastle upon Tyne",Health/beauty,"[{""id"":""357645644269220"",""name"":""Alternative & Holistic Health""}]",316,39,292396750781282,http://www.facebook.com/292396750781282,"=HYPERLINK(""http://www.facebook.com/292396750781282/?sk=info"", ""292396750781282"")","=HYPERLINK(""http://builder.page2site.com/sites/add/fbid:292396750781282"", ""Create"")"
"Relaxation Therapy",3,"Balance Relaxation Therapy",613-255-7934,http://balancerelaxationtherapy.com/welcome.html,Canada,1,Ottawa,"Professional services","[{""id"":""139225689474222"",""name"":""Spa, Beauty & Personal Care""},{""id"":""357645644269220"",""name"":""Alternative & Holistic Health""}]",166,7,304225256297629,http://www.facebook.com/304225256297629,"=HYPERLINK(""http://www.facebook.com/304225256297629/?sk=info"", ""304225256297629"")","=HYPERLINK(""http://builder.page2site.com/sites/add/fbid:304225256297629"", ""Create"")"
"Relaxation Therapy",4,"Relaxation and Sports Therapy",07818890378,http://www.relaxationandsportsmassagetherapy.co.uk,"United Kingdom",44,"Merthyr Tudful","Professional services","[{""id"":""109578329118821"",""name"":""Massage""}]",212,,639953836070934,http://www.facebook.com/639953836070934,"=HYPERLINK(""http://www.facebook.com/639953836070934/?sk=info"", ""639953836070934"")","=HYPERLINK(""http://builder.page2site.com/sites/add/fbid:639953836070934"", ""Create"")"
"Relaxation Therapy",5,"PURE Relaxation Massage Therapy",0434161789,,Australia,61,Brisbane,"Spas/beauty/personal care","[{""id"":""109578329118821"",""name"":""Massage""}]",195,,1451919825027849,http://www.facebook.com/1451919825027849,"=HYPERLINK(""http://www.facebook.com/1451919825027849/?sk=info"", ""1451919825027849"")","=HYPERLINK(""http://builder.page2site.com/sites/add/fbid:1451919825027849"", ""Create"")"
"Relaxation Therapy",6,"Relaxation Massage Therapy",0422076296,,Australia,61,Raworth,"Local business","[{""id"":""109578329118821"",""name"":""Massage""}]",98,,495238060524006,http://www.facebook.com/495238060524006,"=HYPERLINK(""http://www.facebook.com/495238060524006/?sk=info"", ""495238060524006"")","=HYPERLINK(""http://builder.page2site.com/sites/add/fbid:495238060524006"", ""Create"")"
"Relaxation Therapy",7,"Relaxation & Remedial Therapy UK",07725117520,http://www.rrtherapyuk.com/,"United Kingdom",44,"Leighton Buzzard",Health/medical/pharmacy,"[{""id"":""184405378265823"",""name"":""Gym""},{""id"":""109578329118821"",""name"":""Massage""}]",167,,178929292258227,http://www.facebook.com/178929292258227,"=HYPERLINK(""http://www.facebook.com/178929292258227/?sk=info"", ""178929292258227"")","=HYPERLINK(""http://builder.page2site.com/sites/add/fbid:178929292258227"", ""Create"")"
"Relaxation Therapy",8,"Kneading Relaxation Massage Therapy","(270) 791-4683",www.kneadingrelaxationbg.com,"United States",1,"Bowling Green","Professional services","[{""id"":""109578329118821"",""name"":""Massage""}]",176,20,270932729592921,http://www.facebook.com/270932729592921,"=HYPERLINK(""http://www.facebook.com/270932729592921/?sk=info"", ""270932729592921"")","=HYPERLINK(""http://builder.page2site.com/sites/add/fbid:270932729592921"", ""Create"")"
"Relaxation Therapy",9,"Relaxation Therapy",306-425-9005,,Canada,1,"La Ronge","Spas/beauty/personal care","[{""id"":""139225689474222"",""name"":""Spa, Beauty & Personal Care""}]",,,601044749943364,http://www.facebook.com/601044749943364,"=HYPERLINK(""http://www.facebook.com/601044749943364/?sk=info"", ""601044749943364"")","=HYPERLINK(""http://builder.page2site.com/sites/add/fbid:601044749943364"", ""Create"")"
"Relaxation Therapy",10,"Relaxation Station Massage Therapy & Bodywork Studio","(919) 570-0019",www.luvinmudda.biz,"United States",1,"Wake Forest","Local business","[{""id"":""109578329118821"",""name"":""Massage""},{""id"":""259030350843802"",""name"":""Aromatherapy""},{""id"":""205950169432461"",""name"":""Day Spa""}]",190,1,200485176290,http://www.facebook.com/200485176290,"=HYPERLINK(""http://www.facebook.com/200485176290/?sk=info"", ""200485176290"")","=HYPERLINK(""http://builder.page2site.com/sites/add/fbid:200485176290"", ""Create"")"
"Relaxation Therapy",11,"Thai Relaxation Therapy",01708921674,http://www.thairelaxationtherapy.co.uk,"United Kingdom",44,Hornchurch,"Spas/beauty/personal care","[{""id"":""109578329118821"",""name"":""Massage""},{""id"":""211987392145473"",""name"":""Health Spa""}]",288,,1509344352622491,http://www.facebook.com/1509344352622491,"=HYPERLINK(""http://www.facebook.com/1509344352622491/?sk=info"", ""1509344352622491"")","=HYPERLINK(""http://builder.page2site.com/sites/add/fbid:1509344352622491"", ""Create"")"
"Relaxation Therapy",12,"C's Relaxation Therapy","(540) 825-6821",,"United States",1,Culpeper,"Professional services","[{""id"":""129417183848258"",""name"":""Just For Fun""}]",106,7,541441555920366,http://www.facebook.com/541441555920366,"=HYPERLINK(""http://www.facebook.com/541441555920366/?sk=info"", ""541441555920366"")","=HYPERLINK(""http://builder.page2site.com/sites/add/fbid:541441555920366"", ""Create"")"
"Relaxation Therapy",13,"Relaxation Room Massage Therapy Studio","(603) 785-0398","under construction...","United States",1,Auburn,"Spas/beauty/personal care","[{""id"":""109578329118821"",""name"":""Massage""}]",188,1,181859391852168,http://www.facebook.com/181859391852168,"=HYPERLINK(""http://www.facebook.com/181859391852168/?sk=info"", ""181859391852168"")","=HYPERLINK(""http://builder.page2site.com/sites/add/fbid:181859391852168"", ""Create"")"
"Relaxation Therapy",14,"Chantelle's Relaxation Massage Therapy",13068610307,,Canada,1,Midale,Health/beauty,"[{""id"":""2214"",""name"":""Health\/Beauty""}]",60,,215162975340003,http://www.facebook.com/215162975340003,"=HYPERLINK(""http://www.facebook.com/215162975340003/?sk=info"", ""215162975340003"")","=HYPERLINK(""http://builder.page2site.com/sites/add/fbid:215162975340003"", ""Create"")"
"Relaxation Therapy",15,"Mani's relaxation therapy",0423733744,,Australia,61,Sydney,"Professional services","[{""id"":""109578329118821"",""name"":""Massage""}]",114,,588648137854251,http://www.facebook.com/588648137854251,"=HYPERLINK(""http://www.facebook.com/588648137854251/?sk=info"", ""588648137854251"")","=HYPERLINK(""http://builder.page2site.com/sites/add/fbid:588648137854251"", ""Create"")"
"Relaxation Therapy",16,"Oriental Relaxation Therapy",,,"United States",1,Boston,"Local business","[{""id"":""2500"",""name"":""Local Business""}]",,1,144076769069958,http://www.facebook.com/144076769069958,"=HYPERLINK(""http://www.facebook.com/144076769069958/?sk=info"", ""144076769069958"")","=HYPERLINK(""http://builder.page2site.com/sites/add/fbid:144076769069958"", ""Create"")"
"Relaxation Therapy",17,"Relax Massage Therapy",,http://www.relaxstoughton.com,"United States",1,Stoughton,"Spas/beauty/personal care","[{""id"":""109578329118821"",""name"":""Massage""}]",761,86,220318374690548,http://www.facebook.com/220318374690548,"=HYPERLINK(""http://www.facebook.com/220318374690548/?sk=info"", ""220318374690548"")","=HYPERLINK(""http://builder.page2site.com/sites/add/fbid:220318374690548"", ""Create"")"
"Relaxation Therapy",18,"Total Relaxation Therapy","Jacqui 0423 256 018",www.totalrelaxationtherapy.com.au,Australia,61,Richmond,"Local business",,177,10,144415445593193,http://www.facebook.com/144415445593193,"=HYPERLINK(""http://www.facebook.com/144415445593193/?sk=info"", ""144415445593193"")","=HYPERLINK(""http://builder.page2site.com/sites/add/fbid:144415445593193"", ""Create"")"
"Relaxation Therapy",19,"Relax Therapy",,http://www.youtube.com/user/musicrelaxtherapy?feature=mhee,,,,"Record label",,977,7,242847455808950,http://www.facebook.com/242847455808950,"=HYPERLINK(""http://www.facebook.com/242847455808950/?sk=info"", ""242847455808950"")","=HYPERLINK(""http://builder.page2site.com/sites/add/fbid:242847455808950"", ""Create"")"
"Relaxation Therapy",20,"Relaxation Therapy",,http://www.jemsnets.com,,,,"App page",,17,1,461035067318372,http://www.facebook.com/461035067318372,"=HYPERLINK(""http://www.facebook.com/461035067318372/?sk=info"", ""461035067318372"")","=HYPERLINK(""http://builder.page2site.com/sites/add/fbid:461035067318372"", ""Create"")"
"Relaxation Therapy",21,"RELAX massage therapy",6979744764,https://www.facebook.com/maria.kanavoura,,,,Health/beauty,,135,4,608936785823368,http://www.facebook.com/608936785823368,"=HYPERLINK(""http://www.facebook.com/608936785823368/?sk=info"", ""608936785823368"")","=HYPERLINK(""http://builder.page2site.com/sites/add/fbid:608936785823368"", ""Create"")"
"Relaxation Therapy",22,"Relax: Massage Therapy","(608) 359-8779",http://relaxmassagetherapy.weebly.com/,"United States",1,Janesville,"Spas/beauty/personal care","[{""id"":""109578329118821"",""name"":""Massage""}]",115,15,651515038278579,http://www.facebook.com/651515038278579,"=HYPERLINK(""http://www.facebook.com/651515038278579/?sk=info"", ""651515038278579"")","=HYPERLINK(""http://builder.page2site.com/sites/add/fbid:651515038278579"", ""Create"")"
"Relaxation Therapy",23,"Relax! Massage Therapy","(910) 262-1122",www.relaxwilmington.com,"United States",1,Wilmington,"Local business","[{""id"":""109578329118821"",""name"":""Massage""},{""id"":""145118935550090"",""name"":""Medical & Health""}]",740,82,192381723503,http://www.facebook.com/192381723503,"=HYPERLINK(""http://www.facebook.com/192381723503/?sk=info"", ""192381723503"")","=HYPERLINK(""http://builder.page2site.com/sites/add/fbid:192381723503"", ""Create"")"
"Relaxation Therapy",24,"Revive Relaxation Therapy","(505) 258-4296",,"United States",1,Farmington,"Local business","[{""id"":""109578329118821"",""name"":""Massage""},{""id"":""138322342904312"",""name"":""Skin Care""}]",249,,388022211309057,http://www.facebook.com/388022211309057,"=HYPERLINK(""http://www.facebook.com/388022211309057/?sk=info"", ""388022211309057"")","=HYPERLINK(""http://builder.page2site.com/sites/add/fbid:388022211309057"", ""Create"")"
"Relaxation Therapy",25,"Relaxation Therapy","(501) 827-7831",,"United States",1,Searcy,Community,"[{""id"":""2612"",""name"":""Community""}]",15,,153656921481800,http://www.facebook.com/153656921481800,"=HYPERLINK(""http://www.facebook.com/153656921481800/?sk=info"", ""153656921481800"")","=HYPERLINK(""http://builder.page2site.com/sites/add/fbid:153656921481800"", ""Create"")"
"Relaxation Therapy",26,"Pegaz relax & therapy",516104864,http://pegaz-relaxterapy.pl/,Poland,48,Skórzewo,Health/medical/pharmacy,"[{""id"":""200814353265561"",""name"":""Spa""},{""id"":""139721016091877"",""name"":""Outdoor Recreation""},{""id"":""181885068517499"",""name"":""Physical Therapist""}]",165,9,616251461826216,http://www.facebook.com/616251461826216,"=HYPERLINK(""http://www.facebook.com/616251461826216/?sk=info"", ""616251461826216"")","=HYPERLINK(""http://builder.page2site.com/sites/add/fbid:616251461826216"", ""Create"")"
"Relaxation Therapy",27,"Chi Relaxation Therapy","(561) 729-7915",,"United States",1,Wellington,"Professional services","[{""id"":""176831012360626"",""name"":""Professional Services""}]",158,,268127419955017,http://www.facebook.com/268127419955017,"=HYPERLINK(""http://www.facebook.com/268127419955017/?sk=info"", ""268127419955017"")","=HYPERLINK(""http://builder.page2site.com/sites/add/fbid:268127419955017"", ""Create"")"
"Relaxation Therapy",28,"Reflexo Relax Therapy",0745-89-22-25,,Romania,40,Targu-Mures,"Local business","[{""id"":""211987392145473"",""name"":""Health Spa""},{""id"":""109578329118821"",""name"":""Massage""},{""id"":""181885068517499"",""name"":""Physical Therapist""}]",643,21,145446588822382,http://www.facebook.com/145446588822382,"=HYPERLINK(""http://www.facebook.com/145446588822382/?sk=info"", ""145446588822382"")","=HYPERLINK(""http://builder.page2site.com/sites/add/fbid:145446588822382"", ""Create"")"
"Relaxation Therapy",29,Relaxation&therapy,09269582953,,Philippines,63,Magalang,Community,,11,,119974201422271,http://www.facebook.com/119974201422271,"=HYPERLINK(""http://www.facebook.com/119974201422271/?sk=info"", ""119974201422271"")","=HYPERLINK(""http://builder.page2site.com/sites/add/fbid:119974201422271"", ""Create"")"
"Relaxation Therapy",30,"Music Therapy Relax & Healing Music",,http://www.healing-music.info,,,,"Radio station",,1037,6,170990740324,http://www.facebook.com/170990740324,"=HYPERLINK(""http://www.facebook.com/170990740324/?sk=info"", ""170990740324"")","=HYPERLINK(""http://builder.page2site.com/sites/add/fbid:170990740324"", ""Create"")"
"Relaxation Therapy",31,"Relaxation Therapy","(850) 723-4546",<<not-applicable>>,"United States",1,Pensacola,"Professional services",,3,,114196905319502,http://www.facebook.com/114196905319502,"=HYPERLINK(""http://www.facebook.com/114196905319502/?sk=info"", ""114196905319502"")","=HYPERLINK(""http://builder.page2site.com/sites/add/fbid:114196905319502"", ""Create"")"
"Relaxation Therapy",32,"Relax Renew Revive Massage Therapy","(860) 204-7539",http://www.newincites.com,"United States",1,Norwich,"Spas/beauty/personal care","[{""id"":""357645644269220"",""name"":""Alternative & Holistic Health""}]",880,67,387273381387674,http://www.facebook.com/387273381387674,"=HYPERLINK(""http://www.facebook.com/387273381387674/?sk=info"", ""387273381387674"")","=HYPERLINK(""http://builder.page2site.com/sites/add/fbid:387273381387674"", ""Create"")"
"Relaxation Therapy",33,"Healing Hands Massage & Relaxation Therapy","(781) 425-5464",http://www.ablehealinghands.com,"United States",1,Westwood,"Spas/beauty/personal care","[{""id"":""109578329118821"",""name"":""Massage""}]",55,1,444286279045945,http://www.facebook.com/444286279045945,"=HYPERLINK(""http://www.facebook.com/444286279045945/?sk=info"", ""444286279045945"")","=HYPERLINK(""http://builder.page2site.com/sites/add/fbid:444286279045945"", ""Create"")"
"Relaxation Therapy",34,"Relax & Revive Beauty Therapy","03 2178822"," www.facebook.com/RelaxReviveBeautyByLeni","New Zealand",64,Invercargill,"Spas/beauty/personal care","[{""id"":""139225689474222"",""name"":""Spa, Beauty & Personal Care""}]",714,149,401898756553149,http://www.facebook.com/401898756553149,"=HYPERLINK(""http://www.facebook.com/401898756553149/?sk=info"", ""401898756553149"")","=HYPERLINK(""http://builder.page2site.com/sites/add/fbid:401898756553149"", ""Create"")"
"Relaxation Therapy",35,"Relax Massage Therapy","(302) 366-8777",,"United States",1,Newark,"Local business","[{""id"":""2500"",""name"":""Local Business""}]",170,,117744564948773,http://www.facebook.com/117744564948773,"=HYPERLINK(""http://www.facebook.com/117744564948773/?sk=info"", ""117744564948773"")","=HYPERLINK(""http://builder.page2site.com/sites/add/fbid:117744564948773"", ""Create"")"
"Relaxation Therapy",36,"Creative Relaxation: Yoga Therapy for Special Needs","(800) 960-5072",http://yogaforspecialneeds.com/,"United States",1,Margate,Education,"[{""id"":""151676848220295"",""name"":""Education""}]",478,458,154287217966860,http://www.facebook.com/154287217966860,"=HYPERLINK(""http://www.facebook.com/154287217966860/?sk=info"", ""154287217966860"")","=HYPERLINK(""http://builder.page2site.com/sites/add/fbid:154287217966860"", ""Create"")"
"Relaxation Therapy",37,"Massage Therapy & Relaxation","(501) 545-9534",,"United States",1,"Oklahoma City","Spas/beauty/personal care","[{""id"":""109578329118821"",""name"":""Massage""}]",30,,183349285104414,http://www.facebook.com/183349285104414,"=HYPERLINK(""http://www.facebook.com/183349285104414/?sk=info"", ""183349285104414"")","=HYPERLINK(""http://builder.page2site.com/sites/add/fbid:183349285104414"", ""Create"")"
"Relaxation Therapy",38,"Massage Therapy, chinese massage, relaxing massage in Istanbul",00905075958980,https://sites.google.com/site/istanbultherapymassage/,Turkey,90,Bahçelievler,"Spas/beauty/personal care","[{""id"":""139225689474222"",""name"":""Spa, Beauty & Personal Care""}]",1876,32,522965684383649,http://www.facebook.com/522965684383649,"=HYPERLINK(""http://www.facebook.com/522965684383649/?sk=info"", ""522965684383649"")","=HYPERLINK(""http://builder.page2site.com/sites/add/fbid:522965684383649"", ""Create"")"
"Relaxation Therapy",39,"Body Relaxation Massage Therapy LLC","(262) 676-1589",,"United States",1,Kenosha,Health/medical/pharmacy,"[{""id"":""145118935550090"",""name"":""Medical & Health""}]",18,,893608077331348,http://www.facebook.com/893608077331348,"=HYPERLINK(""http://www.facebook.com/893608077331348/?sk=info"", ""893608077331348"")","=HYPERLINK(""http://builder.page2site.com/sites/add/fbid:893608077331348"", ""Create"")"
"Relaxation Therapy",40,"Trisha's pure relaxation massage therapy",07476881354,,"United Kingdom",44,"Long Eaton",Health/medical/pharmacy,"[{""id"":""109578329118821"",""name"":""Massage""}]",38,,505873216197192,http://www.facebook.com/505873216197192,"=HYPERLINK(""http://www.facebook.com/505873216197192/?sk=info"", ""505873216197192"")","=HYPERLINK(""http://builder.page2site.com/sites/add/fbid:505873216197192"", ""Create"")"
"Relaxation Therapy",41,"Sport Therapy and Relaxation",07506228446,,"United Kingdom",44,Scunthorpe,"Local business","[{""id"":""2500"",""name"":""Local Business""}]",104,,478655145481307,http://www.facebook.com/478655145481307,"=HYPERLINK(""http://www.facebook.com/478655145481307/?sk=info"", ""478655145481307"")","=HYPERLINK(""http://builder.page2site.com/sites/add/fbid:478655145481307"", ""Create"")"
"Relaxation Therapy",42,"Relaxation & Rehabilitation Massage Therapy","(440) 774-4000",,"United States",1,Oberlin,"Local business","[{""id"":""109578329118821"",""name"":""Massage""},{""id"":""145118935550090"",""name"":""Medical & Health""}]",2,,161362823887015,http://www.facebook.com/161362823887015,"=HYPERLINK(""http://www.facebook.com/161362823887015/?sk=info"", ""161362823887015"")","=HYPERLINK(""http://builder.page2site.com/sites/add/fbid:161362823887015"", ""Create"")"
"Relaxation Therapy",43,"Relaxation at Home, Beauty & Holistic Therapy","07989 905117",http://www.eileenwood.co.uk,"United Kingdom",44,Crail,"Spas/beauty/personal care","[{""id"":""139225689474222"",""name"":""Spa, Beauty & Personal Care""}]",174,9,143244125718880,http://www.facebook.com/143244125718880,"=HYPERLINK(""http://www.facebook.com/143244125718880/?sk=info"", ""143244125718880"")","=HYPERLINK(""http://builder.page2site.com/sites/add/fbid:143244125718880"", ""Create"")"
"Relaxation Therapy",44,"Complete Relaxation Massage Therapy","07801 298 642",,"United Kingdom",44,"East Barnet","Spas/beauty/personal care","[{""id"":""357645644269220"",""name"":""Alternative & Holistic Health""}]",35,,164638180370355,http://www.facebook.com/164638180370355,"=HYPERLINK(""http://www.facebook.com/164638180370355/?sk=info"", ""164638180370355"")","=HYPERLINK(""http://builder.page2site.com/sites/add/fbid:164638180370355"", ""Create"")"
"Relaxation Therapy",45,"Relax Therapy","07429 087271",,"United Kingdom",44,Warrington,"Spas/beauty/personal care","[{""id"":""109578329118821"",""name"":""Massage""},{""id"":""200814353265561"",""name"":""Spa""},{""id"":""259030350843802"",""name"":""Aromatherapy""}]",60,1,227000660826059,http://www.facebook.com/227000660826059,"=HYPERLINK(""http://www.facebook.com/227000660826059/?sk=info"", ""227000660826059"")","=HYPERLINK(""http://builder.page2site.com/sites/add/fbid:227000660826059"", ""Create"")"
"Relaxation Therapy",46,"Relax Massage Therapy-Krissy Tantillo LMT","(716) 930-1060",,"United States",1,Williamsville,"Professional services","[{""id"":""109578329118821"",""name"":""Massage""}]",786,18,662304503842587,http://www.facebook.com/662304503842587,"=HYPERLINK(""http://www.facebook.com/662304503842587/?sk=info"", ""662304503842587"")","=HYPERLINK(""http://builder.page2site.com/sites/add/fbid:662304503842587"", ""Create"")"
"Relaxation Therapy",47,"Relax Cork Spa & Holistic Therapy",0858610091,http://www.relaxspatherapycork.com,Ireland,353,Cork,"Spas/beauty/personal care","[{""id"":""139225689474222"",""name"":""Spa, Beauty & Personal Care""}]",690,22,174537282681720,http://www.facebook.com/174537282681720,"=HYPERLINK(""http://www.facebook.com/174537282681720/?sk=info"", ""174537282681720"")","=HYPERLINK(""http://builder.page2site.com/sites/add/fbid:174537282681720"", ""Create"")"
"Relaxation Therapy",48,"Relax Station Massage Therapy Studio",+359899826503,https://www.facebook.com/profile.php?id=1313356890&ref=tn_tnmn,Bulgaria,359,Sofia,"Spas/beauty/personal care","[{""id"":""109578329118821"",""name"":""Massage""}]",470,23,534261950001621,http://www.facebook.com/534261950001621,"=HYPERLINK(""http://www.facebook.com/534261950001621/?sk=info"", ""534261950001621"")","=HYPERLINK(""http://builder.page2site.com/sites/add/fbid:534261950001621"", ""Create"")"
"Relaxation Therapy",49,"Relax & Recover Massage Therapy","(347) 358-6242",http://www.relaxandrecovermassagetherapy.com/,"United States",1,"Staten Island",Health/medical/pharmacy,"[{""id"":""137847742955715"",""name"":""Clinic""},{""id"":""200814353265561"",""name"":""Spa""},{""id"":""134091706658568"",""name"":""Health Agency""}]",69,1,815675358450428,http://www.facebook.com/815675358450428,"=HYPERLINK(""http://www.facebook.com/815675358450428/?sk=info"", ""815675358450428"")","=HYPERLINK(""http://builder.page2site.com/sites/add/fbid:815675358450428"", ""Create"")"
"Relaxation Therapy",50,"Therapy Relaxation Music",,http://www.therapyrelaxationmusic.com/index.asp,,,,Movie,,25,1,271180286324037,http://www.facebook.com/271180286324037,"=HYPERLINK(""http://www.facebook.com/271180286324037/?sk=info"", ""271180286324037"")","=HYPERLINK(""http://builder.page2site.com/sites/add/fbid:271180286324037"", ""Create"")"
"Relaxation Therapy",51,"Relax Massage Therapy Charleville",0497842959,,Australia,61,Charleville,"Spas/beauty/personal care","[{""id"":""109578329118821"",""name"":""Massage""}]",189,26,561201464009211,http://www.facebook.com/561201464009211,"=HYPERLINK(""http://www.facebook.com/561201464009211/?sk=info"", ""561201464009211"")","=HYPERLINK(""http://builder.page2site.com/sites/add/fbid:561201464009211"", ""Create"")"
"Relaxation Therapy",52,"Relaxation Therapy by Sheree","940-631-2038 or 940 495 2642",,"United States",1,Electra,"Spas/beauty/personal care",,100,1,449231135128729,http://www.facebook.com/449231135128729,"=HYPERLINK(""http://www.facebook.com/449231135128729/?sk=info"", ""449231135128729"")","=HYPERLINK(""http://builder.page2site.com/sites/add/fbid:449231135128729"", ""Create"")"
"Relaxation Therapy",53,"Relax and Breathe Massage Therapy",832-72-6681,http://www.relaxandbreathemassage.com,"United States",1,Humble,Health/beauty,"[{""id"":""109578329118821"",""name"":""Massage""},{""id"":""211987392145473"",""name"":""Health Spa""}]",192,7,1409974375927316,http://www.facebook.com/1409974375927316,"=HYPERLINK(""http://www.facebook.com/1409974375927316/?sk=info"", ""1409974375927316"")","=HYPERLINK(""http://builder.page2site.com/sites/add/fbid:1409974375927316"", ""Create"")"
"Relaxation Therapy",54,"Relaxation Massage Therapy","027 380 0739",http://www.relaxmassage.co.nz,"New Zealand",64,Orewa,"Spas/beauty/personal care",,18,,374101872648617,http://www.facebook.com/374101872648617,"=HYPERLINK(""http://www.facebook.com/374101872648617/?sk=info"", ""374101872648617"")","=HYPERLINK(""http://builder.page2site.com/sites/add/fbid:374101872648617"", ""Create"")"
"Relaxation Therapy",55,"Seventh Heaven Relaxation Therapy","(214) 358-1000",,"United States",1,Dallas,"Local business","[{""id"":""139460309451166"",""name"":""Religious Center""}]",2,,121018184622902,http://www.facebook.com/121018184622902,"=HYPERLINK(""http://www.facebook.com/121018184622902/?sk=info"", ""121018184622902"")","=HYPERLINK(""http://builder.page2site.com/sites/add/fbid:121018184622902"", ""Create"")"
"Relaxation Therapy",56,"Relaxation Station-Massage & Movement Therapy","(804) 642-4231",,"United States",1,Hayes,"Local business","[{""id"":""109578329118821"",""name"":""Massage""},{""id"":""145118935550090"",""name"":""Medical & Health""}]",,,122257071165419,http://www.facebook.com/122257071165419,"=HYPERLINK(""http://www.facebook.com/122257071165419/?sk=info"", ""122257071165419"")","=HYPERLINK(""http://builder.page2site.com/sites/add/fbid:122257071165419"", ""Create"")"
"Relaxation Therapy",57,"Relax Therapy Gonzalez","(502) 5558-6296",,Guatemala,502,"Guatemala City","Spas/beauty/personal care","[{""id"":""109578329118821"",""name"":""Massage""},{""id"":""259030350843802"",""name"":""Aromatherapy""},{""id"":""138322342904312"",""name"":""Skin Care""}]",42,,1435360386704055,http://www.facebook.com/1435360386704055,"=HYPERLINK(""http://www.facebook.com/1435360386704055/?sk=info"", ""1435360386704055"")","=HYPERLINK(""http://builder.page2site.com/sites/add/fbid:1435360386704055"", ""Create"")"
"Relaxation Therapy",58,"Relaxation And Wellness Massage Therapy",3147827968,,,,,Health/beauty,,151,7,899498536746061,http://www.facebook.com/899498536746061,"=HYPERLINK(""http://www.facebook.com/899498536746061/?sk=info"", ""899498536746061"")","=HYPERLINK(""http://builder.page2site.com/sites/add/fbid:899498536746061"", ""Create"")"
"Relaxation Therapy",59,"Newcastle Relaxation Massage Therapy",0407687569,,,,,Health/medical/pharmaceuticals,,432,42,1519792611597782,http://www.facebook.com/1519792611597782,"=HYPERLINK(""http://www.facebook.com/1519792611597782/?sk=info"", ""1519792611597782"")","=HYPERLINK(""http://builder.page2site.com/sites/add/fbid:1519792611597782"", ""Create"")"
"Relaxation Therapy",60,"Reiki Therapy & Relaxation",07957710309,,"United Kingdom",44,Addlestone,"Spas/beauty/personal care","[{""id"":""139225689474222"",""name"":""Spa, Beauty & Personal Care""}]",51,,356460587802530,http://www.facebook.com/356460587802530,"=HYPERLINK(""http://www.facebook.com/356460587802530/?sk=info"", ""356460587802530"")","=HYPERLINK(""http://builder.page2site.com/sites/add/fbid:356460587802530"", ""Create"")"
"Relaxation Therapy",61,"Relax and Unwind Massage Therapy","0432 305 819",http://www.relaxandunwindmassage.com.au,Australia,61,Frankston,"Spas/beauty/personal care","[{""id"":""139225689474222"",""name"":""Spa, Beauty & Personal Care""}]",111,6,721656461205726,http://www.facebook.com/721656461205726,"=HYPERLINK(""http://www.facebook.com/721656461205726/?sk=info"", ""721656461205726"")","=HYPERLINK(""http://builder.page2site.com/sites/add/fbid:721656461205726"", ""Create"")"
"Relaxation Therapy",62,"Relax. It's Friday Massage Therapy","(609) 651-9712",http://www.rif.massagetherapy.com,"United States",1,Burlington,Health/medical/pharmacy,"[{""id"":""145118935550090"",""name"":""Medical & Health""}]",133,,447008118738395,http://www.facebook.com/447008118738395,"=HYPERLINK(""http://www.facebook.com/447008118738395/?sk=info"", ""447008118738395"")","=HYPERLINK(""http://builder.page2site.com/sites/add/fbid:447008118738395"", ""Create"")"
"Relaxation Therapy",63,"R&R Massage Therapy","(336) 264-4005",,"United States",1,Fredericksburg,Health/medical/pharmacy,"[{""id"":""109578329118821"",""name"":""Massage""}]",119,1,1452676481671256,http://www.facebook.com/1452676481671256,"=HYPERLINK(""http://www.facebook.com/1452676481671256/?sk=info"", ""1452676481671256"")","=HYPERLINK(""http://builder.page2site.com/sites/add/fbid:1452676481671256"", ""Create"")"
"Relaxation Therapy",64,"Oriental Relaxation Therapy","(808) 945-7457",,"United States",1,Honolulu,"Local business","[{""id"":""145118935550090"",""name"":""Medical & Health""}]",,,149919355050693,http://www.facebook.com/149919355050693,"=HYPERLINK(""http://www.facebook.com/149919355050693/?sk=info"", ""149919355050693"")","=HYPERLINK(""http://builder.page2site.com/sites/add/fbid:149919355050693"", ""Create"")"
"Relaxation Therapy",65,"Keep In Touch Relaxation Therapy","(404) 513-4226",http://www.linkedin.com/in/ritabruss,"United States",1,Suwanee,"Spas/beauty/personal care","[{""id"":""185900881450649"",""name"":""Personal Coaching""},{""id"":""357645644269220"",""name"":""Alternative & Holistic Health""},{""id"":""109578329118821"",""name"":""Massage""}]",43,,538837302898327,http://www.facebook.com/538837302898327,"=HYPERLINK(""http://www.facebook.com/538837302898327/?sk=info"", ""538837302898327"")","=HYPERLINK(""http://builder.page2site.com/sites/add/fbid:538837302898327"", ""Create"")"
"Relaxation Therapy",66,"Movement Relaxation Therapy","(907) 276-8195",,"United States",1,Anchorage,Health/medical/pharmacy,"[{""id"":""2514"",""name"":""Health\/Medical\/Pharmacy""}]",1,,554042091286655,http://www.facebook.com/554042091286655,"=HYPERLINK(""http://www.facebook.com/554042091286655/?sk=info"", ""554042091286655"")","=HYPERLINK(""http://builder.page2site.com/sites/add/fbid:554042091286655"", ""Create"")"
"Relaxation Therapy",67,"Relaxation and Therapeutic Mobile Massage Therapy",587-335-4142,,Canada,1,"Spruce Grove","Spas/beauty/personal care","[{""id"":""109578329118821"",""name"":""Massage""},{""id"":""200814353265561"",""name"":""Spa""},{""id"":""211987392145473"",""name"":""Health Spa""}]",20,,145671258975421,http://www.facebook.com/145671258975421,"=HYPERLINK(""http://www.facebook.com/145671258975421/?sk=info"", ""145671258975421"")","=HYPERLINK(""http://builder.page2site.com/sites/add/fbid:145671258975421"", ""Create"")"
"Relaxation Therapy",68,"Total Relaxation Therapy",,,Canada,1,Brossard,"Spas/beauty/personal care","[{""id"":""109578329118821"",""name"":""Massage""}]",9,,352457318206550,http://www.facebook.com/352457318206550,"=HYPERLINK(""http://www.facebook.com/352457318206550/?sk=info"", ""352457318206550"")","=HYPERLINK(""http://builder.page2site.com/sites/add/fbid:352457318206550"", ""Create"")"
"Relaxation Therapy",69,"Relax & Revive Massage Therapy Llc","(262) 955-2728",http://www.relaxrevive.massagetherapy.com,"United States",1,Muskego,Health/medical/pharmacy,"[{""id"":""109578329118821"",""name"":""Massage""},{""id"":""211987392145473"",""name"":""Health Spa""}]",17,4,1499011440368224,http://www.facebook.com/1499011440368224,"=HYPERLINK(""http://www.facebook.com/1499011440368224/?sk=info"", ""1499011440368224"")","=HYPERLINK(""http://builder.page2site.com/sites/add/fbid:1499011440368224"", ""Create"")"
"Relaxation Therapy",70,"Tree of Life Relaxation Therapy",780-293-1256,http://www.treeoflife-relaxationtherapy.com,Canada,1,Edmonton,"Spas/beauty/personal care","[{""id"":""139225689474222"",""name"":""Spa, Beauty & Personal Care""}]",56,,482257378491140,http://www.facebook.com/482257378491140,"=HYPERLINK(""http://www.facebook.com/482257378491140/?sk=info"", ""482257378491140"")","=HYPERLINK(""http://builder.page2site.com/sites/add/fbid:482257378491140"", ""Create"")"
"Relaxation Therapy",71,"Induced Relaxation Massage Therapy","(502) 762-8338",http://pgarcialmt.wix.com/inducedrelaxation,"United States",1,Louisville,"Spas/beauty/personal care","[{""id"":""109578329118821"",""name"":""Massage""}]",122,3,643043485710877,http://www.facebook.com/643043485710877,"=HYPERLINK(""http://www.facebook.com/643043485710877/?sk=info"", ""643043485710877"")","=HYPERLINK(""http://builder.page2site.com/sites/add/fbid:643043485710877"", ""Create"")"
"Relaxation Therapy",72,"The Therapy & Relax Massage Radauti",0758343164,http://www.masajprofesionaradauti.ro,Romania,40,Radauti,"Spas/beauty/personal care","[{""id"":""109578329118821"",""name"":""Massage""}]",317,8,846866805339083,http://www.facebook.com/846866805339083,"=HYPERLINK(""http://www.facebook.com/846866805339083/?sk=info"", ""846866805339083"")","=HYPERLINK(""http://builder.page2site.com/sites/add/fbid:846866805339083"", ""Create"")"
"Relaxation Therapy",73,"Relaxation By Rae Massage Therapy","(781) 249-7438","http://relaxationbyrae.abmp.com ","United States",1,Plymouth,"Local business","[{""id"":""109578329118821"",""name"":""Massage""}]",201,2,120356884986,http://www.facebook.com/120356884986,"=HYPERLINK(""http://www.facebook.com/120356884986/?sk=info"", ""120356884986"")","=HYPERLINK(""http://builder.page2site.com/sites/add/fbid:120356884986"", ""Create"")"
"Relaxation Therapy",74,"Relax Massage & Therapy","07956 804957",,"United Kingdom",44,"Batley Carr","Spas/beauty/personal care",,32,1,1436587626599547,http://www.facebook.com/1436587626599547,"=HYPERLINK(""http://www.facebook.com/1436587626599547/?sk=info"", ""1436587626599547"")","=HYPERLINK(""http://builder.page2site.com/sites/add/fbid:1436587626599547"", ""Create"")"
"Relaxation Therapy",75,"Relax Mind Body Massage Therapy",610.633.4244,http://www.relaxmindbodymassage.com,"United States",1,"Chester Springs","Local business",,101,,1454057984807148,http://www.facebook.com/1454057984807148,"=HYPERLINK(""http://www.facebook.com/1454057984807148/?sk=info"", ""1454057984807148"")","=HYPERLINK(""http://builder.page2site.com/sites/add/fbid:1454057984807148"", ""Create"")"
"Relaxation Therapy",76,"Relaxation Station Massage Therapy","(540) 319-8193",https://www.facebook.com/RelaxationStationMassageTherapy,"United States",1,Staunton,"Spas/beauty/personal care","[{""id"":""139225689474222"",""name"":""Spa, Beauty & Personal Care""}]",79,,419303904802323,http://www.facebook.com/419303904802323,"=HYPERLINK(""http://www.facebook.com/419303904802323/?sk=info"", ""419303904802323"")","=HYPERLINK(""http://builder.page2site.com/sites/add/fbid:419303904802323"", ""Create"")"
"Relaxation Therapy",77,"Relaxation Therapy and Saloon For Ladies",,,,,,Community,,164,6,499158420164125,http://www.facebook.com/499158420164125,"=HYPERLINK(""http://www.facebook.com/499158420164125/?sk=info"", ""499158420164125"")","=HYPERLINK(""http://builder.page2site.com/sites/add/fbid:499158420164125"", ""Create"")"
"Relaxation Therapy",78,"Relax & Recover Massage Therapy","(973) 897-1262",http://www.relax-recovermassagetherapy.com,"United States",1,Woodstock,"Spas/beauty/personal care","[{""id"":""139225689474222"",""name"":""Spa, Beauty & Personal Care""}]",102,,703466813047456,http://www.facebook.com/703466813047456,"=HYPERLINK(""http://www.facebook.com/703466813047456/?sk=info"", ""703466813047456"")","=HYPERLINK(""http://builder.page2site.com/sites/add/fbid:703466813047456"", ""Create"")"
"Relaxation Therapy",79,"Western Relaxation Massage Therapy","(406) 945-8227",,"United States",1,Chester,"Professional services","[{""id"":""109578329118821"",""name"":""Massage""}]",114,1,259325870834249,http://www.facebook.com/259325870834249,"=HYPERLINK(""http://www.facebook.com/259325870834249/?sk=info"", ""259325870834249"")","=HYPERLINK(""http://builder.page2site.com/sites/add/fbid:259325870834249"", ""Create"")"
"Relaxation Therapy",80,"Serene Relaxation Therapy",,,,,,Health/beauty,,3,,291494121049529,http://www.facebook.com/291494121049529,"=HYPERLINK(""http://www.facebook.com/291494121049529/?sk=info"", ""291494121049529"")","=HYPERLINK(""http://builder.page2site.com/sites/add/fbid:291494121049529"", ""Create"")"
"Relaxation Therapy",81,"Relax And Recover Massage Therapy"," 0412121219",,Australia,61,"Berkeley Vale","Local business",,179,,161697683937634,http://www.facebook.com/161697683937634,"=HYPERLINK(""http://www.facebook.com/161697683937634/?sk=info"", ""161697683937634"")","=HYPERLINK(""http://builder.page2site.com/sites/add/fbid:161697683937634"", ""Create"")"
"Relaxation Therapy",82,"Invigor Relax and Therapy",07837056704,,"United Kingdom",44,Kent,"Spas/beauty/personal care","[{""id"":""109578329118821"",""name"":""Massage""}]",320,16,1454637881421436,http://www.facebook.com/1454637881421436,"=HYPERLINK(""http://www.facebook.com/1454637881421436/?sk=info"", ""1454637881421436"")","=HYPERLINK(""http://builder.page2site.com/sites/add/fbid:1454637881421436"", ""Create"")"
"Relaxation Therapy",83,"Knead to Relax Massage Therapy","(832) 646-3980",http://www.reneelmt.massagetherapy.com,"United States",1,Spring,"Spas/beauty/personal care","[{""id"":""259030350843802"",""name"":""Aromatherapy""},{""id"":""357645644269220"",""name"":""Alternative & Holistic Health""},{""id"":""109578329118821"",""name"":""Massage""}]",82,16,772534849477428,http://www.facebook.com/772534849477428,"=HYPERLINK(""http://www.facebook.com/772534849477428/?sk=info"", ""772534849477428"")","=HYPERLINK(""http://builder.page2site.com/sites/add/fbid:772534849477428"", ""Create"")"
"Relaxation Therapy",84,"Relax & Rejuvenate Massage Therapy Center","(828) 250-9077",www.RelaxRejuvenate.com,"United States",1,Asheville,"Spas/beauty/personal care","[{""id"":""200814353265561"",""name"":""Spa""},{""id"":""109578329118821"",""name"":""Massage""},{""id"":""259030350843802"",""name"":""Aromatherapy""}]",407,14,149258881817688,http://www.facebook.com/149258881817688,"=HYPERLINK(""http://www.facebook.com/149258881817688/?sk=info"", ""149258881817688"")","=HYPERLINK(""http://builder.page2site.com/sites/add/fbid:149258881817688"", ""Create"")"
"Relaxation Therapy",85,"Relax The Back Massage Therapy","(507) 377-2273",http://www.relaxthebackmassage.com,"United States",1,"Albert Lea","Spas/beauty/personal care","[{""id"":""109578329118821"",""name"":""Massage""}]",51,,679065355491950,http://www.facebook.com/679065355491950,"=HYPERLINK(""http://www.facebook.com/679065355491950/?sk=info"", ""679065355491950"")","=HYPERLINK(""http://builder.page2site.com/sites/add/fbid:679065355491950"", ""Create"")"
"Relaxation Therapy",86,"Bio relax therapy Konečná Martina","+420 776 007 663",,,,,Health/beauty,,203,,244922599002050,http://www.facebook.com/244922599002050,"=HYPERLINK(""http://www.facebook.com/244922599002050/?sk=info"", ""244922599002050"")","=HYPERLINK(""http://builder.page2site.com/sites/add/fbid:244922599002050"", ""Create"")"
"Relaxation Therapy",87,"Relaxation therapy",,,,,,"Medical procedure",,,,348554388619101,http://www.facebook.com/348554388619101,"=HYPERLINK(""http://www.facebook.com/348554388619101/?sk=info"", ""348554388619101"")","=HYPERLINK(""http://builder.page2site.com/sites/add/fbid:348554388619101"", ""Create"")"
"Relaxation Therapy",88,"Relax Thai Massage Therapy","0406 938 421",http://www.relaxthaimassagetherapy.com,Australia,61,Townsville,Health/medical/pharmacy,"[{""id"":""145118935550090"",""name"":""Medical & Health""}]",121,,529369007159181,http://www.facebook.com/529369007159181,"=HYPERLINK(""http://www.facebook.com/529369007159181/?sk=info"", ""529369007159181"")","=HYPERLINK(""http://builder.page2site.com/sites/add/fbid:529369007159181"", ""Create"")"
"Relaxation Therapy",89,"Relax Relieve Revive - Equine Sports Therapy by Carrie Townsend",07742356754,,,,,"Pet services",,328,14,131317373563259,http://www.facebook.com/131317373563259,"=HYPERLINK(""http://www.facebook.com/131317373563259/?sk=info"", ""131317373563259"")","=HYPERLINK(""http://builder.page2site.com/sites/add/fbid:131317373563259"", ""Create"")"
"Relaxation Therapy",90,"Relax Renew Revive Massage Therapy","(502) 523-2513",http://www.relaxrenewrevive.net,"United States",1,Louisville,Health/medical/pharmacy,"[{""id"":""109578329118821"",""name"":""Massage""},{""id"":""357645644269220"",""name"":""Alternative & Holistic Health""}]",1117,14,107309779995,http://www.facebook.com/107309779995,"=HYPERLINK(""http://www.facebook.com/107309779995/?sk=info"", ""107309779995"")","=HYPERLINK(""http://builder.page2site.com/sites/add/fbid:107309779995"", ""Create"")"
"Relaxation Therapy",91,"Simply Relax Massage Therapy and Twin Nails Salon","(515) 210-6712",,"United States",1,Creston,"Spas/beauty/personal care","[{""id"":""139225689474222"",""name"":""Spa, Beauty & Personal Care""}]",148,1,358107690949083,http://www.facebook.com/358107690949083,"=HYPERLINK(""http://www.facebook.com/358107690949083/?sk=info"", ""358107690949083"")","=HYPERLINK(""http://builder.page2site.com/sites/add/fbid:358107690949083"", ""Create"")"
"Relaxation Therapy",92,"Relax and Repair Massage Therapy",0435115005,http://www.relaxandrepair.com.au,Australia,61,Sydney,Health/medical/pharmacy,"[{""id"":""109578329118821"",""name"":""Massage""}]",84,,1433359640242429,http://www.facebook.com/1433359640242429,"=HYPERLINK(""http://www.facebook.com/1433359640242429/?sk=info"", ""1433359640242429"")","=HYPERLINK(""http://builder.page2site.com/sites/add/fbid:1433359640242429"", ""Create"")"
"Relaxation Therapy",93,"Time To Relax Therapy Centre","01563 570308",http://www.timetorelaxtherapycentre.com,"United Kingdom",44,Kilmarnock,"Spas/beauty/personal care","[{""id"":""139225689474222"",""name"":""Spa, Beauty & Personal Care""}]",302,14,412937568827081,http://www.facebook.com/412937568827081,"=HYPERLINK(""http://www.facebook.com/412937568827081/?sk=info"", ""412937568827081"")","=HYPERLINK(""http://builder.page2site.com/sites/add/fbid:412937568827081"", ""Create"")"
"Relaxation Therapy",94,"Thai Relax Therapy","07707 219227",,"United Kingdom",44,Barnsley,Health/medical/pharmacy,"[{""id"":""145118935550090"",""name"":""Medical & Health""}]",85,,148113675380124,http://www.facebook.com/148113675380124,"=HYPERLINK(""http://www.facebook.com/148113675380124/?sk=info"", ""148113675380124"")","=HYPERLINK(""http://builder.page2site.com/sites/add/fbid:148113675380124"", ""Create"")"
"Relaxation Therapy",95,"Relax Restore & Rejuvenate Massage Therapy",,,Australia,61,Budgewoi,"Professional services","[{""id"":""109578329118821"",""name"":""Massage""}]",74,,241903235994990,http://www.facebook.com/241903235994990,"=HYPERLINK(""http://www.facebook.com/241903235994990/?sk=info"", ""241903235994990"")","=HYPERLINK(""http://builder.page2site.com/sites/add/fbid:241903235994990"", ""Create"")"
"Relaxation Therapy",96,"Relaxation Station, Massage Therapy","(517) 914-2781",www.relaxation.abmp.com,"United States",1,Albion,Health/medical/pharmacy,"[{""id"":""145118935550090"",""name"":""Medical & Health""}]",34,,152961714767778,http://www.facebook.com/152961714767778,"=HYPERLINK(""http://www.facebook.com/152961714767778/?sk=info"", ""152961714767778"")","=HYPERLINK(""http://builder.page2site.com/sites/add/fbid:152961714767778"", ""Create"")"
"Relaxation Therapy",97,"Cheryl Hulme SNHS Dip - Professional Relaxation Therapy",07795064743,,"United Kingdom",44,Stoke-on-Trent,Health/medical/pharmacy,,47,,177217429070081,http://www.facebook.com/177217429070081,"=HYPERLINK(""http://www.facebook.com/177217429070081/?sk=info"", ""177217429070081"")","=HYPERLINK(""http://builder.page2site.com/sites/add/fbid:177217429070081"", ""Create"")"
"Relaxation Therapy",98,"Professional Relaxation Massage Therapy",,http://www.facebook.com/ProRelaxationMassageTherapy,"United States",1,Boston,"Professional services",,100,,556201871164256,http://www.facebook.com/556201871164256,"=HYPERLINK(""http://www.facebook.com/556201871164256/?sk=info"", ""556201871164256"")","=HYPERLINK(""http://builder.page2site.com/sites/add/fbid:556201871164256"", ""Create"")"
"Relaxation Therapy",99,"Masáže Therapy-relax",604909042,http://www.therapy-relax.cz,"Czech Republic",420,Olomouc,"Spas/beauty/personal care","[{""id"":""139225689474222"",""name"":""Spa, Beauty & Personal Care""}]",40,10,1450425978560412,http://www.facebook.com/1450425978560412,"=HYPERLINK(""http://www.facebook.com/1450425978560412/?sk=info"", ""1450425978560412"")","=HYPERLINK(""http://builder.page2site.com/sites/add/fbid:1450425978560412"", ""Create"")"
"Relaxation Therapy",100,"Knead to Relax Massage Therapy","(718) 755-4118",,"United States",1,"Staten Island","Spas/beauty/personal care","[{""id"":""139225689474222"",""name"":""Spa, Beauty & Personal Care""}]",152,1,279949432116919,http://www.facebook.com/279949432116919,"=HYPERLINK(""http://www.facebook.com/279949432116919/?sk=info"", ""279949432116919"")","=HYPERLINK(""http://builder.page2site.com/sites/add/fbid:279949432116919"", ""Create"")"
"Relaxation Therapy",101,"ART        Arwa Relaxation Therapy",0569457203,http://artmassage.yolasite.com/,Palestine,,Hebron,"Local business","[{""id"":""109578329118821"",""name"":""Massage""}]",127,,499934745203,http://www.facebook.com/499934745203,"=HYPERLINK(""http://www.facebook.com/499934745203/?sk=info"", ""499934745203"")","=HYPERLINK(""http://builder.page2site.com/sites/add/fbid:499934745203"", ""Create"")"
"Relaxation Therapy",102,"Total Relaxation Massage Therapy",,http://charitajones.scentsy.us,,,,"Home decor",,260,1,109410572420045,http://www.facebook.com/109410572420045,"=HYPERLINK(""http://www.facebook.com/109410572420045/?sk=info"", ""109410572420045"")","=HYPERLINK(""http://builder.page2site.com/sites/add/fbid:109410572420045"", ""Create"")"
"Relaxation Therapy",103,"Relax. Refresh. Renew Massage Therapy","(870) 844-0757",,"United States",1,"Walnut Ridge","Spas/beauty/personal care","[{""id"":""139225689474222"",""name"":""Spa, Beauty & Personal Care""}]",60,2,555428524468233,http://www.facebook.com/555428524468233,"=HYPERLINK(""http://www.facebook.com/555428524468233/?sk=info"", ""555428524468233"")","=HYPERLINK(""http://builder.page2site.com/sites/add/fbid:555428524468233"", ""Create"")"
"Relaxation Therapy",104,"East York Massage & Relaxation Therapy",,,Canada,1,Toronto,Health/medical/pharmacy,"[{""id"":""145118935550090"",""name"":""Medical & Health""}]",24,,199061040112257,http://www.facebook.com/199061040112257,"=HYPERLINK(""http://www.facebook.com/199061040112257/?sk=info"", ""199061040112257"")","=HYPERLINK(""http://builder.page2site.com/sites/add/fbid:199061040112257"", ""Create"")"
"Relaxation Therapy",105,"Relax Awhile Massage Therapy","(806) 672-7586",www.massagetherapyamarillotx.com,"United States",1,Amarillo,"Spas/beauty/personal care","[{""id"":""139225689474222"",""name"":""Spa, Beauty & Personal Care""}]",212,,273119146037065,http://www.facebook.com/273119146037065,"=HYPERLINK(""http://www.facebook.com/273119146037065/?sk=info"", ""273119146037065"")","=HYPERLINK(""http://builder.page2site.com/sites/add/fbid:273119146037065"", ""Create"")"
"Relaxation Therapy",106,"Biemann Hypnosis & Relaxation Therapy","(864) 723-0268",www.biemannhypnosis.com,"United States",1,Walhalla,"Local business","[{""id"":""2500"",""name"":""Local Business""}]",15,,71822264743,http://www.facebook.com/71822264743,"=HYPERLINK(""http://www.facebook.com/71822264743/?sk=info"", ""71822264743"")","=HYPERLINK(""http://builder.page2site.com/sites/add/fbid:71822264743"", ""Create"")"
"Relaxation Therapy",107,"Om Reiki & Relaxation Therapy","(509) 440-0671",,"United States",1,Richland,"Spas/beauty/personal care","[{""id"":""139225689474222"",""name"":""Spa, Beauty & Personal Care""}]",32,,255067121271633,http://www.facebook.com/255067121271633,"=HYPERLINK(""http://www.facebook.com/255067121271633/?sk=info"", ""255067121271633"")","=HYPERLINK(""http://builder.page2site.com/sites/add/fbid:255067121271633"", ""Create"")"
"Relaxation Therapy",108,"World's Best Massage Therapy & Relaxation","302-366-1555 or 302-893-0455",www.WorldsBestMassageDE.com,"United States",1,Newark,"Spas/beauty/personal care","[{""id"":""139225689474222"",""name"":""Spa, Beauty & Personal Care""}]",83,,272130026170912,http://www.facebook.com/272130026170912,"=HYPERLINK(""http://www.facebook.com/272130026170912/?sk=info"", ""272130026170912"")","=HYPERLINK(""http://builder.page2site.com/sites/add/fbid:272130026170912"", ""Create"")"
"Relaxation Therapy",109,"DC Sport & Relaxation Therapy",0426216344,,,,,Sports/recreation/activities,,50,,118491401640918,http://www.facebook.com/118491401640918,"=HYPERLINK(""http://www.facebook.com/118491401640918/?sk=info"", ""118491401640918"")","=HYPERLINK(""http://builder.page2site.com/sites/add/fbid:118491401640918"", ""Create"")"
"Relaxation Therapy",110,"Just Relax- Massage Therapy",07825148503,,"United Kingdom",44,Wishaw,"Local business","[{""id"":""109578329118821"",""name"":""Massage""},{""id"":""200814353265561"",""name"":""Spa""},{""id"":""137847742955715"",""name"":""Clinic""}]",134,,568337293282807,http://www.facebook.com/568337293282807,"=HYPERLINK(""http://www.facebook.com/568337293282807/?sk=info"", ""568337293282807"")","=HYPERLINK(""http://builder.page2site.com/sites/add/fbid:568337293282807"", ""Create"")"
"Relaxation Therapy",111,"Ultimate Relaxation Massage Therapy","(214) 620-0772",http://www.ultimaterelaxationmt.com,"United States",1,Dallas,"Spas/beauty/personal care","[{""id"":""139225689474222"",""name"":""Spa, Beauty & Personal Care""}]",4,,508078942539836,http://www.facebook.com/508078942539836,"=HYPERLINK(""http://www.facebook.com/508078942539836/?sk=info"", ""508078942539836"")","=HYPERLINK(""http://builder.page2site.com/sites/add/fbid:508078942539836"", ""Create"")"
"Relaxation Therapy",112,"Lea's Relaxation, Beauty & Sports Therapy",07591925610,http://www.leasbeautyandsportstherapy.co.uk,"United Kingdom",44,Bolton,"Spas/beauty/personal care","[{""id"":""139225689474222"",""name"":""Spa, Beauty & Personal Care""},{""id"":""145118935550090"",""name"":""Medical & Health""}]",103,7,1407367732885250,http://www.facebook.com/1407367732885250,"=HYPERLINK(""http://www.facebook.com/1407367732885250/?sk=info"", ""1407367732885250"")","=HYPERLINK(""http://builder.page2site.com/sites/add/fbid:1407367732885250"", ""Create"")"
"Relaxation Therapy",113,"RELAXATION MEDITATION THERAPY - LATROBE, PA","(724) 537-6450",http://www.latrobemeditation.com/,"United States",1,Latrobe,Health/medical/pharmacy,"[{""id"":""145118935550090"",""name"":""Medical & Health""}]",17,,358070509213,http://www.facebook.com/358070509213,"=HYPERLINK(""http://www.facebook.com/358070509213/?sk=info"", ""358070509213"")","=HYPERLINK(""http://builder.page2site.com/sites/add/fbid:358070509213"", ""Create"")"
"Relaxation Therapy",114,"Irene's Relaxation Therapy","(781) 350-3442",,"United States",1,Medford,"Local business","[{""id"":""145118935550090"",""name"":""Medical & Health""}]",,,153777761325594,http://www.facebook.com/153777761325594,"=HYPERLINK(""http://www.facebook.com/153777761325594/?sk=info"", ""153777761325594"")","=HYPERLINK(""http://builder.page2site.com/sites/add/fbid:153777761325594"", ""Create"")"
"Relaxation Therapy",115,"Oasis of Relaxation Massage Therapy","(586) 322-6350",Oh-Relax.com,"United States",1,Roseville,"Local business","[{""id"":""109578329118821"",""name"":""Massage""}]",92,,189954664350135,http://www.facebook.com/189954664350135,"=HYPERLINK(""http://www.facebook.com/189954664350135/?sk=info"", ""189954664350135"")","=HYPERLINK(""http://builder.page2site.com/sites/add/fbid:189954664350135"", ""Create"")"
"Relaxation Therapy",116,"Diamond Relaxation and Massage Therapy",17672779880,,Dominica,"1 767",Portsmouth,"Spas/beauty/personal care","[{""id"":""109578329118821"",""name"":""Massage""}]",12,11,854339001267069,http://www.facebook.com/854339001267069,"=HYPERLINK(""http://www.facebook.com/854339001267069/?sk=info"", ""854339001267069"")","=HYPERLINK(""http://builder.page2site.com/sites/add/fbid:854339001267069"", ""Create"")"
"Relaxation Therapy",117,"Simple Serenity Relaxation Therapy",506-325-0071,simpleserenity.biz,Canada,1,Woodstock,"Professional services","[{""id"":""145118935550090"",""name"":""Medical & Health""}]",17,,203488816328499,http://www.facebook.com/203488816328499,"=HYPERLINK(""http://www.facebook.com/203488816328499/?sk=info"", ""203488816328499"")","=HYPERLINK(""http://builder.page2site.com/sites/add/fbid:203488816328499"", ""Create"")"
"Relaxation Therapy",118,"Stress & Relaxation Therapy",0715633776,,"South Africa",27,Durban,Health/medical/pharmacy,"[{""id"":""145118935550090"",""name"":""Medical & Health""}]",,,173282192870425,http://www.facebook.com/173282192870425,"=HYPERLINK(""http://www.facebook.com/173282192870425/?sk=info"", ""173282192870425"")","=HYPERLINK(""http://builder.page2site.com/sites/add/fbid:173282192870425"", ""Create"")"
"Relaxation Therapy",119,"The Relaxation Experience, Colonic & Holistic Health Therapy Centre.",01792893194,www.therelaxationexperience.co.uk,"United Kingdom",44,Swansea,"Spas/beauty/personal care","[{""id"":""139225689474222"",""name"":""Spa, Beauty & Personal Care""}]",316,,251884478162373,http://www.facebook.com/251884478162373,"=HYPERLINK(""http://www.facebook.com/251884478162373/?sk=info"", ""251884478162373"")","=HYPERLINK(""http://builder.page2site.com/sites/add/fbid:251884478162373"", ""Create"")"
"Relaxation Therapy",120,"Lockeport Mobile Relaxation Therapy",9028740801,,Canada,1,Lockeport,"Local business","[{""id"":""109578329118821"",""name"":""Massage""}]",,,1502303630005900,http://www.facebook.com/1502303630005900,"=HYPERLINK(""http://www.facebook.com/1502303630005900/?sk=info"", ""1502303630005900"")","=HYPERLINK(""http://builder.page2site.com/sites/add/fbid:1502303630005900"", ""Create"")"
"Relaxation Therapy",121,"Stress and Relaxation Therapy",0715633776,,"South Africa",27,Westville,"Spas/beauty/personal care","[{""id"":""211987392145473"",""name"":""Health Spa""}]",1,,402524076542870,http://www.facebook.com/402524076542870,"=HYPERLINK(""http://www.facebook.com/402524076542870/?sk=info"", ""402524076542870"")","=HYPERLINK(""http://builder.page2site.com/sites/add/fbid:402524076542870"", ""Create"")"
"Relaxation Therapy",122,"Ovens & King Sports + Relaxation Massage Therapy",0447749394,http://www.facebook.com/home.php?#!/profile.php?id=100003693673239,Australia,61,Wangaratta,Health/medical/pharmacy,"[{""id"":""145118935550090"",""name"":""Medical & Health""}]",100,,228391080596058,http://www.facebook.com/228391080596058,"=HYPERLINK(""http://www.facebook.com/228391080596058/?sk=info"", ""228391080596058"")","=HYPERLINK(""http://builder.page2site.com/sites/add/fbid:228391080596058"", ""Create"")"
"Relaxation Therapy",123,"Massage Therapy, Relaxation and Therapeutic Serivces","(770) 885-5308",,"United States",1,Decatur,"Spas/beauty/personal care","[{""id"":""200814353265561"",""name"":""Spa""}]",31,,287159078000786,http://www.facebook.com/287159078000786,"=HYPERLINK(""http://www.facebook.com/287159078000786/?sk=info"", ""287159078000786"")","=HYPERLINK(""http://builder.page2site.com/sites/add/fbid:287159078000786"", ""Create"")"
"Relaxation Therapy",124,"Peace and Relaxation Massage Therapy","(251) 599-9045",www.peaceandrelazation.com,"United States",1,Satsuma,"Local business","[{""id"":""2500"",""name"":""Local Business""}]",4,,143423975669451,http://www.facebook.com/143423975669451,"=HYPERLINK(""http://www.facebook.com/143423975669451/?sk=info"", ""143423975669451"")","=HYPERLINK(""http://builder.page2site.com/sites/add/fbid:143423975669451"", ""Create"")"
"Relaxation Therapy",125,"Inner Calm Relaxation Therapy",07776140155,,"United Kingdom",44,Nottingham,Health/medical/pharmacy,"[{""id"":""176831012360626"",""name"":""Professional Services""}]",3,,185830944907935,http://www.facebook.com/185830944907935,"=HYPERLINK(""http://www.facebook.com/185830944907935/?sk=info"", ""185830944907935"")","=HYPERLINK(""http://builder.page2site.com/sites/add/fbid:185830944907935"", ""Create"")"
"Relaxation Therapy",126,"Chantale's Aromatherapy Relaxation Therapy & Spa",7058696889,http://WWW.FACEBOOK.COM,Canada,1,Chapleau,Health/medical/pharmacy,"[{""id"":""145118935550090"",""name"":""Medical & Health""}]",1,,179325842261186,http://www.facebook.com/179325842261186,"=HYPERLINK(""http://www.facebook.com/179325842261186/?sk=info"", ""179325842261186"")","=HYPERLINK(""http://builder.page2site.com/sites/add/fbid:179325842261186"", ""Create"")"
"Relaxation Therapy",127,"Relaxed and Fit Massage Therapy","(314) 520-6674",http://relaxedandfit.amtamembers.com/,"United States",1,"St. Louis","Professional services","[{""id"":""109578329118821"",""name"":""Massage""}]",121,2,504751169654359,http://www.facebook.com/504751169654359,"=HYPERLINK(""http://www.facebook.com/504751169654359/?sk=info"", ""504751169654359"")","=HYPERLINK(""http://builder.page2site.com/sites/add/fbid:504751169654359"", ""Create"")"
"Relaxation Therapy",128,"Direct Mind Therapy",07960463875,http://Directmindtherapy.com,"United Kingdom",44,Doncaster,Health/beauty,"[{""id"":""2214"",""name"":""Health\/Beauty""}]",278,,522798351128236,http://www.facebook.com/522798351128236,"=HYPERLINK(""http://www.facebook.com/522798351128236/?sk=info"", ""522798351128236"")","=HYPERLINK(""http://builder.page2site.com/sites/add/fbid:522798351128236"", ""Create"")"
"Relaxation Therapy",129,"Massahhge Therapy & Relaxation by Celia Kenney","(985) 872-3201",,"United States",1,Houma,"Local business","[{""id"":""109578329118821"",""name"":""Massage""},{""id"":""145118935550090"",""name"":""Medical & Health""}]",7,,162294787121800,http://www.facebook.com/162294787121800,"=HYPERLINK(""http://www.facebook.com/162294787121800/?sk=info"", ""162294787121800"")","=HYPERLINK(""http://builder.page2site.com/sites/add/fbid:162294787121800"", ""Create"")"
"Relaxation Therapy",130,"Revive your Wellness, Relaxation Massage Therapy,  By Tracey McCall.",,,"New Zealand",64,Tauranga,"Professional services","[{""id"":""176831012360626"",""name"":""Professional Services""}]",20,1,1514408335444579,http://www.facebook.com/1514408335444579,"=HYPERLINK(""http://www.facebook.com/1514408335444579/?sk=info"", ""1514408335444579"")","=HYPERLINK(""http://builder.page2site.com/sites/add/fbid:1514408335444579"", ""Create"")"
"Relaxation Therapy",131,"AppearBeautiful Relaxing Therapy",07783836139,,"United Kingdom",44,Sunderland,"Local business","[{""id"":""2500"",""name"":""Local Business""}]",94,9,404567546357647,http://www.facebook.com/404567546357647,"=HYPERLINK(""http://www.facebook.com/404567546357647/?sk=info"", ""404567546357647"")","=HYPERLINK(""http://builder.page2site.com/sites/add/fbid:404567546357647"", ""Create"")"
"Relaxation Therapy",132,"Narooma Remedial & Relaxation Massage & Bowen Therapy","0425 788 059",http://www.naroomamassage4u.com.au,Australia,61,Narooma,"Spas/beauty/personal care","[{""id"":""109578329118821"",""name"":""Massage""},{""id"":""200600219953504"",""name"":""Shopping & Retail""}]",1,,1536091599956527,http://www.facebook.com/1536091599956527,"=HYPERLINK(""http://www.facebook.com/1536091599956527/?sk=info"", ""1536091599956527"")","=HYPERLINK(""http://builder.page2site.com/sites/add/fbid:1536091599956527"", ""Create"")"
"Relaxation Therapy",133,"Eden ~ Alternative Healing & Relaxation Therapy","(919) 827-3414",www.edenraleigh.com,"United States",1,Raleigh,Health/medical/pharmacy,"[{""id"":""145118935550090"",""name"":""Medical & Health""}]",17,,154196131338052,http://www.facebook.com/154196131338052,"=HYPERLINK(""http://www.facebook.com/154196131338052/?sk=info"", ""154196131338052"")","=HYPERLINK(""http://builder.page2site.com/sites/add/fbid:154196131338052"", ""Create"")"
"Relaxation Therapy",134,"Two Rivers Mobile Relaxation Therapy",0447567535,,Australia,61,Moama,"Local business","[{""id"":""2500"",""name"":""Local Business""}]",,,442064889169827,http://www.facebook.com/442064889169827,"=HYPERLINK(""http://www.facebook.com/442064889169827/?sk=info"", ""442064889169827"")","=HYPERLINK(""http://builder.page2site.com/sites/add/fbid:442064889169827"", ""Create"")"
"Relaxation Therapy",135,"LT Sport and Relaxation Therapy",07453304075,http://www.twitter.com/lttherapy,"United Kingdom",44,Leyland,"Spas/beauty/personal care","[{""id"":""109578329118821"",""name"":""Massage""},{""id"":""181885068517499"",""name"":""Physical Therapist""},{""id"":""186982054657561"",""name"":""Sports & Recreation""}]",,,1468753870019912,http://www.facebook.com/1468753870019912,"=HYPERLINK(""http://www.facebook.com/1468753870019912/?sk=info"", ""1468753870019912"")","=HYPERLINK(""http://builder.page2site.com/sites/add/fbid:1468753870019912"", ""Create"")"
"Relaxation Therapy",136,"Moore River Relaxation- Floatation Therapy Room",0457767336,,Australia,61,Guilderton,"Spas/beauty/personal care","[{""id"":""2510"",""name"":""Spas\/Beauty\/Personal Care""}]",1,,825651670808339,http://www.facebook.com/825651670808339,"=HYPERLINK(""http://www.facebook.com/825651670808339/?sk=info"", ""825651670808339"")","=HYPERLINK(""http://builder.page2site.com/sites/add/fbid:825651670808339"", ""Create"")"
"Relaxation Therapy",137,"Gary Addis, LMT Neuromuscular Therapy and Relaxation Massage","(228) 209-3012",http://www.garyaddis.massagetherapy.com,"United States",1,Valdosta,Health/medical/pharmacy,"[{""id"":""357645644269220"",""name"":""Alternative & Holistic Health""}]",90,,426571177397909,http://www.facebook.com/426571177397909,"=HYPERLINK(""http://www.facebook.com/426571177397909/?sk=info"", ""426571177397909"")","=HYPERLINK(""http://builder.page2site.com/sites/add/fbid:426571177397909"", ""Create"")"
"Relaxation Therapy",138,"Mind by Design and Relaxation Therapy","(954) 682-3699",,"United States",1,Davie,Health/medical/pharmacy,"[{""id"":""145118935550090"",""name"":""Medical & Health""}]",,,300588900049140,http://www.facebook.com/300588900049140,"=HYPERLINK(""http://www.facebook.com/300588900049140/?sk=info"", ""300588900049140"")","=HYPERLINK(""http://builder.page2site.com/sites/add/fbid:300588900049140"", ""Create"")"
"Relaxation Therapy",139,"Senkowski Massage Therapy","(610) 223-6714",,"United States",1,Reading,Health/medical/pharmacy,"[{""id"":""109578329118821"",""name"":""Massage""}]",3,,642711219156140,http://www.facebook.com/642711219156140,"=HYPERLINK(""http://www.facebook.com/642711219156140/?sk=info"", ""642711219156140"")","=HYPERLINK(""http://builder.page2site.com/sites/add/fbid:642711219156140"", ""Create"")"
"Relaxation Therapy",140,"Roots N Wings Ranch Reflexology & Relaxation Back Massage Therapy",12043041263,,Canada,1,Altona,"Spas/beauty/personal care","[{""id"":""139225689474222"",""name"":""Spa, Beauty & Personal Care""}]",24,5,799627893416599,http://www.facebook.com/799627893416599,"=HYPERLINK(""http://www.facebook.com/799627893416599/?sk=info"", ""799627893416599"")","=HYPERLINK(""http://builder.page2site.com/sites/add/fbid:799627893416599"", ""Create"")"
"Relaxation Therapy",141,"Vicki's Body Shop Parties with Relaxation Therapy",elixircare@skype,,"United Kingdom",44,Gillingham,"Local business","[{""id"":""2500"",""name"":""Local Business""}]",25,,154069771311261,http://www.facebook.com/154069771311261,"=HYPERLINK(""http://www.facebook.com/154069771311261/?sk=info"", ""154069771311261"")","=HYPERLINK(""http://builder.page2site.com/sites/add/fbid:154069771311261"", ""Create"")"
"Relaxation Therapy",142,"Access Bars","(510) 932-0114",http://accessbarstherapyandrelaxation.weebly.com/,"United States",1,Berkeley,Community,"[{""id"":""2612"",""name"":""Community""}]",726,37,284667738320448,http://www.facebook.com/284667738320448,"=HYPERLINK(""http://www.facebook.com/284667738320448/?sk=info"", ""284667738320448"")","=HYPERLINK(""http://builder.page2site.com/sites/add/fbid:284667738320448"", ""Create"")"
"Relaxation Therapy",143,"Relax n Revive Massage Therapy",0411339878,,Australia,61,Seaford,"Spas/beauty/personal care","[{""id"":""109578329118821"",""name"":""Massage""}]",36,,1406777432926897,http://www.facebook.com/1406777432926897,"=HYPERLINK(""http://www.facebook.com/1406777432926897/?sk=info"", ""1406777432926897"")","=HYPERLINK(""http://builder.page2site.com/sites/add/fbid:1406777432926897"", ""Create"")"
"Relaxation Therapy",144,"Kneading to Relax Massage Therapy Service"," 1868 776 7285",Www.kneading2relax.org,"Trinidad and Tobago","1 868","Port of Spain",Health/beauty,"[{""id"":""2214"",""name"":""Health\/Beauty""}]",715,3,136561299770,http://www.facebook.com/136561299770,"=HYPERLINK(""http://www.facebook.com/136561299770/?sk=info"", ""136561299770"")","=HYPERLINK(""http://builder.page2site.com/sites/add/fbid:136561299770"", ""Create"")"
"Relaxation Therapy",145,"Total Relaxation Massage Therapy",,http://charitajones.scentsy.us,,,,"Home decor",,155,2,107977999236069,http://www.facebook.com/107977999236069,"=HYPERLINK(""http://www.facebook.com/107977999236069/?sk=info"", ""107977999236069"")","=HYPERLINK(""http://builder.page2site.com/sites/add/fbid:107977999236069"", ""Create"")"
"Relaxation Therapy",146,"Perfect Way to Relax Massage Therapy","CALL (786)260-7721   o    (786)970-9649",,"United States",1,Miami,Health/beauty,,132,5,499850823410191,http://www.facebook.com/499850823410191,"=HYPERLINK(""http://www.facebook.com/499850823410191/?sk=info"", ""499850823410191"")","=HYPERLINK(""http://builder.page2site.com/sites/add/fbid:499850823410191"", ""Create"")"
"Relaxation Therapy",147,"Massage to Relax: Massage Therapy by Missy","(210) 875-4804",http://www.massagetorelax.com,"United States",1,"San Antonio","Spas/beauty/personal care","[{""id"":""139225689474222"",""name"":""Spa, Beauty & Personal Care""}]",30,,441838559287174,http://www.facebook.com/441838559287174,"=HYPERLINK(""http://www.facebook.com/441838559287174/?sk=info"", ""441838559287174"")","=HYPERLINK(""http://builder.page2site.com/sites/add/fbid:441838559287174"", ""Create"")"
"Relaxation Therapy",148,"Relax and Heal Advanced Massage Therapy","(512) 636-0738",www.lacy-loucks.genbook.com,"United States",1,Pflugerville,"Spas/beauty/personal care","[{""id"":""139225689474222"",""name"":""Spa, Beauty & Personal Care""}]",114,,153731964741601,http://www.facebook.com/153731964741601,"=HYPERLINK(""http://www.facebook.com/153731964741601/?sk=info"", ""153731964741601"")","=HYPERLINK(""http://builder.page2site.com/sites/add/fbid:153731964741601"", ""Create"")"
"Relaxation Therapy",149,"Knead to Relax Massage Therapy by Jen Rembish","(512) 736-6090",http://Jrembish.massagetherapy.com,"United States",1,Hutto,"Spas/beauty/personal care","[{""id"":""139225689474222"",""name"":""Spa, Beauty & Personal Care""}]",55,,694169477272714,http://www.facebook.com/694169477272714,"=HYPERLINK(""http://www.facebook.com/694169477272714/?sk=info"", ""694169477272714"")","=HYPERLINK(""http://builder.page2site.com/sites/add/fbid:694169477272714"", ""Create"")"
"Relaxation Therapy",150,"Masaj profesional ""Relax & Therapy""",069376096,,Moldova,373,Chisinau,Health/medical/pharmacy,"[{""id"":""109578329118821"",""name"":""Massage""}]",62,9,1475470076063574,http://www.facebook.com/1475470076063574,"=HYPERLINK(""http://www.facebook.com/1475470076063574/?sk=info"", ""1475470076063574"")","=HYPERLINK(""http://builder.page2site.com/sites/add/fbid:1475470076063574"", ""Create"")"
"Relaxation Therapy",151,"Sonique Beauty Therapy, Health and Relax",,,,,,Health/beauty,,192,88,1404323039827924,http://www.facebook.com/1404323039827924,"=HYPERLINK(""http://www.facebook.com/1404323039827924/?sk=info"", ""1404323039827924"")","=HYPERLINK(""http://builder.page2site.com/sites/add/fbid:1404323039827924"", ""Create"")"
"Relaxation Therapy",152,"Resilience Stress Management & Relaxation Therapy",,http://www.Resilience-StressManagement.com,,,,Community,,18,,172439012923134,http://www.facebook.com/172439012923134,"=HYPERLINK(""http://www.facebook.com/172439012923134/?sk=info"", ""172439012923134"")","=HYPERLINK(""http://builder.page2site.com/sites/add/fbid:172439012923134"", ""Create"")"
"Relaxation Therapy",153,"Langdon Alberta - Relax In Massage Therapy - Established 2001","403 803 9059",,,,,Health/medical/pharmacy,,200,,264152540369693,http://www.facebook.com/264152540369693,"=HYPERLINK(""http://www.facebook.com/264152540369693/?sk=info"", ""264152540369693"")","=HYPERLINK(""http://builder.page2site.com/sites/add/fbid:264152540369693"", ""Create"")"
"Relaxation Therapy",154,"Let's Relax Massage Health Therapy",92211001,http://www.lionoriental.com,,,,Health/beauty,,33,,1459751884265660,http://www.facebook.com/1459751884265660,"=HYPERLINK(""http://www.facebook.com/1459751884265660/?sk=info"", ""1459751884265660"")","=HYPERLINK(""http://builder.page2site.com/sites/add/fbid:1459751884265660"", ""Create"")"
"Relaxation Therapy",155,"まにぷ～ら Relaxation and Remedial therapy",+818034786443,,,,,"Spas/beauty/personal care",,41,,701481309879204,http://www.facebook.com/701481309879204,"=HYPERLINK(""http://www.facebook.com/701481309879204/?sk=info"", ""701481309879204"")","=HYPERLINK(""http://builder.page2site.com/sites/add/fbid:701481309879204"", ""Create"")"
"Relaxation Therapy",156,"REST N RELAX AROMA THERAPY (GROUP)",,,Malaysia,60,"Kuala Lumpur","Local business",,486,,160392874004,http://www.facebook.com/160392874004,"=HYPERLINK(""http://www.facebook.com/160392874004/?sk=info"", ""160392874004"")","=HYPERLINK(""http://builder.page2site.com/sites/add/fbid:160392874004"", ""Create"")"
"Relaxation Therapy",157,"Rest, Relax and Rewind Massage Therapy Services","(770) 806-9048",www.restrelaxrewind.com,"United States",1,Atlanta,"Spas/beauty/personal care","[{""id"":""139225689474222"",""name"":""Spa, Beauty & Personal Care""}]",175,2,156823611062655,http://www.facebook.com/156823611062655,"=HYPERLINK(""http://www.facebook.com/156823611062655/?sk=info"", ""156823611062655"")","=HYPERLINK(""http://builder.page2site.com/sites/add/fbid:156823611062655"", ""Create"")"
"Relaxation Therapy",158,"Relaxation Medical (Massage) Therapy",,,,,,Product/service,,10,,126596931846,http://www.facebook.com/126596931846,"=HYPERLINK(""http://www.facebook.com/126596931846/?sk=info"", ""126596931846"")","=HYPERLINK(""http://builder.page2site.com/sites/add/fbid:126596931846"", ""Create"")"
"Relaxation Therapy",159,"Working Relaxation - Mobile Therapy",0712539768,,"South Africa",27,"Cape Town","Spas/beauty/personal care","[{""id"":""139225689474222"",""name"":""Spa, Beauty & Personal Care""}]",33,,200940310018641,http://www.facebook.com/200940310018641,"=HYPERLINK(""http://www.facebook.com/200940310018641/?sk=info"", ""200940310018641"")","=HYPERLINK(""http://builder.page2site.com/sites/add/fbid:200940310018641"", ""Create"")"
"Relaxation Therapy",160,"Continuity Therapy - Sports Massage & Relaxation Specialists","07908 287098",www.continuitytherapy.co.uk,"United Kingdom",44,Carlton,"Spas/beauty/personal care",,71,,158366047627653,http://www.facebook.com/158366047627653,"=HYPERLINK(""http://www.facebook.com/158366047627653/?sk=info"", ""158366047627653"")","=HYPERLINK(""http://builder.page2site.com/sites/add/fbid:158366047627653"", ""Create"")"
"Relaxation Therapy",161,"Hands On - Massage Therapy & Relax",+351965882155,,,,,Health/beauty,,67,1,152094801521823,http://www.facebook.com/152094801521823,"=HYPERLINK(""http://www.facebook.com/152094801521823/?sk=info"", ""152094801521823"")","=HYPERLINK(""http://builder.page2site.com/sites/add/fbid:152094801521823"", ""Create"")"
"Relaxation Therapy",162,"Relaxation Therapy and Physical Therapy Aide",,,,,,"Concentration or major",,1,,283045811888528,http://www.facebook.com/283045811888528,"=HYPERLINK(""http://www.facebook.com/283045811888528/?sk=info"", ""283045811888528"")","=HYPERLINK(""http://builder.page2site.com/sites/add/fbid:283045811888528"", ""Create"")"
"Relaxation Therapy",163,"Kneading To Relax Massage Therapy and Doula Care","(832) 492-2628",,"United States",1,Pearland,"Spas/beauty/personal care","[{""id"":""139225689474222"",""name"":""Spa, Beauty & Personal Care""}]",24,,1539140822974268,http://www.facebook.com/1539140822974268,"=HYPERLINK(""http://www.facebook.com/1539140822974268/?sk=info"", ""1539140822974268"")","=HYPERLINK(""http://builder.page2site.com/sites/add/fbid:1539140822974268"", ""Create"")"
"Relaxation Therapy",164,"Kneaded Relaxation Massage Therapy","626 644 8912",http://www.schedulicity.com,,,,Health/beauty,,14,,185026524963852,http://www.facebook.com/185026524963852,"=HYPERLINK(""http://www.facebook.com/185026524963852/?sk=info"", ""185026524963852"")","=HYPERLINK(""http://builder.page2site.com/sites/add/fbid:185026524963852"", ""Create"")"
"Relaxation Therapy",165,"A Moment 2 Relax Massage Therapy","(208) 286-6487",http://www.amoment2relax.com/,"United States",1,Kuna,"Spas/beauty/personal care","[{""id"":""109578329118821"",""name"":""Massage""}]",219,3,186590658122764,http://www.facebook.com/186590658122764,"=HYPERLINK(""http://www.facebook.com/186590658122764/?sk=info"", ""186590658122764"")","=HYPERLINK(""http://builder.page2site.com/sites/add/fbid:186590658122764"", ""Create"")"
"Relaxation Therapy",166,"Serenity -Nail Services, Massage Therapy and Relaxation",,http://serenity.abmp.com,,,,Product/service,,16,,371107663000435,http://www.facebook.com/371107663000435,"=HYPERLINK(""http://www.facebook.com/371107663000435/?sk=info"", ""371107663000435"")","=HYPERLINK(""http://builder.page2site.com/sites/add/fbid:371107663000435"", ""Create"")"
"Relaxation Therapy",167,"Paws and Relax Reiki therapy",07843738087,,"United Kingdom",44,Tranent,"Local business","[{""id"":""357645644269220"",""name"":""Alternative & Holistic Health""},{""id"":""144982405562750"",""name"":""Pet Service""}]",28,1,348623568626862,http://www.facebook.com/348623568626862,"=HYPERLINK(""http://www.facebook.com/348623568626862/?sk=info"", ""348623568626862"")","=HYPERLINK(""http://builder.page2site.com/sites/add/fbid:348623568626862"", ""Create"")"
"Relaxation Therapy",168,"Relaxation and Therapy",,,,,,Album,,,,364932963680293,http://www.facebook.com/364932963680293,"=HYPERLINK(""http://www.facebook.com/364932963680293/?sk=info"", ""364932963680293"")","=HYPERLINK(""http://builder.page2site.com/sites/add/fbid:364932963680293"", ""Create"")"
"Relaxation Therapy",169,"Relaxation and Therapy",,,,,,Album,,,,612830498839097,http://www.facebook.com/612830498839097,"=HYPERLINK(""http://www.facebook.com/612830498839097/?sk=info"", ""612830498839097"")","=HYPERLINK(""http://builder.page2site.com/sites/add/fbid:612830498839097"", ""Create"")"
"Relaxation Therapy",170,"Relaxation and Therapy",,,,,,Album,,,,975280529152620,http://www.facebook.com/975280529152620,"=HYPERLINK(""http://www.facebook.com/975280529152620/?sk=info"", ""975280529152620"")","=HYPERLINK(""http://builder.page2site.com/sites/add/fbid:975280529152620"", ""Create"")"
"Relaxation Therapy",171,"Relaxation and Therapy",,,,,,Album,,,,1513658675554877,http://www.facebook.com/1513658675554877,"=HYPERLINK(""http://www.facebook.com/1513658675554877/?sk=info"", ""1513658675554877"")","=HYPERLINK(""http://builder.page2site.com/sites/add/fbid:1513658675554877"", ""Create"")"
"Relaxation Therapy",172,"Relaxing Touch Massage Therapy","(605) 262-0454",http://schedule.bodyworkbuddy.com/relaxingtouch,"United States",1,Aberdeen,"Spas/beauty/personal care","[{""id"":""109578329118821"",""name"":""Massage""}]",136,1,251101388266531,http://www.facebook.com/251101388266531,"=HYPERLINK(""http://www.facebook.com/251101388266531/?sk=info"", ""251101388266531"")","=HYPERLINK(""http://builder.page2site.com/sites/add/fbid:251101388266531"", ""Create"")"
"Relaxation Therapy",173,"The New Means Of Relaxation - Mobile Holistic Therapy",07867309744,,,,,Health/beauty,,25,,441733985949277,http://www.facebook.com/441733985949277,"=HYPERLINK(""http://www.facebook.com/441733985949277/?sk=info"", ""441733985949277"")","=HYPERLINK(""http://builder.page2site.com/sites/add/fbid:441733985949277"", ""Create"")"
"Relaxation Therapy",174,"Massage Therapy by Veronica at Karen Horton Relax Hour Spa","(903) 509-2546",,"United States",1,Tyler,"Spas/beauty/personal care","[{""id"":""139225689474222"",""name"":""Spa, Beauty & Personal Care""}]",75,,575141355904081,http://www.facebook.com/575141355904081,"=HYPERLINK(""http://www.facebook.com/575141355904081/?sk=info"", ""575141355904081"")","=HYPERLINK(""http://builder.page2site.com/sites/add/fbid:575141355904081"", ""Create"")"
"Relaxation Therapy",175,"Holistic Therapy & Relaxing Treatment , massage",00306944299722,http://www.facebook.com/constantinos.peitsis/,,,,Health/beauty,,314,16,252962188069518,http://www.facebook.com/252962188069518,"=HYPERLINK(""http://www.facebook.com/252962188069518/?sk=info"", ""252962188069518"")","=HYPERLINK(""http://builder.page2site.com/sites/add/fbid:252962188069518"", ""Create"")"
"Relaxation Therapy",176,"Relaxation Remedial Therapeutic Massage",0435277140,,,,,Health/beauty,,79,,551597864878033,http://www.facebook.com/551597864878033,"=HYPERLINK(""http://www.facebook.com/551597864878033/?sk=info"", ""551597864878033"")","=HYPERLINK(""http://builder.page2site.com/sites/add/fbid:551597864878033"", ""Create"")"
"Relaxation Therapy",177,"Students Sport and relaxation massage therapy",,,,,,University,,74,,518071558208429,http://www.facebook.com/518071558208429,"=HYPERLINK(""http://www.facebook.com/518071558208429/?sk=info"", ""518071558208429"")","=HYPERLINK(""http://builder.page2site.com/sites/add/fbid:518071558208429"", ""Create"")"
"Relaxation Therapy",178,"Newcastle Relaxation Massage Therapy",,,,,,"Local business","[{""id"":""176831012360626"",""name"":""Professional Services""}]",,,791932320874514,http://www.facebook.com/791932320874514,"=HYPERLINK(""http://www.facebook.com/791932320874514/?sk=info"", ""791932320874514"")","=HYPERLINK(""http://builder.page2site.com/sites/add/fbid:791932320874514"", ""Create"")"
"Relaxation Therapy",179,"Past Tense Sport & Relaxation Massage Therapy",,,"New Zealand",64,Napier,Sports/recreation/activities,,45,,152778188119924,http://www.facebook.com/152778188119924,"=HYPERLINK(""http://www.facebook.com/152778188119924/?sk=info"", ""152778188119924"")","=HYPERLINK(""http://builder.page2site.com/sites/add/fbid:152778188119924"", ""Create"")"
"Relaxation Therapy",180,"Relaxing Remedies Massage Therapy",269-838-2299,http://relaxingremedies.abmp.com,"United States",1,Allegan,Health/medical/pharmaceuticals,,106,,546094298820904,http://www.facebook.com/546094298820904,"=HYPERLINK(""http://www.facebook.com/546094298820904/?sk=info"", ""546094298820904"")","=HYPERLINK(""http://builder.page2site.com/sites/add/fbid:546094298820904"", ""Create"")"
"Relaxation Therapy",181,"Spa yoga meditation relaxation therapy healing mantra",,,,,,Album,,,,930805323613963,http://www.facebook.com/930805323613963,"=HYPERLINK(""http://www.facebook.com/930805323613963/?sk=info"", ""930805323613963"")","=HYPERLINK(""http://builder.page2site.com/sites/add/fbid:930805323613963"", ""Create"")"
"Relaxation Therapy",182,"Healing Meditation Therapy Relaxation Spa Mantra",,,,,,Album,,,,850113658352786,http://www.facebook.com/850113658352786,"=HYPERLINK(""http://www.facebook.com/850113658352786/?sk=info"", ""850113658352786"")","=HYPERLINK(""http://builder.page2site.com/sites/add/fbid:850113658352786"", ""Create"")"
"Relaxation Therapy",183,"Healing Hands Mobile Massage",716-946-3663,http://healinghandsrelaxa.wix.com/healinghands-massage,,,,Health/medical/pharmacy,,1,,483128871746410,http://www.facebook.com/483128871746410,"=HYPERLINK(""http://www.facebook.com/483128871746410/?sk=info"", ""483128871746410"")","=HYPERLINK(""http://builder.page2site.com/sites/add/fbid:483128871746410"", ""Create"")"
"Relaxation Therapy",184,"Relaxed Status Massage Therapy",214-566-4819,https://twitter.com/relaxedstatus,"United States",1,Dallas,"Small business",,119,2,163885967149425,http://www.facebook.com/163885967149425,"=HYPERLINK(""http://www.facebook.com/163885967149425/?sk=info"", ""163885967149425"")","=HYPERLINK(""http://builder.page2site.com/sites/add/fbid:163885967149425"", ""Create"")"
"Relaxation Therapy",185,"Cure Insomnia, Relax & Stop Snoring, Deep Sleep Hypnosis Therapy: A Relaxation Self Hypnosis Meditation & Hypnotherapy Program by Seth Deborah Roth",,,,,,"App page",,1,,1468492200102225,http://www.facebook.com/1468492200102225,"=HYPERLINK(""http://www.facebook.com/1468492200102225/?sk=info"", ""1468492200102225"")","=HYPERLINK(""http://builder.page2site.com/sites/add/fbid:1468492200102225"", ""Create"")"
"Relaxation Therapy",186,"Tranquility Relaxing at Home Beauty Therapy",07969424936,,"United Kingdom",44,Stoke-on-Trent,"Spas/beauty/personal care",,53,9,297917377067723,http://www.facebook.com/297917377067723,"=HYPERLINK(""http://www.facebook.com/297917377067723/?sk=info"", ""297917377067723"")","=HYPERLINK(""http://builder.page2site.com/sites/add/fbid:297917377067723"", ""Create"")"
"Relaxation Therapy",187,"Relaxation yoga meditation healing therapy spa mantra",,,,,,Album,,,,664473700338199,http://www.facebook.com/664473700338199,"=HYPERLINK(""http://www.facebook.com/664473700338199/?sk=info"", ""664473700338199"")","=HYPERLINK(""http://builder.page2site.com/sites/add/fbid:664473700338199"", ""Create"")"
"Relaxation Therapy",188,"Manley's Rest & Recovery Massage Therapy",,,"United States",1,"Boynton Beach","Business services","[{""id"":""109578329118821"",""name"":""Massage""},{""id"":""187133811318958"",""name"":""Business Services""}]",193,1,221082204686004,http://www.facebook.com/221082204686004,"=HYPERLINK(""http://www.facebook.com/221082204686004/?sk=info"", ""221082204686004"")","=HYPERLINK(""http://builder.page2site.com/sites/add/fbid:221082204686004"", ""Create"")"
"Relaxation Therapy",189,"Music for Meditation Yoga Spa Relaxation Therapy",,,,,,Album,,,,644523575662328,http://www.facebook.com/644523575662328,"=HYPERLINK(""http://www.facebook.com/644523575662328/?sk=info"", ""644523575662328"")","=HYPERLINK(""http://builder.page2site.com/sites/add/fbid:644523575662328"", ""Create"")"
"Relaxation Therapy",190,"Meditation Music for Yoga Spa Relaxation Therapy",,,,,,Album,,,,788079261251720,http://www.facebook.com/788079261251720,"=HYPERLINK(""http://www.facebook.com/788079261251720/?sk=info"", ""788079261251720"")","=HYPERLINK(""http://builder.page2site.com/sites/add/fbid:788079261251720"", ""Create"")"
"Relaxation Therapy",191,"Healing Meditation music for Yoga Spa Relaxation Therapy",,,,,,Album,,,,843745035657078,http://www.facebook.com/843745035657078,"=HYPERLINK(""http://www.facebook.com/843745035657078/?sk=info"", ""843745035657078"")","=HYPERLINK(""http://builder.page2site.com/sites/add/fbid:843745035657078"", ""Create"")"
"Relaxation Therapy",192,"Relaxing Raven Touch Therapy",,,,,,Health/beauty,,158,2,583585228378649,http://www.facebook.com/583585228378649,"=HYPERLINK(""http://www.facebook.com/583585228378649/?sk=info"", ""583585228378649"")","=HYPERLINK(""http://builder.page2site.com/sites/add/fbid:583585228378649"", ""Create"")"
"Relaxation Therapy",193,"Music for Relaxation Meditation yoga spa therapy healing music",,,,,,Album,,,,676829979082658,http://www.facebook.com/676829979082658,"=HYPERLINK(""http://www.facebook.com/676829979082658/?sk=info"", ""676829979082658"")","=HYPERLINK(""http://builder.page2site.com/sites/add/fbid:676829979082658"", ""Create"")"
"Relaxation Therapy",194,"Meditation Spa yoga healing therapy relaxation mantra",,,,,,Album,,,,861929887173941,http://www.facebook.com/861929887173941,"=HYPERLINK(""http://www.facebook.com/861929887173941/?sk=info"", ""861929887173941"")","=HYPERLINK(""http://builder.page2site.com/sites/add/fbid:861929887173941"", ""Create"")"
"Relaxation Therapy",195,"Spa therapy meditation healing relaxation therapy mantra",,,,,,Album,,,,368793819954530,http://www.facebook.com/368793819954530,"=HYPERLINK(""http://www.facebook.com/368793819954530/?sk=info"", ""368793819954530"")","=HYPERLINK(""http://builder.page2site.com/sites/add/fbid:368793819954530"", ""Create"")"
"Relaxation Therapy",196,"Relaxing Therapy",,http://WWW.FACEBOOK.COM/TEIZHI,Mexico,52,"Ciudad Juárez",Health/medical/pharmacy,"[{""id"":""145118935550090"",""name"":""Medical & Health""}]",36,,230821987110080,http://www.facebook.com/230821987110080,"=HYPERLINK(""http://www.facebook.com/230821987110080/?sk=info"", ""230821987110080"")","=HYPERLINK(""http://builder.page2site.com/sites/add/fbid:230821987110080"", ""Create"")"
"Relaxation Therapy",197,"Meditation yoga therapy healing relaxation spa mantra",,,,,,Album,,,,737043956382403,http://www.facebook.com/737043956382403,"=HYPERLINK(""http://www.facebook.com/737043956382403/?sk=info"", ""737043956382403"")","=HYPERLINK(""http://builder.page2site.com/sites/add/fbid:737043956382403"", ""Create"")"
"Relaxation Therapy",198,"Relaxing Massage Therapy",01099997825,,Egypt,20,Cairo,"Spas/beauty/personal care",,438,,385386954886250,http://www.facebook.com/385386954886250,"=HYPERLINK(""http://www.facebook.com/385386954886250/?sk=info"", ""385386954886250"")","=HYPERLINK(""http://builder.page2site.com/sites/add/fbid:385386954886250"", ""Create"")"
"Relaxation Therapy",199,"Spa meditation yoga therapy healing relaxation mantra",,,,,,Album,,,,314557965405050,http://www.facebook.com/314557965405050,"=HYPERLINK(""http://www.facebook.com/314557965405050/?sk=info"", ""314557965405050"")","=HYPERLINK(""http://builder.page2site.com/sites/add/fbid:314557965405050"", ""Create"")"
"Relaxation Therapy",200,"Music for Meditation Spa relaxation yoga spa therapy",,,,,,Album,,,,278222169043844,http://www.facebook.com/278222169043844,"=HYPERLINK(""http://www.facebook.com/278222169043844/?sk=info"", ""278222169043844"")","=HYPERLINK(""http://builder.page2site.com/sites/add/fbid:278222169043844"", ""Create"")"
