Keyword,#,Name,Phone,Website,Country,"Country code",City,Category,"Category List",Likes,"Talking about","Facebook ID","Facebook Url","Facebook Page Link","P2S Website"
"Relaxation Massage Massage Therapy",0,"Relaxation Room Massage Therapy Studio","(603) 785-0398","under construction...","United States",1,Auburn,"Spas/beauty/personal care","[{""id"":""109578329118821"",""name"":""Massage""}]",188,1,181859391852168,http://www.facebook.com/181859391852168,"=HYPERLINK(""http://www.facebook.com/181859391852168/?sk=info"", ""181859391852168"")","=HYPERLINK(""http://builder.page2site.com/sites/add/fbid:181859391852168"", ""Create"")"
"Relaxation Massage Massage Therapy",1,"Relax Massage Therapy",,http://www.relaxstoughton.com,"United States",1,Stoughton,"Spas/beauty/personal care","[{""id"":""109578329118821"",""name"":""Massage""}]",761,86,220318374690548,http://www.facebook.com/220318374690548,"=HYPERLINK(""http://www.facebook.com/220318374690548/?sk=info"", ""220318374690548"")","=HYPERLINK(""http://builder.page2site.com/sites/add/fbid:220318374690548"", ""Create"")"
"Relaxation Massage Massage Therapy",2,"Relax Station Massage Therapy Studio",+359899826503,https://www.facebook.com/profile.php?id=1313356890&ref=tn_tnmn,Bulgaria,359,Sofia,"Spas/beauty/personal care","[{""id"":""109578329118821"",""name"":""Massage""}]",470,23,534261950001621,http://www.facebook.com/534261950001621,"=HYPERLINK(""http://www.facebook.com/534261950001621/?sk=info"", ""534261950001621"")","=HYPERLINK(""http://builder.page2site.com/sites/add/fbid:534261950001621"", ""Create"")"
"Relaxation Massage Massage Therapy",3,"Relaxation By Rae Massage Therapy","(781) 249-7438","http://relaxationbyrae.abmp.com ","United States",1,Plymouth,"Local business","[{""id"":""109578329118821"",""name"":""Massage""}]",201,2,120356884986,http://www.facebook.com/120356884986,"=HYPERLINK(""http://www.facebook.com/120356884986/?sk=info"", ""120356884986"")","=HYPERLINK(""http://builder.page2site.com/sites/add/fbid:120356884986"", ""Create"")"
"Relaxation Massage Massage Therapy",4,"Relaxation Station Massage Therapy","(540) 319-8193",https://www.facebook.com/RelaxationStationMassageTherapy,"United States",1,Staunton,"Spas/beauty/personal care","[{""id"":""139225689474222"",""name"":""Spa, Beauty & Personal Care""}]",79,,419303904802323,http://www.facebook.com/419303904802323,"=HYPERLINK(""http://www.facebook.com/419303904802323/?sk=info"", ""419303904802323"")","=HYPERLINK(""http://builder.page2site.com/sites/add/fbid:419303904802323"", ""Create"")"
"Relaxation Massage Massage Therapy",5,"RELAX massage therapy",6979744764,https://www.facebook.com/maria.kanavoura,,,,Health/beauty,,135,4,608936785823368,http://www.facebook.com/608936785823368,"=HYPERLINK(""http://www.facebook.com/608936785823368/?sk=info"", ""608936785823368"")","=HYPERLINK(""http://builder.page2site.com/sites/add/fbid:608936785823368"", ""Create"")"
"Relaxation Massage Massage Therapy",6,"Relax: Massage Therapy","(608) 359-8779",http://relaxmassagetherapy.weebly.com/,"United States",1,Janesville,"Spas/beauty/personal care","[{""id"":""109578329118821"",""name"":""Massage""}]",115,15,651515038278579,http://www.facebook.com/651515038278579,"=HYPERLINK(""http://www.facebook.com/651515038278579/?sk=info"", ""651515038278579"")","=HYPERLINK(""http://builder.page2site.com/sites/add/fbid:651515038278579"", ""Create"")"
"Relaxation Massage Massage Therapy",7,"Relax Massage Therapy Charleville",0497842959,,Australia,61,Charleville,"Spas/beauty/personal care","[{""id"":""109578329118821"",""name"":""Massage""}]",189,26,561201464009211,http://www.facebook.com/561201464009211,"=HYPERLINK(""http://www.facebook.com/561201464009211/?sk=info"", ""561201464009211"")","=HYPERLINK(""http://builder.page2site.com/sites/add/fbid:561201464009211"", ""Create"")"
"Relaxation Massage Massage Therapy",8,"Relax Renew Revive Massage Therapy","(860) 204-7539",http://www.newincites.com,"United States",1,Norwich,"Spas/beauty/personal care","[{""id"":""357645644269220"",""name"":""Alternative & Holistic Health""}]",880,67,387273381387674,http://www.facebook.com/387273381387674,"=HYPERLINK(""http://www.facebook.com/387273381387674/?sk=info"", ""387273381387674"")","=HYPERLINK(""http://builder.page2site.com/sites/add/fbid:387273381387674"", ""Create"")"
"Relaxation Massage Massage Therapy",9,"Relaxation And Wellness Massage Therapy",3147827968,,,,,Health/beauty,,151,7,899498536746061,http://www.facebook.com/899498536746061,"=HYPERLINK(""http://www.facebook.com/899498536746061/?sk=info"", ""899498536746061"")","=HYPERLINK(""http://builder.page2site.com/sites/add/fbid:899498536746061"", ""Create"")"
"Relaxation Massage Massage Therapy",10,"Massage to Relax: Massage Therapy by Missy","(210) 875-4804",http://www.massagetorelax.com,"United States",1,"San Antonio","Spas/beauty/personal care","[{""id"":""139225689474222"",""name"":""Spa, Beauty & Personal Care""}]",30,,441838559287174,http://www.facebook.com/441838559287174,"=HYPERLINK(""http://www.facebook.com/441838559287174/?sk=info"", ""441838559287174"")","=HYPERLINK(""http://builder.page2site.com/sites/add/fbid:441838559287174"", ""Create"")"
"Relaxation Massage Massage Therapy",11,"Relax! Massage Therapy","(910) 262-1122",www.relaxwilmington.com,"United States",1,Wilmington,"Local business","[{""id"":""109578329118821"",""name"":""Massage""},{""id"":""145118935550090"",""name"":""Medical & Health""}]",740,82,192381723503,http://www.facebook.com/192381723503,"=HYPERLINK(""http://www.facebook.com/192381723503/?sk=info"", ""192381723503"")","=HYPERLINK(""http://builder.page2site.com/sites/add/fbid:192381723503"", ""Create"")"
"Relaxation Massage Massage Therapy",12,"Massage Therapy, chinese massage, relaxing massage in Istanbul",00905075958980,https://sites.google.com/site/istanbultherapymassage/,Turkey,90,Bahçelievler,"Spas/beauty/personal care","[{""id"":""139225689474222"",""name"":""Spa, Beauty & Personal Care""}]",1876,32,522965684383649,http://www.facebook.com/522965684383649,"=HYPERLINK(""http://www.facebook.com/522965684383649/?sk=info"", ""522965684383649"")","=HYPERLINK(""http://builder.page2site.com/sites/add/fbid:522965684383649"", ""Create"")"
"Relaxation Massage Massage Therapy",13,"Relax and Breathe Massage Therapy",832-72-6681,http://www.relaxandbreathemassage.com,"United States",1,Humble,Health/beauty,"[{""id"":""109578329118821"",""name"":""Massage""},{""id"":""211987392145473"",""name"":""Health Spa""}]",192,7,1409974375927316,http://www.facebook.com/1409974375927316,"=HYPERLINK(""http://www.facebook.com/1409974375927316/?sk=info"", ""1409974375927316"")","=HYPERLINK(""http://builder.page2site.com/sites/add/fbid:1409974375927316"", ""Create"")"
"Relaxation Massage Massage Therapy",14,"Kneading Relaxation Massage Therapy","(270) 791-4683",www.kneadingrelaxationbg.com,"United States",1,"Bowling Green","Professional services","[{""id"":""109578329118821"",""name"":""Massage""}]",176,20,270932729592921,http://www.facebook.com/270932729592921,"=HYPERLINK(""http://www.facebook.com/270932729592921/?sk=info"", ""270932729592921"")","=HYPERLINK(""http://builder.page2site.com/sites/add/fbid:270932729592921"", ""Create"")"
"Relaxation Massage Massage Therapy",15,"Relaxation Massage Therapy","027 380 0739",http://www.relaxmassage.co.nz,"New Zealand",64,Orewa,"Spas/beauty/personal care",,18,,374101872648617,http://www.facebook.com/374101872648617,"=HYPERLINK(""http://www.facebook.com/374101872648617/?sk=info"", ""374101872648617"")","=HYPERLINK(""http://builder.page2site.com/sites/add/fbid:374101872648617"", ""Create"")"
"Relaxation Massage Massage Therapy",16,"Relax and Unwind Massage Therapy","0432 305 819",http://www.relaxandunwindmassage.com.au,Australia,61,Frankston,"Spas/beauty/personal care","[{""id"":""139225689474222"",""name"":""Spa, Beauty & Personal Care""}]",111,6,721656461205726,http://www.facebook.com/721656461205726,"=HYPERLINK(""http://www.facebook.com/721656461205726/?sk=info"", ""721656461205726"")","=HYPERLINK(""http://builder.page2site.com/sites/add/fbid:721656461205726"", ""Create"")"
"Relaxation Massage Massage Therapy",17,"Relax & Recover Massage Therapy","(347) 358-6242",http://www.relaxandrecovermassagetherapy.com/,"United States",1,"Staten Island",Health/medical/pharmacy,"[{""id"":""137847742955715"",""name"":""Clinic""},{""id"":""200814353265561"",""name"":""Spa""},{""id"":""134091706658568"",""name"":""Health Agency""}]",69,1,815675358450428,http://www.facebook.com/815675358450428,"=HYPERLINK(""http://www.facebook.com/815675358450428/?sk=info"", ""815675358450428"")","=HYPERLINK(""http://builder.page2site.com/sites/add/fbid:815675358450428"", ""Create"")"
"Relaxation Massage Massage Therapy",18,"Relaxation Station, Massage Therapy","(517) 914-2781",www.relaxation.abmp.com,"United States",1,Albion,Health/medical/pharmacy,"[{""id"":""145118935550090"",""name"":""Medical & Health""}]",34,,152961714767778,http://www.facebook.com/152961714767778,"=HYPERLINK(""http://www.facebook.com/152961714767778/?sk=info"", ""152961714767778"")","=HYPERLINK(""http://builder.page2site.com/sites/add/fbid:152961714767778"", ""Create"")"
"Relaxation Massage Massage Therapy",19,"Induced Relaxation Massage Therapy","(502) 762-8338",http://pgarcialmt.wix.com/inducedrelaxation,"United States",1,Louisville,"Spas/beauty/personal care","[{""id"":""109578329118821"",""name"":""Massage""}]",122,3,643043485710877,http://www.facebook.com/643043485710877,"=HYPERLINK(""http://www.facebook.com/643043485710877/?sk=info"", ""643043485710877"")","=HYPERLINK(""http://builder.page2site.com/sites/add/fbid:643043485710877"", ""Create"")"
"Relaxation Massage Massage Therapy",20,"Relaxation Station Massage Therapy & Bodywork Studio","(919) 570-0019",www.luvinmudda.biz,"United States",1,"Wake Forest","Local business","[{""id"":""109578329118821"",""name"":""Massage""},{""id"":""259030350843802"",""name"":""Aromatherapy""},{""id"":""205950169432461"",""name"":""Day Spa""}]",190,1,200485176290,http://www.facebook.com/200485176290,"=HYPERLINK(""http://www.facebook.com/200485176290/?sk=info"", ""200485176290"")","=HYPERLINK(""http://builder.page2site.com/sites/add/fbid:200485176290"", ""Create"")"
"Relaxation Massage Massage Therapy",21,"Massage Therapy & Relaxation","(501) 545-9534",,"United States",1,"Oklahoma City","Spas/beauty/personal care","[{""id"":""109578329118821"",""name"":""Massage""}]",30,,183349285104414,http://www.facebook.com/183349285104414,"=HYPERLINK(""http://www.facebook.com/183349285104414/?sk=info"", ""183349285104414"")","=HYPERLINK(""http://builder.page2site.com/sites/add/fbid:183349285104414"", ""Create"")"
"Relaxation Massage Massage Therapy",22,"Relax Massage Therapy-Krissy Tantillo LMT","(716) 930-1060",,"United States",1,Williamsville,"Professional services","[{""id"":""109578329118821"",""name"":""Massage""}]",786,18,662304503842587,http://www.facebook.com/662304503842587,"=HYPERLINK(""http://www.facebook.com/662304503842587/?sk=info"", ""662304503842587"")","=HYPERLINK(""http://builder.page2site.com/sites/add/fbid:662304503842587"", ""Create"")"
"Relaxation Massage Massage Therapy",23,"Healing Hands Massage & Relaxation Therapy","(781) 425-5464",http://www.ablehealinghands.com,"United States",1,Westwood,"Spas/beauty/personal care","[{""id"":""109578329118821"",""name"":""Massage""}]",55,1,444286279045945,http://www.facebook.com/444286279045945,"=HYPERLINK(""http://www.facebook.com/444286279045945/?sk=info"", ""444286279045945"")","=HYPERLINK(""http://builder.page2site.com/sites/add/fbid:444286279045945"", ""Create"")"
"Relaxation Massage Massage Therapy",24,"Relax Mind Body Massage Therapy",610.633.4244,http://www.relaxmindbodymassage.com,"United States",1,"Chester Springs","Local business",,101,,1454057984807148,http://www.facebook.com/1454057984807148,"=HYPERLINK(""http://www.facebook.com/1454057984807148/?sk=info"", ""1454057984807148"")","=HYPERLINK(""http://builder.page2site.com/sites/add/fbid:1454057984807148"", ""Create"")"
"Relaxation Massage Massage Therapy",25,"Relaxation Massage Therapy",0422076296,,Australia,61,Raworth,"Local business","[{""id"":""109578329118821"",""name"":""Massage""}]",98,,495238060524006,http://www.facebook.com/495238060524006,"=HYPERLINK(""http://www.facebook.com/495238060524006/?sk=info"", ""495238060524006"")","=HYPERLINK(""http://builder.page2site.com/sites/add/fbid:495238060524006"", ""Create"")"
"Relaxation Massage Massage Therapy",26,"Relax. It's Friday Massage Therapy","(609) 651-9712",http://www.rif.massagetherapy.com,"United States",1,Burlington,Health/medical/pharmacy,"[{""id"":""145118935550090"",""name"":""Medical & Health""}]",133,,447008118738395,http://www.facebook.com/447008118738395,"=HYPERLINK(""http://www.facebook.com/447008118738395/?sk=info"", ""447008118738395"")","=HYPERLINK(""http://builder.page2site.com/sites/add/fbid:447008118738395"", ""Create"")"
"Relaxation Massage Massage Therapy",27,"Relax Massage Therapy","(302) 366-8777",,"United States",1,Newark,"Local business","[{""id"":""2500"",""name"":""Local Business""}]",170,,117744564948773,http://www.facebook.com/117744564948773,"=HYPERLINK(""http://www.facebook.com/117744564948773/?sk=info"", ""117744564948773"")","=HYPERLINK(""http://builder.page2site.com/sites/add/fbid:117744564948773"", ""Create"")"
"Relaxation Massage Massage Therapy",28,"Relax & Revive Massage Therapy Llc","(262) 955-2728",http://www.relaxrevive.massagetherapy.com,"United States",1,Muskego,Health/medical/pharmacy,"[{""id"":""109578329118821"",""name"":""Massage""},{""id"":""211987392145473"",""name"":""Health Spa""}]",17,4,1499011440368224,http://www.facebook.com/1499011440368224,"=HYPERLINK(""http://www.facebook.com/1499011440368224/?sk=info"", ""1499011440368224"")","=HYPERLINK(""http://builder.page2site.com/sites/add/fbid:1499011440368224"", ""Create"")"
"Relaxation Massage Massage Therapy",29,"Relax And Recover Massage Therapy"," 0412121219",,Australia,61,"Berkeley Vale","Local business",,179,,161697683937634,http://www.facebook.com/161697683937634,"=HYPERLINK(""http://www.facebook.com/161697683937634/?sk=info"", ""161697683937634"")","=HYPERLINK(""http://builder.page2site.com/sites/add/fbid:161697683937634"", ""Create"")"
"Relaxation Massage Massage Therapy",30,"Relax The Back Massage Therapy","(507) 377-2273",http://www.relaxthebackmassage.com,"United States",1,"Albert Lea","Spas/beauty/personal care","[{""id"":""109578329118821"",""name"":""Massage""}]",51,,679065355491950,http://www.facebook.com/679065355491950,"=HYPERLINK(""http://www.facebook.com/679065355491950/?sk=info"", ""679065355491950"")","=HYPERLINK(""http://builder.page2site.com/sites/add/fbid:679065355491950"", ""Create"")"
"Relaxation Massage Massage Therapy",31,"Relax Thai Massage Therapy","0406 938 421",http://www.relaxthaimassagetherapy.com,Australia,61,Townsville,Health/medical/pharmacy,"[{""id"":""145118935550090"",""name"":""Medical & Health""}]",121,,529369007159181,http://www.facebook.com/529369007159181,"=HYPERLINK(""http://www.facebook.com/529369007159181/?sk=info"", ""529369007159181"")","=HYPERLINK(""http://builder.page2site.com/sites/add/fbid:529369007159181"", ""Create"")"
"Relaxation Massage Massage Therapy",32,"Newcastle Relaxation Massage Therapy",0407687569,,,,,Health/medical/pharmaceuticals,,432,42,1519792611597782,http://www.facebook.com/1519792611597782,"=HYPERLINK(""http://www.facebook.com/1519792611597782/?sk=info"", ""1519792611597782"")","=HYPERLINK(""http://builder.page2site.com/sites/add/fbid:1519792611597782"", ""Create"")"
"Relaxation Massage Massage Therapy",33,"Relax & Rejuvenate Massage Therapy Center","(828) 250-9077",www.RelaxRejuvenate.com,"United States",1,Asheville,"Spas/beauty/personal care","[{""id"":""200814353265561"",""name"":""Spa""},{""id"":""109578329118821"",""name"":""Massage""},{""id"":""259030350843802"",""name"":""Aromatherapy""}]",407,14,149258881817688,http://www.facebook.com/149258881817688,"=HYPERLINK(""http://www.facebook.com/149258881817688/?sk=info"", ""149258881817688"")","=HYPERLINK(""http://builder.page2site.com/sites/add/fbid:149258881817688"", ""Create"")"
"Relaxation Massage Massage Therapy",34,"Relax & Recover Massage Therapy","(973) 897-1262",http://www.relax-recovermassagetherapy.com,"United States",1,Woodstock,"Spas/beauty/personal care","[{""id"":""139225689474222"",""name"":""Spa, Beauty & Personal Care""}]",102,,703466813047456,http://www.facebook.com/703466813047456,"=HYPERLINK(""http://www.facebook.com/703466813047456/?sk=info"", ""703466813047456"")","=HYPERLINK(""http://builder.page2site.com/sites/add/fbid:703466813047456"", ""Create"")"
"Relaxation Massage Massage Therapy",35,"Relax & Rejuvenate Massage Therapy","(559) 760-5516",http://satchmo.massageplanet.com/index.php,"United States",1,Fresno,"Professional services","[{""id"":""109578329118821"",""name"":""Massage""}]",30,3,206871036069888,http://www.facebook.com/206871036069888,"=HYPERLINK(""http://www.facebook.com/206871036069888/?sk=info"", ""206871036069888"")","=HYPERLINK(""http://builder.page2site.com/sites/add/fbid:206871036069888"", ""Create"")"
"Relaxation Massage Massage Therapy",36,"Knead to Relax Massage Therapy","(832) 646-3980",http://www.reneelmt.massagetherapy.com,"United States",1,Spring,"Spas/beauty/personal care","[{""id"":""259030350843802"",""name"":""Aromatherapy""},{""id"":""357645644269220"",""name"":""Alternative & Holistic Health""},{""id"":""109578329118821"",""name"":""Massage""}]",82,16,772534849477428,http://www.facebook.com/772534849477428,"=HYPERLINK(""http://www.facebook.com/772534849477428/?sk=info"", ""772534849477428"")","=HYPERLINK(""http://builder.page2site.com/sites/add/fbid:772534849477428"", ""Create"")"
"Relaxation Massage Massage Therapy",37,"Relax Renew Revive Massage Therapy","(502) 523-2513",http://www.relaxrenewrevive.net,"United States",1,Louisville,Health/medical/pharmacy,"[{""id"":""109578329118821"",""name"":""Massage""},{""id"":""357645644269220"",""name"":""Alternative & Holistic Health""}]",1117,14,107309779995,http://www.facebook.com/107309779995,"=HYPERLINK(""http://www.facebook.com/107309779995/?sk=info"", ""107309779995"")","=HYPERLINK(""http://builder.page2site.com/sites/add/fbid:107309779995"", ""Create"")"
"Relaxation Massage Massage Therapy",38,"Relax YMBS Massage Therapy",18764355704,http://www.relaxymbsmassages.com,Jamaica,"1 876","Montego Bay","Spas/beauty/personal care","[{""id"":""109578329118821"",""name"":""Massage""}]",38,,530941516994952,http://www.facebook.com/530941516994952,"=HYPERLINK(""http://www.facebook.com/530941516994952/?sk=info"", ""530941516994952"")","=HYPERLINK(""http://builder.page2site.com/sites/add/fbid:530941516994952"", ""Create"")"
"Relaxation Massage Massage Therapy",39,"Relax and Repair Massage Therapy",0435115005,http://www.relaxandrepair.com.au,Australia,61,Sydney,Health/medical/pharmacy,"[{""id"":""109578329118821"",""name"":""Massage""}]",84,,1433359640242429,http://www.facebook.com/1433359640242429,"=HYPERLINK(""http://www.facebook.com/1433359640242429/?sk=info"", ""1433359640242429"")","=HYPERLINK(""http://builder.page2site.com/sites/add/fbid:1433359640242429"", ""Create"")"
"Relaxation Massage Massage Therapy",40,"The Therapy & Relax Massage Radauti",0758343164,http://www.masajprofesionaradauti.ro,Romania,40,Radauti,"Spas/beauty/personal care","[{""id"":""109578329118821"",""name"":""Massage""}]",317,8,846866805339083,http://www.facebook.com/846866805339083,"=HYPERLINK(""http://www.facebook.com/846866805339083/?sk=info"", ""846866805339083"")","=HYPERLINK(""http://builder.page2site.com/sites/add/fbid:846866805339083"", ""Create"")"
"Relaxation Massage Massage Therapy",41,"Relax Massage Therapy","(270) 799-8385",,"United States",1,"Bowling Green",Health/medical/pharmacy,"[{""id"":""145118935550090"",""name"":""Medical & Health""}]",56,,421440447939166,http://www.facebook.com/421440447939166,"=HYPERLINK(""http://www.facebook.com/421440447939166/?sk=info"", ""421440447939166"")","=HYPERLINK(""http://builder.page2site.com/sites/add/fbid:421440447939166"", ""Create"")"
"Relaxation Massage Massage Therapy",42,"Western Relaxation Massage Therapy","(406) 945-8227",,"United States",1,Chester,"Professional services","[{""id"":""109578329118821"",""name"":""Massage""}]",114,1,259325870834249,http://www.facebook.com/259325870834249,"=HYPERLINK(""http://www.facebook.com/259325870834249/?sk=info"", ""259325870834249"")","=HYPERLINK(""http://builder.page2site.com/sites/add/fbid:259325870834249"", ""Create"")"
"Relaxation Massage Massage Therapy",43,"PURE Relaxation Massage Therapy",0434161789,,Australia,61,Brisbane,"Spas/beauty/personal care","[{""id"":""109578329118821"",""name"":""Massage""}]",195,,1451919825027849,http://www.facebook.com/1451919825027849,"=HYPERLINK(""http://www.facebook.com/1451919825027849/?sk=info"", ""1451919825027849"")","=HYPERLINK(""http://builder.page2site.com/sites/add/fbid:1451919825027849"", ""Create"")"
"Relaxation Massage Massage Therapy",44,"Relaxation and Therapeutic Mobile Massage Therapy",587-335-4142,,Canada,1,"Spruce Grove","Spas/beauty/personal care","[{""id"":""109578329118821"",""name"":""Massage""},{""id"":""200814353265561"",""name"":""Spa""},{""id"":""211987392145473"",""name"":""Health Spa""}]",20,,145671258975421,http://www.facebook.com/145671258975421,"=HYPERLINK(""http://www.facebook.com/145671258975421/?sk=info"", ""145671258975421"")","=HYPERLINK(""http://builder.page2site.com/sites/add/fbid:145671258975421"", ""Create"")"
"Relaxation Massage Massage Therapy",45,"Relax Today Massage Therapy",0435063418,www.relaxtoday.com.au,Australia,61,"Baulkham Hills",Health/medical/pharmacy,"[{""id"":""182582595112411"",""name"":""Women's Health""},{""id"":""139225689474222"",""name"":""Spa, Beauty & Personal Care""}]",191,,131119326945909,http://www.facebook.com/131119326945909,"=HYPERLINK(""http://www.facebook.com/131119326945909/?sk=info"", ""131119326945909"")","=HYPERLINK(""http://builder.page2site.com/sites/add/fbid:131119326945909"", ""Create"")"
"Relaxation Massage Massage Therapy",46,"Relax Massage Therapy","(606) 791-0221",,"United States",1,Prestonsburg,"Spas/beauty/personal care","[{""id"":""139225689474222"",""name"":""Spa, Beauty & Personal Care""}]",81,,436550546390084,http://www.facebook.com/436550546390084,"=HYPERLINK(""http://www.facebook.com/436550546390084/?sk=info"", ""436550546390084"")","=HYPERLINK(""http://builder.page2site.com/sites/add/fbid:436550546390084"", ""Create"")"
"Relaxation Massage Massage Therapy",47,"Simply Relax Massage Therapy and Twin Nails Salon","(515) 210-6712",,"United States",1,Creston,"Spas/beauty/personal care","[{""id"":""139225689474222"",""name"":""Spa, Beauty & Personal Care""}]",148,1,358107690949083,http://www.facebook.com/358107690949083,"=HYPERLINK(""http://www.facebook.com/358107690949083/?sk=info"", ""358107690949083"")","=HYPERLINK(""http://builder.page2site.com/sites/add/fbid:358107690949083"", ""Create"")"
"Relaxation Massage Massage Therapy",48,"Relax Awhile Massage Therapy","(806) 672-7586",www.massagetherapyamarillotx.com,"United States",1,Amarillo,"Spas/beauty/personal care","[{""id"":""139225689474222"",""name"":""Spa, Beauty & Personal Care""}]",212,,273119146037065,http://www.facebook.com/273119146037065,"=HYPERLINK(""http://www.facebook.com/273119146037065/?sk=info"", ""273119146037065"")","=HYPERLINK(""http://builder.page2site.com/sites/add/fbid:273119146037065"", ""Create"")"
"Relaxation Massage Massage Therapy",49,"Relax. Refresh. Renew Massage Therapy","(870) 844-0757",,"United States",1,"Walnut Ridge","Spas/beauty/personal care","[{""id"":""139225689474222"",""name"":""Spa, Beauty & Personal Care""}]",60,2,555428524468233,http://www.facebook.com/555428524468233,"=HYPERLINK(""http://www.facebook.com/555428524468233/?sk=info"", ""555428524468233"")","=HYPERLINK(""http://builder.page2site.com/sites/add/fbid:555428524468233"", ""Create"")"
"Relaxation Massage Massage Therapy",50,"Knead to Relax Massage Therapy","(718) 755-4118",,"United States",1,"Staten Island","Spas/beauty/personal care","[{""id"":""139225689474222"",""name"":""Spa, Beauty & Personal Care""}]",152,1,279949432116919,http://www.facebook.com/279949432116919,"=HYPERLINK(""http://www.facebook.com/279949432116919/?sk=info"", ""279949432116919"")","=HYPERLINK(""http://builder.page2site.com/sites/add/fbid:279949432116919"", ""Create"")"
"Relaxation Massage Massage Therapy",51,"Pure Relaxation Massage Therapy","(956) 742-8496",http://www.pure-relaxation.abmp.com,"United States",1,"San Benito","Spas/beauty/personal care","[{""id"":""139225689474222"",""name"":""Spa, Beauty & Personal Care""}]",163,,147463638732654,http://www.facebook.com/147463638732654,"=HYPERLINK(""http://www.facebook.com/147463638732654/?sk=info"", ""147463638732654"")","=HYPERLINK(""http://builder.page2site.com/sites/add/fbid:147463638732654"", ""Create"")"
"Relaxation Massage Massage Therapy",52,"Serenity -Nail Services, Massage Therapy and Relaxation",,http://serenity.abmp.com,,,,Product/service,,16,,371107663000435,http://www.facebook.com/371107663000435,"=HYPERLINK(""http://www.facebook.com/371107663000435/?sk=info"", ""371107663000435"")","=HYPERLINK(""http://builder.page2site.com/sites/add/fbid:371107663000435"", ""Create"")"
"Relaxation Massage Massage Therapy",53,"Relax Restore & Rejuvenate Massage Therapy",,,Australia,61,Budgewoi,"Professional services","[{""id"":""109578329118821"",""name"":""Massage""}]",74,,241903235994990,http://www.facebook.com/241903235994990,"=HYPERLINK(""http://www.facebook.com/241903235994990/?sk=info"", ""241903235994990"")","=HYPERLINK(""http://builder.page2site.com/sites/add/fbid:241903235994990"", ""Create"")"
"Relaxation Massage Massage Therapy",54,"Relax & Restore Massage Therapy","(657) 214-0108",,"United States",1,Cypress,"Professional services","[{""id"":""109578329118821"",""name"":""Massage""}]",90,2,367330610079867,http://www.facebook.com/367330610079867,"=HYPERLINK(""http://www.facebook.com/367330610079867/?sk=info"", ""367330610079867"")","=HYPERLINK(""http://builder.page2site.com/sites/add/fbid:367330610079867"", ""Create"")"
"Relaxation Massage Massage Therapy",55,"Massage Therapy, Relaxation and Therapeutic Serivces","(770) 885-5308",,"United States",1,Decatur,"Spas/beauty/personal care","[{""id"":""200814353265561"",""name"":""Spa""}]",31,,287159078000786,http://www.facebook.com/287159078000786,"=HYPERLINK(""http://www.facebook.com/287159078000786/?sk=info"", ""287159078000786"")","=HYPERLINK(""http://builder.page2site.com/sites/add/fbid:287159078000786"", ""Create"")"
"Relaxation Massage Massage Therapy",56,"World's Best Massage Therapy & Relaxation","302-366-1555 or 302-893-0455",www.WorldsBestMassageDE.com,"United States",1,Newark,"Spas/beauty/personal care","[{""id"":""139225689474222"",""name"":""Spa, Beauty & Personal Care""}]",83,,272130026170912,http://www.facebook.com/272130026170912,"=HYPERLINK(""http://www.facebook.com/272130026170912/?sk=info"", ""272130026170912"")","=HYPERLINK(""http://builder.page2site.com/sites/add/fbid:272130026170912"", ""Create"")"
"Relaxation Massage Massage Therapy",57,"Total Relaxation Massage Therapy",,http://charitajones.scentsy.us,,,,"Home decor",,260,1,109410572420045,http://www.facebook.com/109410572420045,"=HYPERLINK(""http://www.facebook.com/109410572420045/?sk=info"", ""109410572420045"")","=HYPERLINK(""http://builder.page2site.com/sites/add/fbid:109410572420045"", ""Create"")"
"Relaxation Massage Massage Therapy",58,"Relaxation Medical (Massage) Therapy",,,,,,Product/service,,10,,126596931846,http://www.facebook.com/126596931846,"=HYPERLINK(""http://www.facebook.com/126596931846/?sk=info"", ""126596931846"")","=HYPERLINK(""http://builder.page2site.com/sites/add/fbid:126596931846"", ""Create"")"
"Relaxation Massage Massage Therapy",59,"Relax n Revive Massage Therapy",0411339878,,Australia,61,Seaford,"Spas/beauty/personal care","[{""id"":""109578329118821"",""name"":""Massage""}]",36,,1406777432926897,http://www.facebook.com/1406777432926897,"=HYPERLINK(""http://www.facebook.com/1406777432926897/?sk=info"", ""1406777432926897"")","=HYPERLINK(""http://builder.page2site.com/sites/add/fbid:1406777432926897"", ""Create"")"
"Relaxation Massage Massage Therapy",60,"Professional Relaxation Massage Therapy",,http://www.facebook.com/ProRelaxationMassageTherapy,"United States",1,Boston,"Professional services",,100,,556201871164256,http://www.facebook.com/556201871164256,"=HYPERLINK(""http://www.facebook.com/556201871164256/?sk=info"", ""556201871164256"")","=HYPERLINK(""http://builder.page2site.com/sites/add/fbid:556201871164256"", ""Create"")"
"Relaxation Massage Massage Therapy",61,"Just Relax- Massage Therapy",07825148503,,"United Kingdom",44,Wishaw,"Local business","[{""id"":""109578329118821"",""name"":""Massage""},{""id"":""200814353265561"",""name"":""Spa""},{""id"":""137847742955715"",""name"":""Clinic""}]",134,,568337293282807,http://www.facebook.com/568337293282807,"=HYPERLINK(""http://www.facebook.com/568337293282807/?sk=info"", ""568337293282807"")","=HYPERLINK(""http://builder.page2site.com/sites/add/fbid:568337293282807"", ""Create"")"
"Relaxation Massage Massage Therapy",62,"Relax Massage Therapy by Marek","07861 248294","http://thaimassagesussex.com http://gatwick.arorahotels.com","United Kingdom",44,Crawley,"Sports venue","[{""id"":""139225689474222"",""name"":""Spa, Beauty & Personal Care""}]",74,,396055757102262,http://www.facebook.com/396055757102262,"=HYPERLINK(""http://www.facebook.com/396055757102262/?sk=info"", ""396055757102262"")","=HYPERLINK(""http://builder.page2site.com/sites/add/fbid:396055757102262"", ""Create"")"
"Relaxation Massage Massage Therapy",63,"Relaxation Station Massage Therapy","07776 143462",http://www.relaxationstationsurrey.co.uk,"United Kingdom",44,Dorking,"Spas/beauty/personal care",,69,1,220179074765548,http://www.facebook.com/220179074765548,"=HYPERLINK(""http://www.facebook.com/220179074765548/?sk=info"", ""220179074765548"")","=HYPERLINK(""http://builder.page2site.com/sites/add/fbid:220179074765548"", ""Create"")"
"Relaxation Massage Massage Therapy",64,"Diamond Relaxation and Massage Therapy",17672779880,,Dominica,"1 767",Portsmouth,"Spas/beauty/personal care","[{""id"":""109578329118821"",""name"":""Massage""}]",12,11,854339001267069,http://www.facebook.com/854339001267069,"=HYPERLINK(""http://www.facebook.com/854339001267069/?sk=info"", ""854339001267069"")","=HYPERLINK(""http://builder.page2site.com/sites/add/fbid:854339001267069"", ""Create"")"
"Relaxation Massage Massage Therapy",65,"Relax & Rejuvenate Massage Therapy",641-344-5117,,"United States",1,Corning,"Spas/beauty/personal care",,94,,379924348770347,http://www.facebook.com/379924348770347,"=HYPERLINK(""http://www.facebook.com/379924348770347/?sk=info"", ""379924348770347"")","=HYPERLINK(""http://builder.page2site.com/sites/add/fbid:379924348770347"", ""Create"")"
"Relaxation Massage Massage Therapy",66,"Relax and Revive Reflexology and Massage Therapy",07921862161,,"United Kingdom",44,Liverpool,"Spas/beauty/personal care","[{""id"":""139225689474222"",""name"":""Spa, Beauty & Personal Care""}]",46,1,144832942378012,http://www.facebook.com/144832942378012,"=HYPERLINK(""http://www.facebook.com/144832942378012/?sk=info"", ""144832942378012"")","=HYPERLINK(""http://builder.page2site.com/sites/add/fbid:144832942378012"", ""Create"")"
"Relaxation Massage Massage Therapy",67,"Relax Massage & Therapy","07956 804957",,"United Kingdom",44,"Batley Carr","Spas/beauty/personal care",,32,1,1436587626599547,http://www.facebook.com/1436587626599547,"=HYPERLINK(""http://www.facebook.com/1436587626599547/?sk=info"", ""1436587626599547"")","=HYPERLINK(""http://builder.page2site.com/sites/add/fbid:1436587626599547"", ""Create"")"
"Relaxation Massage Massage Therapy",68,"Total Relaxation Massage Therapy",,http://charitajones.scentsy.us,,,,"Home decor",,155,2,107977999236069,http://www.facebook.com/107977999236069,"=HYPERLINK(""http://www.facebook.com/107977999236069/?sk=info"", ""107977999236069"")","=HYPERLINK(""http://builder.page2site.com/sites/add/fbid:107977999236069"", ""Create"")"
"Relaxation Massage Massage Therapy",69,"Trisha's pure relaxation massage therapy",07476881354,,"United Kingdom",44,"Long Eaton",Health/medical/pharmacy,"[{""id"":""109578329118821"",""name"":""Massage""}]",38,,505873216197192,http://www.facebook.com/505873216197192,"=HYPERLINK(""http://www.facebook.com/505873216197192/?sk=info"", ""505873216197192"")","=HYPERLINK(""http://builder.page2site.com/sites/add/fbid:505873216197192"", ""Create"")"
"Relaxation Massage Massage Therapy",70,"Complete Relaxation Massage Therapy","07801 298 642",,"United Kingdom",44,"East Barnet","Spas/beauty/personal care","[{""id"":""357645644269220"",""name"":""Alternative & Holistic Health""}]",35,,164638180370355,http://www.facebook.com/164638180370355,"=HYPERLINK(""http://www.facebook.com/164638180370355/?sk=info"", ""164638180370355"")","=HYPERLINK(""http://builder.page2site.com/sites/add/fbid:164638180370355"", ""Create"")"
"Relaxation Massage Massage Therapy",71,"Perfect Way to Relax Massage Therapy","CALL (786)260-7721   o    (786)970-9649",,"United States",1,Miami,Health/beauty,,132,5,499850823410191,http://www.facebook.com/499850823410191,"=HYPERLINK(""http://www.facebook.com/499850823410191/?sk=info"", ""499850823410191"")","=HYPERLINK(""http://builder.page2site.com/sites/add/fbid:499850823410191"", ""Create"")"
"Relaxation Massage Massage Therapy",72,"Chantelle's Relaxation Massage Therapy",13068610307,,Canada,1,Midale,Health/beauty,"[{""id"":""2214"",""name"":""Health\/Beauty""}]",60,,215162975340003,http://www.facebook.com/215162975340003,"=HYPERLINK(""http://www.facebook.com/215162975340003/?sk=info"", ""215162975340003"")","=HYPERLINK(""http://builder.page2site.com/sites/add/fbid:215162975340003"", ""Create"")"
"Relaxation Massage Massage Therapy",73,"Knead to Relax Massage Therapy by Jen Rembish","(512) 736-6090",http://Jrembish.massagetherapy.com,"United States",1,Hutto,"Spas/beauty/personal care","[{""id"":""139225689474222"",""name"":""Spa, Beauty & Personal Care""}]",55,,694169477272714,http://www.facebook.com/694169477272714,"=HYPERLINK(""http://www.facebook.com/694169477272714/?sk=info"", ""694169477272714"")","=HYPERLINK(""http://builder.page2site.com/sites/add/fbid:694169477272714"", ""Create"")"
"Relaxation Massage Massage Therapy",74,"Kneading to Relax Massage Therapy Service"," 1868 776 7285",Www.kneading2relax.org,"Trinidad and Tobago","1 868","Port of Spain",Health/beauty,"[{""id"":""2214"",""name"":""Health\/Beauty""}]",715,3,136561299770,http://www.facebook.com/136561299770,"=HYPERLINK(""http://www.facebook.com/136561299770/?sk=info"", ""136561299770"")","=HYPERLINK(""http://builder.page2site.com/sites/add/fbid:136561299770"", ""Create"")"
"Relaxation Massage Massage Therapy",75,"East York Massage & Relaxation Therapy",,,Canada,1,Toronto,Health/medical/pharmacy,"[{""id"":""145118935550090"",""name"":""Medical & Health""}]",24,,199061040112257,http://www.facebook.com/199061040112257,"=HYPERLINK(""http://www.facebook.com/199061040112257/?sk=info"", ""199061040112257"")","=HYPERLINK(""http://builder.page2site.com/sites/add/fbid:199061040112257"", ""Create"")"
"Relaxation Massage Massage Therapy",76,"Let's Relax Massage Health Therapy",92211001,http://www.lionoriental.com,,,,Health/beauty,,33,,1459751884265660,http://www.facebook.com/1459751884265660,"=HYPERLINK(""http://www.facebook.com/1459751884265660/?sk=info"", ""1459751884265660"")","=HYPERLINK(""http://builder.page2site.com/sites/add/fbid:1459751884265660"", ""Create"")"
"Relaxation Massage Massage Therapy",77,"Just Relax Massage","(915) 799-3972",justrelaxmassagetherapy.massagetherapy.com,"United States",1,"El Paso","Spas/beauty/personal care","[{""id"":""109578329118821"",""name"":""Massage""}]",37,,539348486088540,http://www.facebook.com/539348486088540,"=HYPERLINK(""http://www.facebook.com/539348486088540/?sk=info"", ""539348486088540"")","=HYPERLINK(""http://builder.page2site.com/sites/add/fbid:539348486088540"", ""Create"")"
"Relaxation Massage Massage Therapy",78,"Relax and Heal Advanced Massage Therapy","(512) 636-0738",www.lacy-loucks.genbook.com,"United States",1,Pflugerville,"Spas/beauty/personal care","[{""id"":""139225689474222"",""name"":""Spa, Beauty & Personal Care""}]",114,,153731964741601,http://www.facebook.com/153731964741601,"=HYPERLINK(""http://www.facebook.com/153731964741601/?sk=info"", ""153731964741601"")","=HYPERLINK(""http://builder.page2site.com/sites/add/fbid:153731964741601"", ""Create"")"
"Relaxation Massage Massage Therapy",79,"Body Relaxation Massage Therapy LLC","(262) 676-1589",,"United States",1,Kenosha,Health/medical/pharmacy,"[{""id"":""145118935550090"",""name"":""Medical & Health""}]",18,,893608077331348,http://www.facebook.com/893608077331348,"=HYPERLINK(""http://www.facebook.com/893608077331348/?sk=info"", ""893608077331348"")","=HYPERLINK(""http://builder.page2site.com/sites/add/fbid:893608077331348"", ""Create"")"
"Relaxation Massage Massage Therapy",80,"Relaxation Remedial Therapeutic Massage",0435277140,,,,,Health/beauty,,79,,551597864878033,http://www.facebook.com/551597864878033,"=HYPERLINK(""http://www.facebook.com/551597864878033/?sk=info"", ""551597864878033"")","=HYPERLINK(""http://builder.page2site.com/sites/add/fbid:551597864878033"", ""Create"")"
"Relaxation Massage Massage Therapy",81,"Kneaded Relaxation Massage Therapy","626 644 8912",http://www.schedulicity.com,,,,Health/beauty,,14,,185026524963852,http://www.facebook.com/185026524963852,"=HYPERLINK(""http://www.facebook.com/185026524963852/?sk=info"", ""185026524963852"")","=HYPERLINK(""http://builder.page2site.com/sites/add/fbid:185026524963852"", ""Create"")"
"Relaxation Massage Massage Therapy",82,"Hands On - Massage Therapy & Relax",+351965882155,,,,,Health/beauty,,67,1,152094801521823,http://www.facebook.com/152094801521823,"=HYPERLINK(""http://www.facebook.com/152094801521823/?sk=info"", ""152094801521823"")","=HYPERLINK(""http://builder.page2site.com/sites/add/fbid:152094801521823"", ""Create"")"
"Relaxation Massage Massage Therapy",83,"Oasis of Relaxation Massage Therapy","(586) 322-6350",Oh-Relax.com,"United States",1,Roseville,"Local business","[{""id"":""109578329118821"",""name"":""Massage""}]",92,,189954664350135,http://www.facebook.com/189954664350135,"=HYPERLINK(""http://www.facebook.com/189954664350135/?sk=info"", ""189954664350135"")","=HYPERLINK(""http://builder.page2site.com/sites/add/fbid:189954664350135"", ""Create"")"
"Relaxation Massage Massage Therapy",84,"Kneading To Relax Massage Therapy and Doula Care","(832) 492-2628",,"United States",1,Pearland,"Spas/beauty/personal care","[{""id"":""139225689474222"",""name"":""Spa, Beauty & Personal Care""}]",24,,1539140822974268,http://www.facebook.com/1539140822974268,"=HYPERLINK(""http://www.facebook.com/1539140822974268/?sk=info"", ""1539140822974268"")","=HYPERLINK(""http://builder.page2site.com/sites/add/fbid:1539140822974268"", ""Create"")"
"Relaxation Massage Massage Therapy",85,"Langdon Alberta - Relax In Massage Therapy - Established 2001","403 803 9059",,,,,Health/medical/pharmacy,,200,,264152540369693,http://www.facebook.com/264152540369693,"=HYPERLINK(""http://www.facebook.com/264152540369693/?sk=info"", ""264152540369693"")","=HYPERLINK(""http://builder.page2site.com/sites/add/fbid:264152540369693"", ""Create"")"
"Relaxation Massage Massage Therapy",86,"Rest, Relax and Rewind Massage Therapy Services","(770) 806-9048",www.restrelaxrewind.com,"United States",1,Atlanta,"Spas/beauty/personal care","[{""id"":""139225689474222"",""name"":""Spa, Beauty & Personal Care""}]",175,2,156823611062655,http://www.facebook.com/156823611062655,"=HYPERLINK(""http://www.facebook.com/156823611062655/?sk=info"", ""156823611062655"")","=HYPERLINK(""http://builder.page2site.com/sites/add/fbid:156823611062655"", ""Create"")"
"Relaxation Massage Massage Therapy",87,"Continuity Therapy - Sports Massage & Relaxation Specialists","07908 287098",www.continuitytherapy.co.uk,"United Kingdom",44,Carlton,"Spas/beauty/personal care",,71,,158366047627653,http://www.facebook.com/158366047627653,"=HYPERLINK(""http://www.facebook.com/158366047627653/?sk=info"", ""158366047627653"")","=HYPERLINK(""http://builder.page2site.com/sites/add/fbid:158366047627653"", ""Create"")"
"Relaxation Massage Massage Therapy",88,"Just Relax Massage Therapy","(715) 703-9176",,"United States",1,"Chippewa Falls","Business services","[{""id"":""145118935550090"",""name"":""Medical & Health""},{""id"":""187133811318958"",""name"":""Business Services""}]",24,,157856484277708,http://www.facebook.com/157856484277708,"=HYPERLINK(""http://www.facebook.com/157856484277708/?sk=info"", ""157856484277708"")","=HYPERLINK(""http://builder.page2site.com/sites/add/fbid:157856484277708"", ""Create"")"
"Relaxation Massage Massage Therapy",89,"Gary Addis, LMT Neuromuscular Therapy and Relaxation Massage","(228) 209-3012",http://www.garyaddis.massagetherapy.com,"United States",1,Valdosta,Health/medical/pharmacy,"[{""id"":""357645644269220"",""name"":""Alternative & Holistic Health""}]",90,,426571177397909,http://www.facebook.com/426571177397909,"=HYPERLINK(""http://www.facebook.com/426571177397909/?sk=info"", ""426571177397909"")","=HYPERLINK(""http://builder.page2site.com/sites/add/fbid:426571177397909"", ""Create"")"
"Relaxation Massage Massage Therapy",90,"Relaxation Massage Therapy","808 218-0356",,,,,Community,,18,,319449568087564,http://www.facebook.com/319449568087564,"=HYPERLINK(""http://www.facebook.com/319449568087564/?sk=info"", ""319449568087564"")","=HYPERLINK(""http://builder.page2site.com/sites/add/fbid:319449568087564"", ""Create"")"
"Relaxation Massage Massage Therapy",91,"A Moment 2 Relax Massage Therapy","(208) 286-6487",http://www.amoment2relax.com/,"United States",1,Kuna,"Spas/beauty/personal care","[{""id"":""109578329118821"",""name"":""Massage""}]",219,3,186590658122764,http://www.facebook.com/186590658122764,"=HYPERLINK(""http://www.facebook.com/186590658122764/?sk=info"", ""186590658122764"")","=HYPERLINK(""http://builder.page2site.com/sites/add/fbid:186590658122764"", ""Create"")"
"Relaxation Massage Massage Therapy",92,"Ovens & King Sports + Relaxation Massage Therapy",0447749394,http://www.facebook.com/home.php?#!/profile.php?id=100003693673239,Australia,61,Wangaratta,Health/medical/pharmacy,"[{""id"":""145118935550090"",""name"":""Medical & Health""}]",100,,228391080596058,http://www.facebook.com/228391080596058,"=HYPERLINK(""http://www.facebook.com/228391080596058/?sk=info"", ""228391080596058"")","=HYPERLINK(""http://builder.page2site.com/sites/add/fbid:228391080596058"", ""Create"")"
"Relaxation Massage Massage Therapy",93,"Massage Therapy by Veronica at Karen Horton Relax Hour Spa","(903) 509-2546",,"United States",1,Tyler,"Spas/beauty/personal care","[{""id"":""139225689474222"",""name"":""Spa, Beauty & Personal Care""}]",75,,575141355904081,http://www.facebook.com/575141355904081,"=HYPERLINK(""http://www.facebook.com/575141355904081/?sk=info"", ""575141355904081"")","=HYPERLINK(""http://builder.page2site.com/sites/add/fbid:575141355904081"", ""Create"")"
"Relaxation Massage Massage Therapy",94,"Relax Restore Renew Massage Therapy & Bodyworks",,https://www.amtamembers.com/peggymiles,,,,"Spas/beauty/personal care",,55,,188614844499877,http://www.facebook.com/188614844499877,"=HYPERLINK(""http://www.facebook.com/188614844499877/?sk=info"", ""188614844499877"")","=HYPERLINK(""http://builder.page2site.com/sites/add/fbid:188614844499877"", ""Create"")"
"Relaxation Massage Massage Therapy",95,"Relax & Renew Massage Therapy","(914) 469-4352",www.michelehaight.com,"United States",1,Croton-on-Hudson,Health/medical/pharmacy,"[{""id"":""145118935550090"",""name"":""Medical & Health""}]",31,,196293130394350,http://www.facebook.com/196293130394350,"=HYPERLINK(""http://www.facebook.com/196293130394350/?sk=info"", ""196293130394350"")","=HYPERLINK(""http://builder.page2site.com/sites/add/fbid:196293130394350"", ""Create"")"
"Relaxation Massage Massage Therapy",96,"Relax Now Massage Therapy","(617) 420-2092",http://relaxnow.ws,"United States",1,Boston,Community,"[{""id"":""2612"",""name"":""Community""}]",47,,759224414109334,http://www.facebook.com/759224414109334,"=HYPERLINK(""http://www.facebook.com/759224414109334/?sk=info"", ""759224414109334"")","=HYPERLINK(""http://builder.page2site.com/sites/add/fbid:759224414109334"", ""Create"")"
"Relaxation Massage Massage Therapy",97,"Relieve & Relax Massage Therapy","(603) 455-2244",,"United States",1,Franklin,Community,"[{""id"":""184405378265823"",""name"":""Gym""}]",23,,289734984479074,http://www.facebook.com/289734984479074,"=HYPERLINK(""http://www.facebook.com/289734984479074/?sk=info"", ""289734984479074"")","=HYPERLINK(""http://builder.page2site.com/sites/add/fbid:289734984479074"", ""Create"")"
"Relaxation Massage Massage Therapy",98,"Kathy Ratke - Relax and Renew Massage Therapy",414-588-3468,http://webmail.massagetherapy.com/eonapps/ft/wm/page/wm,"United States",1,"West Allis","Professional services",,54,,131933266976488,http://www.facebook.com/131933266976488,"=HYPERLINK(""http://www.facebook.com/131933266976488/?sk=info"", ""131933266976488"")","=HYPERLINK(""http://builder.page2site.com/sites/add/fbid:131933266976488"", ""Create"")"
"Relaxation Massage Massage Therapy",99,"Newcastle Relaxation Massage Therapy",,,,,,"Local business","[{""id"":""176831012360626"",""name"":""Professional Services""}]",,,791932320874514,http://www.facebook.com/791932320874514,"=HYPERLINK(""http://www.facebook.com/791932320874514/?sk=info"", ""791932320874514"")","=HYPERLINK(""http://builder.page2site.com/sites/add/fbid:791932320874514"", ""Create"")"
"Relaxation Massage Massage Therapy",100,"R&R Massage Therapy","(336) 264-4005",,"United States",1,Fredericksburg,Health/medical/pharmacy,"[{""id"":""109578329118821"",""name"":""Massage""}]",119,1,1452676481671256,http://www.facebook.com/1452676481671256,"=HYPERLINK(""http://www.facebook.com/1452676481671256/?sk=info"", ""1452676481671256"")","=HYPERLINK(""http://builder.page2site.com/sites/add/fbid:1452676481671256"", ""Create"")"
"Relaxation Massage Massage Therapy",101,"Holistic Therapy & Relaxing Treatment , massage",00306944299722,http://www.facebook.com/constantinos.peitsis/,,,,Health/beauty,,314,16,252962188069518,http://www.facebook.com/252962188069518,"=HYPERLINK(""http://www.facebook.com/252962188069518/?sk=info"", ""252962188069518"")","=HYPERLINK(""http://builder.page2site.com/sites/add/fbid:252962188069518"", ""Create"")"
"Relaxation Massage Massage Therapy",102,"Relaxing Touch Massage Therapy","(605) 262-0454",http://schedule.bodyworkbuddy.com/relaxingtouch,"United States",1,Aberdeen,"Spas/beauty/personal care","[{""id"":""109578329118821"",""name"":""Massage""}]",136,1,251101388266531,http://www.facebook.com/251101388266531,"=HYPERLINK(""http://www.facebook.com/251101388266531/?sk=info"", ""251101388266531"")","=HYPERLINK(""http://builder.page2site.com/sites/add/fbid:251101388266531"", ""Create"")"
"Relaxation Massage Massage Therapy",103,"Be-Relaxed Massage Therapy","(302) 382-4481",http://www.berelaxed.massagetherapy.com,"United States",1,Milford,"Spas/beauty/personal care","[{""id"":""200814353265561"",""name"":""Spa""},{""id"":""109578329118821"",""name"":""Massage""}]",82,,334361716657343,http://www.facebook.com/334361716657343,"=HYPERLINK(""http://www.facebook.com/334361716657343/?sk=info"", ""334361716657343"")","=HYPERLINK(""http://builder.page2site.com/sites/add/fbid:334361716657343"", ""Create"")"
"Relaxation Massage Massage Therapy",104,"Revive your Wellness, Relaxation Massage Therapy,  By Tracey McCall.",,,"New Zealand",64,Tauranga,"Professional services","[{""id"":""176831012360626"",""name"":""Professional Services""}]",20,1,1514408335444579,http://www.facebook.com/1514408335444579,"=HYPERLINK(""http://www.facebook.com/1514408335444579/?sk=info"", ""1514408335444579"")","=HYPERLINK(""http://builder.page2site.com/sites/add/fbid:1514408335444579"", ""Create"")"
"Relaxation Massage Massage Therapy",105,"Students Sport and relaxation massage therapy",,,,,,University,,74,,518071558208429,http://www.facebook.com/518071558208429,"=HYPERLINK(""http://www.facebook.com/518071558208429/?sk=info"", ""518071558208429"")","=HYPERLINK(""http://builder.page2site.com/sites/add/fbid:518071558208429"", ""Create"")"
"Relaxation Massage Massage Therapy",106,"Roots N Wings Ranch Reflexology & Relaxation Back Massage Therapy",12043041263,,Canada,1,Altona,"Spas/beauty/personal care","[{""id"":""139225689474222"",""name"":""Spa, Beauty & Personal Care""}]",24,5,799627893416599,http://www.facebook.com/799627893416599,"=HYPERLINK(""http://www.facebook.com/799627893416599/?sk=info"", ""799627893416599"")","=HYPERLINK(""http://builder.page2site.com/sites/add/fbid:799627893416599"", ""Create"")"
"Relaxation Massage Massage Therapy",107,"""Relaxations""  Massage Therapy","(813) 943-7417",https://www.zeel.com/d/42770/peter-locklear-massage-therapist,"United States",1,"Plant City",Health/medical/pharmacy,"[{""id"":""145118935550090"",""name"":""Medical & Health""}]",115,,340423639344438,http://www.facebook.com/340423639344438,"=HYPERLINK(""http://www.facebook.com/340423639344438/?sk=info"", ""340423639344438"")","=HYPERLINK(""http://builder.page2site.com/sites/add/fbid:340423639344438"", ""Create"")"
"Relaxation Massage Massage Therapy",108,"Past Tense Sport & Relaxation Massage Therapy",,,"New Zealand",64,Napier,Sports/recreation/activities,,45,,152778188119924,http://www.facebook.com/152778188119924,"=HYPERLINK(""http://www.facebook.com/152778188119924/?sk=info"", ""152778188119924"")","=HYPERLINK(""http://builder.page2site.com/sites/add/fbid:152778188119924"", ""Create"")"
"Relaxation Massage Massage Therapy",109,"Relaxing Remedies Massage Therapy",269-838-2299,http://relaxingremedies.abmp.com,"United States",1,Allegan,Health/medical/pharmaceuticals,,106,,546094298820904,http://www.facebook.com/546094298820904,"=HYPERLINK(""http://www.facebook.com/546094298820904/?sk=info"", ""546094298820904"")","=HYPERLINK(""http://builder.page2site.com/sites/add/fbid:546094298820904"", ""Create"")"
"Relaxation Massage Massage Therapy",110,"Relax & Recover Massage Therapy",0872766507,,Ireland,353,Inver,Community,,30,,212772078816560,http://www.facebook.com/212772078816560,"=HYPERLINK(""http://www.facebook.com/212772078816560/?sk=info"", ""212772078816560"")","=HYPERLINK(""http://builder.page2site.com/sites/add/fbid:212772078816560"", ""Create"")"
"Relaxation Massage Massage Therapy",111,"Relaxing Massage Therapy",01099997825,,Egypt,20,Cairo,"Spas/beauty/personal care",,438,,385386954886250,http://www.facebook.com/385386954886250,"=HYPERLINK(""http://www.facebook.com/385386954886250/?sk=info"", ""385386954886250"")","=HYPERLINK(""http://builder.page2site.com/sites/add/fbid:385386954886250"", ""Create"")"
"Relaxation Massage Massage Therapy",112,"Bradley's Relaxing Massage Therapy","(479) 445-3267",,"United States",1,Fayetteville,"Spas/beauty/personal care","[{""id"":""139225689474222"",""name"":""Spa, Beauty & Personal Care""}]",67,,140798282697269,http://www.facebook.com/140798282697269,"=HYPERLINK(""http://www.facebook.com/140798282697269/?sk=info"", ""140798282697269"")","=HYPERLINK(""http://builder.page2site.com/sites/add/fbid:140798282697269"", ""Create"")"
"Relaxation Massage Massage Therapy",113,"Relaxed and Fit Massage Therapy","(314) 520-6674",http://relaxedandfit.amtamembers.com/,"United States",1,"St. Louis","Professional services","[{""id"":""109578329118821"",""name"":""Massage""}]",121,2,504751169654359,http://www.facebook.com/504751169654359,"=HYPERLINK(""http://www.facebook.com/504751169654359/?sk=info"", ""504751169654359"")","=HYPERLINK(""http://builder.page2site.com/sites/add/fbid:504751169654359"", ""Create"")"
"Relaxation Massage Massage Therapy",114,"Absolutely Relaxed Massage Therapy","(512) 709-8234",AbsolutelyRelaxedAustin.com,"United States",1,Austin,"Spas/beauty/personal care","[{""id"":""109578329118821"",""name"":""Massage""}]",47,2,141885765839771,http://www.facebook.com/141885765839771,"=HYPERLINK(""http://www.facebook.com/141885765839771/?sk=info"", ""141885765839771"")","=HYPERLINK(""http://builder.page2site.com/sites/add/fbid:141885765839771"", ""Create"")"
"Relaxation Massage Massage Therapy",115,"Relaxing Touch Massage Therapy","(952) 479-7297",Tyler244@frontier.com,"United States",1,Chaska,"Spas/beauty/personal care","[{""id"":""139225689474222"",""name"":""Spa, Beauty & Personal Care""}]",37,,354493971305181,http://www.facebook.com/354493971305181,"=HYPERLINK(""http://www.facebook.com/354493971305181/?sk=info"", ""354493971305181"")","=HYPERLINK(""http://builder.page2site.com/sites/add/fbid:354493971305181"", ""Create"")"
"Relaxation Massage Massage Therapy",116,"Relaxed Status Massage Therapy",214-566-4819,https://twitter.com/relaxedstatus,"United States",1,Dallas,"Small business",,119,2,163885967149425,http://www.facebook.com/163885967149425,"=HYPERLINK(""http://www.facebook.com/163885967149425/?sk=info"", ""163885967149425"")","=HYPERLINK(""http://builder.page2site.com/sites/add/fbid:163885967149425"", ""Create"")"
"Relaxation Massage Massage Therapy",117,"Relaxing Massage Therapy and Herbal Nutrition","(916) 344-8101",,"United States",1,Sacramento,"Spas/beauty/personal care","[{""id"":""109578329118821"",""name"":""Massage""}]",49,,214390585357705,http://www.facebook.com/214390585357705,"=HYPERLINK(""http://www.facebook.com/214390585357705/?sk=info"", ""214390585357705"")","=HYPERLINK(""http://builder.page2site.com/sites/add/fbid:214390585357705"", ""Create"")"
"Relaxation Massage Massage Therapy",118,"Manley's Rest & Recovery Massage Therapy",,,"United States",1,"Boynton Beach","Business services","[{""id"":""109578329118821"",""name"":""Massage""},{""id"":""187133811318958"",""name"":""Business Services""}]",193,1,221082204686004,http://www.facebook.com/221082204686004,"=HYPERLINK(""http://www.facebook.com/221082204686004/?sk=info"", ""221082204686004"")","=HYPERLINK(""http://builder.page2site.com/sites/add/fbid:221082204686004"", ""Create"")"
"Relaxation Massage Massage Therapy",119,"The Relaxing Shore, Dennis G. Ditch Massage Therapy","(724) 991-6476 or (724) 283-0518",www.therelaxingshore.com,"United States",1,Butler,"Local business","[{""id"":""176831012360626"",""name"":""Professional Services""}]",161,,160100167348896,http://www.facebook.com/160100167348896,"=HYPERLINK(""http://www.facebook.com/160100167348896/?sk=info"", ""160100167348896"")","=HYPERLINK(""http://builder.page2site.com/sites/add/fbid:160100167348896"", ""Create"")"
"Relaxation Massage Massage Therapy",120,"Rogers Relaxing Massage Therapy LLC","(802) 388-2376",http://www.RogersRelaxingMassageTherapy.abmp.com/,"United States",1,Middlebury,"Professional services","[{""id"":""109578329118821"",""name"":""Massage""}]",56,1,188117747894017,http://www.facebook.com/188117747894017,"=HYPERLINK(""http://www.facebook.com/188117747894017/?sk=info"", ""188117747894017"")","=HYPERLINK(""http://builder.page2site.com/sites/add/fbid:188117747894017"", ""Create"")"
"Relaxation Massage Massage Therapy",121,"Relaxing Moments Massage Therapy Inc.","(701) 255-3934",,"United States",1,Bismarck,Health/medical/pharmacy,"[{""id"":""145118935550090"",""name"":""Medical & Health""},{""id"":""109578329118821"",""name"":""Massage""}]",91,6,138630086205847,http://www.facebook.com/138630086205847,"=HYPERLINK(""http://www.facebook.com/138630086205847/?sk=info"", ""138630086205847"")","=HYPERLINK(""http://builder.page2site.com/sites/add/fbid:138630086205847"", ""Create"")"
"Relaxation Massage Massage Therapy",122,"Healing Hands Mobile Massage",716-946-3663,http://healinghandsrelaxa.wix.com/healinghands-massage,,,,Health/medical/pharmacy,,1,,483128871746410,http://www.facebook.com/483128871746410,"=HYPERLINK(""http://www.facebook.com/483128871746410/?sk=info"", ""483128871746410"")","=HYPERLINK(""http://builder.page2site.com/sites/add/fbid:483128871746410"", ""Create"")"
"Relaxation Massage Massage Therapy",123,"Bee Relaxed Massage Therapy","(928) 202-7632",beerelaxednow.com,"United States",1,Cottonwood,Health/beauty,"[{""id"":""2214"",""name"":""Health\/Beauty""}]",14,,235355949842128,http://www.facebook.com/235355949842128,"=HYPERLINK(""http://www.facebook.com/235355949842128/?sk=info"", ""235355949842128"")","=HYPERLINK(""http://builder.page2site.com/sites/add/fbid:235355949842128"", ""Create"")"
"Relaxation Massage Massage Therapy",124,"Relaxing Escapes Massage Therapy "" LLC""","(360) 490-8992",,"United States",1,Shelton,"Spas/beauty/personal care","[{""id"":""139225689474222"",""name"":""Spa, Beauty & Personal Care""}]",23,,116002128561874,http://www.facebook.com/116002128561874,"=HYPERLINK(""http://www.facebook.com/116002128561874/?sk=info"", ""116002128561874"")","=HYPERLINK(""http://builder.page2site.com/sites/add/fbid:116002128561874"", ""Create"")"
"Relaxation Massage Massage Therapy",125,"Relaxation and Sports Therapy",07818890378,http://www.relaxationandsportsmassagetherapy.co.uk,"United Kingdom",44,"Merthyr Tudful","Professional services","[{""id"":""109578329118821"",""name"":""Massage""}]",212,,639953836070934,http://www.facebook.com/639953836070934,"=HYPERLINK(""http://www.facebook.com/639953836070934/?sk=info"", ""639953836070934"")","=HYPERLINK(""http://builder.page2site.com/sites/add/fbid:639953836070934"", ""Create"")"
"Relaxation Massage Massage Therapy",126,"Freelance relaxing massage therapy",,,,,,Community,,,,1636327699927297,http://www.facebook.com/1636327699927297,"=HYPERLINK(""http://www.facebook.com/1636327699927297/?sk=info"", ""1636327699927297"")","=HYPERLINK(""http://builder.page2site.com/sites/add/fbid:1636327699927297"", ""Create"")"
"Relaxation Massage Massage Therapy",127,"Invigor Relax and Therapy",07837056704,,"United Kingdom",44,Kent,"Spas/beauty/personal care","[{""id"":""109578329118821"",""name"":""Massage""}]",320,16,1454637881421436,http://www.facebook.com/1454637881421436,"=HYPERLINK(""http://www.facebook.com/1454637881421436/?sk=info"", ""1454637881421436"")","=HYPERLINK(""http://builder.page2site.com/sites/add/fbid:1454637881421436"", ""Create"")"
"Relaxation Massage Massage Therapy",128,"Ultimate Relaxation Massage Therapy","(214) 620-0772",http://www.ultimaterelaxationmt.com,"United States",1,Dallas,"Spas/beauty/personal care","[{""id"":""139225689474222"",""name"":""Spa, Beauty & Personal Care""}]",4,,508078942539836,http://www.facebook.com/508078942539836,"=HYPERLINK(""http://www.facebook.com/508078942539836/?sk=info"", ""508078942539836"")","=HYPERLINK(""http://builder.page2site.com/sites/add/fbid:508078942539836"", ""Create"")"
"Relaxation Massage Massage Therapy",129,"Relaxation & Rehabilitation Massage Therapy","(440) 774-4000",,"United States",1,Oberlin,"Local business","[{""id"":""109578329118821"",""name"":""Massage""},{""id"":""145118935550090"",""name"":""Medical & Health""}]",2,,161362823887015,http://www.facebook.com/161362823887015,"=HYPERLINK(""http://www.facebook.com/161362823887015/?sk=info"", ""161362823887015"")","=HYPERLINK(""http://builder.page2site.com/sites/add/fbid:161362823887015"", ""Create"")"
"Relaxation Massage Massage Therapy",130,"Senkowski Massage Therapy","(610) 223-6714",,"United States",1,Reading,Health/medical/pharmacy,"[{""id"":""109578329118821"",""name"":""Massage""}]",3,,642711219156140,http://www.facebook.com/642711219156140,"=HYPERLINK(""http://www.facebook.com/642711219156140/?sk=info"", ""642711219156140"")","=HYPERLINK(""http://builder.page2site.com/sites/add/fbid:642711219156140"", ""Create"")"
"Relaxation Massage Massage Therapy",131,"Total Relaxation Therapy",,,Canada,1,Brossard,"Spas/beauty/personal care","[{""id"":""109578329118821"",""name"":""Massage""}]",9,,352457318206550,http://www.facebook.com/352457318206550,"=HYPERLINK(""http://www.facebook.com/352457318206550/?sk=info"", ""352457318206550"")","=HYPERLINK(""http://builder.page2site.com/sites/add/fbid:352457318206550"", ""Create"")"
"Relaxation Massage Massage Therapy",132,"Relaxation Station-Massage & Movement Therapy","(804) 642-4231",,"United States",1,Hayes,"Local business","[{""id"":""109578329118821"",""name"":""Massage""},{""id"":""145118935550090"",""name"":""Medical & Health""}]",,,122257071165419,http://www.facebook.com/122257071165419,"=HYPERLINK(""http://www.facebook.com/122257071165419/?sk=info"", ""122257071165419"")","=HYPERLINK(""http://builder.page2site.com/sites/add/fbid:122257071165419"", ""Create"")"
"Relaxation Massage Massage Therapy",133,"Lockeport Mobile Relaxation Therapy",9028740801,,Canada,1,Lockeport,"Local business","[{""id"":""109578329118821"",""name"":""Massage""}]",,,1502303630005900,http://www.facebook.com/1502303630005900,"=HYPERLINK(""http://www.facebook.com/1502303630005900/?sk=info"", ""1502303630005900"")","=HYPERLINK(""http://builder.page2site.com/sites/add/fbid:1502303630005900"", ""Create"")"
"Relaxation Massage Massage Therapy",134,"Narooma Remedial & Relaxation Massage & Bowen Therapy","0425 788 059",http://www.naroomamassage4u.com.au,Australia,61,Narooma,"Spas/beauty/personal care","[{""id"":""109578329118821"",""name"":""Massage""},{""id"":""200600219953504"",""name"":""Shopping & Retail""}]",1,,1536091599956527,http://www.facebook.com/1536091599956527,"=HYPERLINK(""http://www.facebook.com/1536091599956527/?sk=info"", ""1536091599956527"")","=HYPERLINK(""http://builder.page2site.com/sites/add/fbid:1536091599956527"", ""Create"")"
"Relaxation Massage Massage Therapy",135,"Peace and Relaxation Massage Therapy","(251) 599-9045",www.peaceandrelazation.com,"United States",1,Satsuma,"Local business","[{""id"":""2500"",""name"":""Local Business""}]",4,,143423975669451,http://www.facebook.com/143423975669451,"=HYPERLINK(""http://www.facebook.com/143423975669451/?sk=info"", ""143423975669451"")","=HYPERLINK(""http://builder.page2site.com/sites/add/fbid:143423975669451"", ""Create"")"
"Relaxation Massage Massage Therapy",136,"Masaj profesional ""Relax & Therapy""",069376096,,Moldova,373,Chisinau,Health/medical/pharmacy,"[{""id"":""109578329118821"",""name"":""Massage""}]",62,9,1475470076063574,http://www.facebook.com/1475470076063574,"=HYPERLINK(""http://www.facebook.com/1475470076063574/?sk=info"", ""1475470076063574"")","=HYPERLINK(""http://builder.page2site.com/sites/add/fbid:1475470076063574"", ""Create"")"
"Relaxation Massage Massage Therapy",137,"Relax and Renew Massage Therapy","(715) 635-9791",,"United States",1,Spooner,Health/medical/pharmacy,"[{""id"":""145118935550090"",""name"":""Medical & Health""}]",,,496549213693822,http://www.facebook.com/496549213693822,"=HYPERLINK(""http://www.facebook.com/496549213693822/?sk=info"", ""496549213693822"")","=HYPERLINK(""http://builder.page2site.com/sites/add/fbid:496549213693822"", ""Create"")"
