Keyword,#,Name,Phone,Website,Country,"Country code",City,Category,"Category List",Likes,"Talking about","Facebook ID","Facebook Url","Facebook Page Link","P2S Website"
"Secondhand Dealers",0,"Secondhand Dealers",,http://fr.myspace.com/secondhanddealers/photos/1011819#%7B%22ImageId%22%3A1011819%7D,,,,Musician/band,,5,,406378019443803,http://www.facebook.com/406378019443803,"=HYPERLINK(""http://www.facebook.com/406378019443803/?sk=info"", ""406378019443803"")","=HYPERLINK(""http://builder.page2site.com/sites/add/fbid:406378019443803"", ""Create"")"
"Secondhand Dealers",1,"Byron Bay Pawnbrokers & Secondhand Dealers",0266809444,http://byronbaypawnbrokers.com.au,Australia,61,"Byron Bay",Shopping/retail,"[{""id"":""200600219953504"",""name"":""Shopping & Retail""}]",74,,641657102536300,http://www.facebook.com/641657102536300,"=HYPERLINK(""http://www.facebook.com/641657102536300/?sk=info"", ""641657102536300"")","=HYPERLINK(""http://builder.page2site.com/sites/add/fbid:641657102536300"", ""Create"")"
"Secondhand Dealers",2,"KJB Models Secondhand Model Railway Dealer - N Gauge, OO Gauge & OO9 Gauge","07542 710005",www.kjbmodels.co.uk,"United Kingdom",44,Castleford,Transportation,"[{""id"":""2526"",""name"":""Transportation""}]",348,51,162374053869061,http://www.facebook.com/162374053869061,"=HYPERLINK(""http://www.facebook.com/162374053869061/?sk=info"", ""162374053869061"")","=HYPERLINK(""http://builder.page2site.com/sites/add/fbid:162374053869061"", ""Create"")"
"Secondhand Dealers",3,"Secondhand  Dealers & Pawnbrokers Association",0182973515/0791072153,www.pawnsecboard.co.za,,,,"Business services",,9,,189721874457095,http://www.facebook.com/189721874457095,"=HYPERLINK(""http://www.facebook.com/189721874457095/?sk=info"", ""189721874457095"")","=HYPERLINK(""http://builder.page2site.com/sites/add/fbid:189721874457095"", ""Create"")"
"Secondhand Dealers",4,Secondhand_Automax,"081-814-7196 , 084-055-0565",http://www.hotmail.com,Thailand,66,Bangkok,Automotive,"[{""id"":""182575511780536"",""name"":""Car Parts & Accessories""},{""id"":""124581960948637"",""name"":""Tire Dealer""}]",970,,1405037383058292,http://www.facebook.com/1405037383058292,"=HYPERLINK(""http://www.facebook.com/1405037383058292/?sk=info"", ""1405037383058292"")","=HYPERLINK(""http://builder.page2site.com/sites/add/fbid:1405037383058292"", ""Create"")"
"Secondhand Dealers",5,"Depozit Anvelope Secondhand",0764707090,,Romania,40,Popesti,Automotive,"[{""id"":""124581960948637"",""name"":""Tire Dealer""}]",254,12,178012065728929,http://www.facebook.com/178012065728929,"=HYPERLINK(""http://www.facebook.com/178012065728929/?sk=info"", ""178012065728929"")","=HYPERLINK(""http://builder.page2site.com/sites/add/fbid:178012065728929"", ""Create"")"
"Secondhand Dealers",6,"Second-HAND Dealer",9402416213,,India,91,Itanagar,"Local business","[{""id"":""200046713342752"",""name"":""Shopping Service""}]",17,,1581007775457840,http://www.facebook.com/1581007775457840,"=HYPERLINK(""http://www.facebook.com/1581007775457840/?sk=info"", ""1581007775457840"")","=HYPERLINK(""http://builder.page2site.com/sites/add/fbid:1581007775457840"", ""Create"")"
"Secondhand Dealers",7,"Russel Road Secondhand Dealers","041 582 32 45     and 082 5533 795",,"South Africa",27,"Port Elizabeth","Business services","[{""id"":""161516070564222"",""name"":""Financial Services""}]",31,1,263780207027147,http://www.facebook.com/263780207027147,"=HYPERLINK(""http://www.facebook.com/263780207027147/?sk=info"", ""263780207027147"")","=HYPERLINK(""http://builder.page2site.com/sites/add/fbid:263780207027147"", ""Create"")"
"Secondhand Dealers",8,"Secondhand Car Dealer",9510278709,http://www.facebook/nachiket.panchal,India,91,Ahmedabad,Automotive,"[{""id"":""2509"",""name"":""Automotive""}]",165,1,530008170349718,http://www.facebook.com/530008170349718,"=HYPERLINK(""http://www.facebook.com/530008170349718/?sk=info"", ""530008170349718"")","=HYPERLINK(""http://builder.page2site.com/sites/add/fbid:530008170349718"", ""Create"")"
"Secondhand Dealers",9,"Unley Road Pawnbrokers & Secondhand Dealers","08 8373 3177",http://stores.ebay.com.au/Unleysecondhand,Australia,61,Unley,"Local business","[{""id"":""200600219953504"",""name"":""Shopping & Retail""}]",11,,374947959225644,http://www.facebook.com/374947959225644,"=HYPERLINK(""http://www.facebook.com/374947959225644/?sk=info"", ""374947959225644"")","=HYPERLINK(""http://builder.page2site.com/sites/add/fbid:374947959225644"", ""Create"")"
"Secondhand Dealers",10,"Your Second-Hand Drug Dealer Music Blog",,"www.YourSecond-HandDrugDealer.blogspot.com http://www.mediafire.com/Y-S-H-D-D",,,,Aerospace/defense,,21,,118919932556,http://www.facebook.com/118919932556,"=HYPERLINK(""http://www.facebook.com/118919932556/?sk=info"", ""118919932556"")","=HYPERLINK(""http://builder.page2site.com/sites/add/fbid:118919932556"", ""Create"")"
"Secondhand Dealers",11,"CELL-tics Secondhand Phone Dealer",,,,,,Electronics,,28,,468844466480469,http://www.facebook.com/468844466480469,"=HYPERLINK(""http://www.facebook.com/468844466480469/?sk=info"", ""468844466480469"")","=HYPERLINK(""http://builder.page2site.com/sites/add/fbid:468844466480469"", ""Create"")"
"Secondhand Dealers",12,"Townsville Secondhand & New Tyres","07 4771 6344",http://www.townsvilletyres.com.au/,Australia,61,Townsville,"Local business","[{""id"":""124581960948637"",""name"":""Tire Dealer""}]",16,1,228923003905236,http://www.facebook.com/228923003905236,"=HYPERLINK(""http://www.facebook.com/228923003905236/?sk=info"", ""228923003905236"")","=HYPERLINK(""http://builder.page2site.com/sites/add/fbid:228923003905236"", ""Create"")"
"Secondhand Dealers",13,"Secondhand Alloys Ltd","0800 411 8005",www.secondhandalloys.co.uk,"United Kingdom",44,Hockley,Automotive,"[{""id"":""124581960948637"",""name"":""Tire Dealer""}]",24,1,461332843918155,http://www.facebook.com/461332843918155,"=HYPERLINK(""http://www.facebook.com/461332843918155/?sk=info"", ""461332843918155"")","=HYPERLINK(""http://builder.page2site.com/sites/add/fbid:461332843918155"", ""Create"")"
"Secondhand Dealers",14,"Kereta Secondhand Terbaik",0139335526,,Malaysia,60,"Kuala Terengganu",Transportation,"[{""id"":""131962450204676"",""name"":""Car Dealership""}]",210,7,490425067711251,http://www.facebook.com/490425067711251,"=HYPERLINK(""http://www.facebook.com/490425067711251/?sk=info"", ""490425067711251"")","=HYPERLINK(""http://builder.page2site.com/sites/add/fbid:490425067711251"", ""Create"")"
"Secondhand Dealers",15,"Promosi kereta baru dan secondhand",0138656064,,Malaysia,60,"Kota Kinabalu",Automotive,"[{""id"":""131962450204676"",""name"":""Car Dealership""}]",281,3,196958540454146,http://www.facebook.com/196958540454146,"=HYPERLINK(""http://www.facebook.com/196958540454146/?sk=info"", ""196958540454146"")","=HYPERLINK(""http://builder.page2site.com/sites/add/fbid:196958540454146"", ""Create"")"
"Secondhand Dealers",16,"A 2 Z Secondhand Dealers",0393151254,,"South Africa",27,"Uvongo Beach",Shopping/retail,"[{""id"":""162845797101278"",""name"":""Furniture Store""}]",9,,912867212062297,http://www.facebook.com/912867212062297,"=HYPERLINK(""http://www.facebook.com/912867212062297/?sk=info"", ""912867212062297"")","=HYPERLINK(""http://builder.page2site.com/sites/add/fbid:912867212062297"", ""Create"")"
"Secondhand Dealers",17,"Victory Ticket Pawn & Second-hand Dealers",+27721234320,,"South Africa",27,Pietermaritzburg,"Local business","[{""id"":""2500"",""name"":""Local Business""}]",2,,220492631419405,http://www.facebook.com/220492631419405,"=HYPERLINK(""http://www.facebook.com/220492631419405/?sk=info"", ""220492631419405"")","=HYPERLINK(""http://builder.page2site.com/sites/add/fbid:220492631419405"", ""Create"")"
"Secondhand Dealers",18,"Barriek Secondhand Dealer",0827553295,,"South Africa",27,Koster,"Local business","[{""id"":""162845797101278"",""name"":""Furniture Store""},{""id"":""150060378385891"",""name"":""Appliances""}]",3,4,507512689352244,http://www.facebook.com/507512689352244,"=HYPERLINK(""http://www.facebook.com/507512689352244/?sk=info"", ""507512689352244"")","=HYPERLINK(""http://builder.page2site.com/sites/add/fbid:507512689352244"", ""Create"")"
