Keyword,#,Name,Phone,Website,Country,"Country code",City,Category,"Category List",Likes,"Talking about","Facebook ID","Facebook Url","Facebook Page Link","P2S Website"
"Singing Teacher",0,"Singing Teacher",,http://www.singingteacher.eu,,,,Education,,97,1,1403325689934153,http://www.facebook.com/1403325689934153,"=HYPERLINK(""http://www.facebook.com/1403325689934153/?sk=info"", ""1403325689934153"")","=HYPERLINK(""http://builder.page2site.com/sites/add/fbid:1403325689934153"", ""Create"")"
"Singing Teacher",1,"Singing teacher",0430084582,www.facebook.com/singingteacher,Australia,61,Perth,Education,,85,,301073506633001,http://www.facebook.com/301073506633001,"=HYPERLINK(""http://www.facebook.com/301073506633001/?sk=info"", ""301073506633001"")","=HYPERLINK(""http://builder.page2site.com/sites/add/fbid:301073506633001"", ""Create"")"
"Singing Teacher",2,"Singing Teacher",0412344269,,,,,Arts/entertainment/nightlife,"[{""id"":""187301137968148"",""name"":""Performing Arts Education""}]",53,,308660722627023,http://www.facebook.com/308660722627023,"=HYPERLINK(""http://www.facebook.com/308660722627023/?sk=info"", ""308660722627023"")","=HYPERLINK(""http://builder.page2site.com/sites/add/fbid:308660722627023"", ""Create"")"
"Singing Teacher",3,"Singing Teacher",07826429460,,"United Kingdom",44,Swindon,Education,"[{""id"":""186983191324114"",""name"":""Music Lessons & Instruction""}]",16,1,269822449891341,http://www.facebook.com/269822449891341,"=HYPERLINK(""http://www.facebook.com/269822449891341/?sk=info"", ""269822449891341"")","=HYPERLINK(""http://builder.page2site.com/sites/add/fbid:269822449891341"", ""Create"")"
"Singing Teacher",4,"Singing Teacher","0211 804 811",www.macombee.com,"New Zealand",64,Titirangi,Education,,93,,213761995303318,http://www.facebook.com/213761995303318,"=HYPERLINK(""http://www.facebook.com/213761995303318/?sk=info"", ""213761995303318"")","=HYPERLINK(""http://builder.page2site.com/sites/add/fbid:213761995303318"", ""Create"")"
"Singing Teacher",5,"Singing teacher",,,,,,"Anatomical structure",,98,,110587258962954,http://www.facebook.com/110587258962954,"=HYPERLINK(""http://www.facebook.com/110587258962954/?sk=info"", ""110587258962954"")","=HYPERLINK(""http://builder.page2site.com/sites/add/fbid:110587258962954"", ""Create"")"
"Singing Teacher",6,"Singing Teacher Vanguards",,http://www.rosscampbell.biz,,,,Community,,62,,1466327136961397,http://www.facebook.com/1466327136961397,"=HYPERLINK(""http://www.facebook.com/1466327136961397/?sk=info"", ""1466327136961397"")","=HYPERLINK(""http://builder.page2site.com/sites/add/fbid:1466327136961397"", ""Create"")"
"Singing Teacher",7,"Singing Teacher Kirkcaldy",07812167667,,"United Kingdom",44,Kirkcaldy,"Local business","[{""id"":""186983191324114"",""name"":""Music Lessons & Instruction""}]",120,1,232732706891792,http://www.facebook.com/232732706891792,"=HYPERLINK(""http://www.facebook.com/232732706891792/?sk=info"", ""232732706891792"")","=HYPERLINK(""http://builder.page2site.com/sites/add/fbid:232732706891792"", ""Create"")"
"Singing Teacher",8,"Hannah Garbo - Singing Teacher",0406108700,<<not-applicable>>,,,,"Local business","[{""id"":""186983191324114"",""name"":""Music Lessons & Instruction""},{""id"":""145296352197250"",""name"":""Tutoring""}]",172,,1443194435929168,http://www.facebook.com/1443194435929168,"=HYPERLINK(""http://www.facebook.com/1443194435929168/?sk=info"", ""1443194435929168"")","=HYPERLINK(""http://builder.page2site.com/sites/add/fbid:1443194435929168"", ""Create"")"
"Singing Teacher",9,"Singing History Teachers",,http://www.youtube.com/user/SinginHistoryTeacher,,,,Teacher,,147,1,241345209370377,http://www.facebook.com/241345209370377,"=HYPERLINK(""http://www.facebook.com/241345209370377/?sk=info"", ""241345209370377"")","=HYPERLINK(""http://builder.page2site.com/sites/add/fbid:241345209370377"", ""Create"")"
"Singing Teacher",10,"Stephanie Sell - Singing Teacher & Vocal Coach",,,"United Arab Emirates",971,"Abu Dhabi","Professional services","[{""id"":""145296352197250"",""name"":""Tutoring""},{""id"":""186983191324114"",""name"":""Music Lessons & Instruction""}]",410,13,465544753544278,http://www.facebook.com/465544753544278,"=HYPERLINK(""http://www.facebook.com/465544753544278/?sk=info"", ""465544753544278"")","=HYPERLINK(""http://builder.page2site.com/sites/add/fbid:465544753544278"", ""Create"")"
"Singing Teacher",11,"Peter Taylor: Baritone Soloist, Singing Teacher, Choral Conductor.","07947 422 670",,,,,Musician/band,,233,4,207705319344602,http://www.facebook.com/207705319344602,"=HYPERLINK(""http://www.facebook.com/207705319344602/?sk=info"", ""207705319344602"")","=HYPERLINK(""http://builder.page2site.com/sites/add/fbid:207705319344602"", ""Create"")"
"Singing Teacher",12,"National Association of Teachers of Singing (NATS)","(904) 992-9101","NATS Home Page: http://www.nats.org
NATS FB Page: http://www.facebook.com/OfficialNATS
NATS Staff FB Profile: http://www.facebook.com/nats.staff
Members only FB Group: http://www.facebook.com/group.php?gid=36556742895
Twitter: http://twitter.com/OfficialNATS
YouTube: http://www.youtube.com/user/OfficialNATS
LinkedIn Company Page: http://www.linkedin.com/company/nat'l-assoc.-of-teachers-of-singing-nats-
Members only LinkedIn Group: http://www.linkedin.com/groups?mostPopular=&gid=3763179","United States",1,Jacksonville,"Non-profit organization","[{""id"":""198503866828628"",""name"":""Organization""}]",4701,41,173389762699358,http://www.facebook.com/173389762699358,"=HYPERLINK(""http://www.facebook.com/173389762699358/?sk=info"", ""173389762699358"")","=HYPERLINK(""http://builder.page2site.com/sites/add/fbid:173389762699358"", ""Create"")"
"Singing Teacher",13,"The Singing Teacher",,http://www.studioinku.com/,,,,Movie,,256,3,781335385242683,http://www.facebook.com/781335385242683,"=HYPERLINK(""http://www.facebook.com/781335385242683/?sk=info"", ""781335385242683"")","=HYPERLINK(""http://builder.page2site.com/sites/add/fbid:781335385242683"", ""Create"")"
"Singing Teacher",14,"Australian National Association of Teachers of Singing (ANATS)",,http://anats.org.au/wordpress/,,,,Education,,604,108,191189257593538,http://www.facebook.com/191189257593538,"=HYPERLINK(""http://www.facebook.com/191189257593538/?sk=info"", ""191189257593538"")","=HYPERLINK(""http://builder.page2site.com/sites/add/fbid:191189257593538"", ""Create"")"
"Singing Teacher",15,"Simon McEnery, singing teacher","01722 712879",http://www.mcenery.co.uk,"United Kingdom",44,Salisbury,Education,"[{""id"":""186983191324114"",""name"":""Music Lessons & Instruction""},{""id"":""187301137968148"",""name"":""Performing Arts Education""},{""id"":""127610667306994"",""name"":""Adult Education""}]",369,,349475058562356,http://www.facebook.com/349475058562356,"=HYPERLINK(""http://www.facebook.com/349475058562356/?sk=info"", ""349475058562356"")","=HYPERLINK(""http://builder.page2site.com/sites/add/fbid:349475058562356"", ""Create"")"
"Singing Teacher",16,"Cindy Appleton - Singing Teacher",99812677,http://www.fortemusic.com.au,Australia,61,Sydney,Education,"[{""id"":""151676848220295"",""name"":""Education""}]",201,9,248353945194065,http://www.facebook.com/248353945194065,"=HYPERLINK(""http://www.facebook.com/248353945194065/?sk=info"", ""248353945194065"")","=HYPERLINK(""http://builder.page2site.com/sites/add/fbid:248353945194065"", ""Create"")"
"Singing Teacher",17,"Northampton Singing Teacher","01604 460942",http://www.northamptonsingingteacher.co.uk,"United Kingdom",44,Northampton,Education,"[{""id"":""186983191324114"",""name"":""Music Lessons & Instruction""}]",69,,291544120970841,http://www.facebook.com/291544120970841,"=HYPERLINK(""http://www.facebook.com/291544120970841/?sk=info"", ""291544120970841"")","=HYPERLINK(""http://builder.page2site.com/sites/add/fbid:291544120970841"", ""Create"")"
"Singing Teacher",18,"Alana Shirley - Midlands Singing Teacher",07737576099,http://www.alanashirley.com,"United Kingdom",44,Nuneaton,Arts/entertainment/nightlife,"[{""id"":""186983191324114"",""name"":""Music Lessons & Instruction""}]",213,12,610974565677977,http://www.facebook.com/610974565677977,"=HYPERLINK(""http://www.facebook.com/610974565677977/?sk=info"", ""610974565677977"")","=HYPERLINK(""http://builder.page2site.com/sites/add/fbid:610974565677977"", ""Create"")"
"Singing Teacher",19,"Singing Teachers Worldwide Community",,http://www.singing-teachers.co.uk,,,,"Education website",,68,1,146850922541,http://www.facebook.com/146850922541,"=HYPERLINK(""http://www.facebook.com/146850922541/?sk=info"", ""146850922541"")","=HYPERLINK(""http://builder.page2site.com/sites/add/fbid:146850922541"", ""Create"")"
"Singing Teacher",20,"Singing Teacher Bristol",,,"United Kingdom",44,Bristol,"Professional services",,22,,653909521336729,http://www.facebook.com/653909521336729,"=HYPERLINK(""http://www.facebook.com/653909521336729/?sk=info"", ""653909521336729"")","=HYPERLINK(""http://builder.page2site.com/sites/add/fbid:653909521336729"", ""Create"")"
"Singing Teacher",21,"Brandon Kennedy - Singing / Screaming Teacher",,http://www.youtube.com/brandonkennedybmx,,,,Teacher,,1213,46,252420358219970,http://www.facebook.com/252420358219970,"=HYPERLINK(""http://www.facebook.com/252420358219970/?sk=info"", ""252420358219970"")","=HYPERLINK(""http://builder.page2site.com/sites/add/fbid:252420358219970"", ""Create"")"
"Singing Teacher",22,"Chris Nolan - Singing Teacher",,http://www.chrisnolanvoice.com,,,,Teacher,,106,2,785807064805406,http://www.facebook.com/785807064805406,"=HYPERLINK(""http://www.facebook.com/785807064805406/?sk=info"", ""785807064805406"")","=HYPERLINK(""http://builder.page2site.com/sites/add/fbid:785807064805406"", ""Create"")"
"Singing Teacher",23,"Karyn Overstreet Broadway Experienced Singing Teacher & Coach","(917) 549-7623","http://www.karynoverstreet.com http://www.twitter.com","United States",1,"San Diego","Local business","[{""id"":""2500"",""name"":""Local Business""}]",206,,234025473361082,http://www.facebook.com/234025473361082,"=HYPERLINK(""http://www.facebook.com/234025473361082/?sk=info"", ""234025473361082"")","=HYPERLINK(""http://builder.page2site.com/sites/add/fbid:234025473361082"", ""Create"")"
"Singing Teacher",24,"Singing Teacher Tania Goode ALCM","0797 1888 523",,"United Kingdom",44,Coventry,"Local business","[{""id"":""2500"",""name"":""Local Business""}]",104,1,159116414121270,http://www.facebook.com/159116414121270,"=HYPERLINK(""http://www.facebook.com/159116414121270/?sk=info"", ""159116414121270"")","=HYPERLINK(""http://builder.page2site.com/sites/add/fbid:159116414121270"", ""Create"")"
"Singing Teacher",25,"Singing Yoga Teacher",01761472143,,"United Kingdom",44,Radstock,Club,"[{""id"":""174832985894571"",""name"":""Yoga & Pilates""}]",25,,332016880281389,http://www.facebook.com/332016880281389,"=HYPERLINK(""http://www.facebook.com/332016880281389/?sk=info"", ""332016880281389"")","=HYPERLINK(""http://builder.page2site.com/sites/add/fbid:332016880281389"", ""Create"")"
"Singing Teacher",26,"North East Singing Teacher Anna Leigh Vocal Studios",07783418280,www.annaleighvocalstudios.com,"United Kingdom",44,"North Shields",Education,"[{""id"":""151676848220295"",""name"":""Education""}]",507,9,241004275942669,http://www.facebook.com/241004275942669,"=HYPERLINK(""http://www.facebook.com/241004275942669/?sk=info"", ""241004275942669"")","=HYPERLINK(""http://builder.page2site.com/sites/add/fbid:241004275942669"", ""Create"")"
"Singing Teacher",27,"Sarah Gilmour - Singing Teacher",07599947276,http://www.singingtutor.net,"United Kingdom",44,Carrickfergus,Education,"[{""id"":""145296352197250"",""name"":""Tutoring""},{""id"":""186983191324114"",""name"":""Music Lessons & Instruction""}]",183,,298472303650021,http://www.facebook.com/298472303650021,"=HYPERLINK(""http://www.facebook.com/298472303650021/?sk=info"", ""298472303650021"")","=HYPERLINK(""http://builder.page2site.com/sites/add/fbid:298472303650021"", ""Create"")"
"Singing Teacher",28,"Hayley-Jayne Langwith Singing Teacher",0411873910,http://stageandvoice.com,Australia,61,Terrigal,Education,"[{""id"":""186983191324114"",""name"":""Music Lessons & Instruction""}]",145,,630133183676424,http://www.facebook.com/630133183676424,"=HYPERLINK(""http://www.facebook.com/630133183676424/?sk=info"", ""630133183676424"")","=HYPERLINK(""http://builder.page2site.com/sites/add/fbid:630133183676424"", ""Create"")"
"Singing Teacher",29,"Singing Teacher Brighton",,http://WWW.muzicing.com,"United Kingdom",44,Brighton,Education,"[{""id"":""186983191324114"",""name"":""Music Lessons & Instruction""},{""id"":""186998168001766"",""name"":""Private School""},{""id"":""180164648685982"",""name"":""Bands & Musicians""}]",22,,176758075789770,http://www.facebook.com/176758075789770,"=HYPERLINK(""http://www.facebook.com/176758075789770/?sk=info"", ""176758075789770"")","=HYPERLINK(""http://builder.page2site.com/sites/add/fbid:176758075789770"", ""Create"")"
"Singing Teacher",30,"Astrea Amaduzzi Soprano & Singing Teacher",,http://www.belcantoitaliano.com,,,,Musician/band,,985,66,280437262048431,http://www.facebook.com/280437262048431,"=HYPERLINK(""http://www.facebook.com/280437262048431/?sk=info"", ""280437262048431"")","=HYPERLINK(""http://builder.page2site.com/sites/add/fbid:280437262048431"", ""Create"")"
"Singing Teacher",31,"James Hedges - Singing Teacher",07912211451,http://www.musicteachers.co.uk/user/542f9df10c10e80de396,"United Kingdom",44,"Newcastle upon Tyne",Education,,63,,660762743959063,http://www.facebook.com/660762743959063,"=HYPERLINK(""http://www.facebook.com/660762743959063/?sk=info"", ""660762743959063"")","=HYPERLINK(""http://builder.page2site.com/sites/add/fbid:660762743959063"", ""Create"")"
"Singing Teacher",32,"Singing teacher & Freelance Singer",07989529660,http://www.classical-singer.co.uk,"United Kingdom",44,Darlington,"Local business","[{""id"":""186983191324114"",""name"":""Music Lessons & Instruction""}]",33,,173329286203210,http://www.facebook.com/173329286203210,"=HYPERLINK(""http://www.facebook.com/173329286203210/?sk=info"", ""173329286203210"")","=HYPERLINK(""http://builder.page2site.com/sites/add/fbid:173329286203210"", ""Create"")"
"Singing Teacher",33,"Jessica Soden - Singing Teacher",,,Australia,61,Wollongong,Teacher,,143,26,309008925896931,http://www.facebook.com/309008925896931,"=HYPERLINK(""http://www.facebook.com/309008925896931/?sk=info"", ""309008925896931"")","=HYPERLINK(""http://builder.page2site.com/sites/add/fbid:309008925896931"", ""Create"")"
"Singing Teacher",34,"Joanne Subramaniam - Singing Teacher","0408 246 854",http://www.jaanz.com.au,Australia,61,Mulgrave,"Local business",,349,9,151343254894395,http://www.facebook.com/151343254894395,"=HYPERLINK(""http://www.facebook.com/151343254894395/?sk=info"", ""151343254894395"")","=HYPERLINK(""http://builder.page2site.com/sites/add/fbid:151343254894395"", ""Create"")"
"Singing Teacher",35,"Singing Teacher and Voice Coach","07929 287 452",http://www.hopemcnamara.com,,,,Teacher,,86,,163826693797882,http://www.facebook.com/163826693797882,"=HYPERLINK(""http://www.facebook.com/163826693797882/?sk=info"", ""163826693797882"")","=HYPERLINK(""http://builder.page2site.com/sites/add/fbid:163826693797882"", ""Create"")"
"Singing Teacher",36,"Andover Singing Teacher","07738 110317",,"United Kingdom",44,Andover,Education,"[{""id"":""151676848220295"",""name"":""Education""}]",56,,275574209251493,http://www.facebook.com/275574209251493,"=HYPERLINK(""http://www.facebook.com/275574209251493/?sk=info"", ""275574209251493"")","=HYPERLINK(""http://builder.page2site.com/sites/add/fbid:275574209251493"", ""Create"")"
"Singing Teacher",37,"Clare Martin Singing Teacher",,http://singingteacherauckland.co.nz/,"New Zealand",64,Auckland,"Small business",,105,7,493499600708782,http://www.facebook.com/493499600708782,"=HYPERLINK(""http://www.facebook.com/493499600708782/?sk=info"", ""493499600708782"")","=HYPERLINK(""http://builder.page2site.com/sites/add/fbid:493499600708782"", ""Create"")"
"Singing Teacher",38,"Yuri Sabatini Singing Teacher",07862275089,www.yurisabatini.com,"United Kingdom",44,London,"Local business","[{""id"":""186983191324114"",""name"":""Music Lessons & Instruction""}]",231,3,103458936409197,http://www.facebook.com/103458936409197,"=HYPERLINK(""http://www.facebook.com/103458936409197/?sk=info"", ""103458936409197"")","=HYPERLINK(""http://builder.page2site.com/sites/add/fbid:103458936409197"", ""Create"")"
"Singing Teacher",39,"Paul Bellamy - Singing Teacher",07531454437,https://plus.google.com/101190216696422982795/about?hl=en,"United Kingdom",44,Worcester,Arts/entertainment/nightlife,"[{""id"":""186983191324114"",""name"":""Music Lessons & Instruction""}]",123,3,1402050106710705,http://www.facebook.com/1402050106710705,"=HYPERLINK(""http://www.facebook.com/1402050106710705/?sk=info"", ""1402050106710705"")","=HYPERLINK(""http://builder.page2site.com/sites/add/fbid:1402050106710705"", ""Create"")"
"Singing Teacher",40,"Singing Teacher","07514 299062",,"United Kingdom",44,Lymm,"Local business",,1,,251305714966791,http://www.facebook.com/251305714966791,"=HYPERLINK(""http://www.facebook.com/251305714966791/?sk=info"", ""251305714966791"")","=HYPERLINK(""http://builder.page2site.com/sites/add/fbid:251305714966791"", ""Create"")"
"Singing Teacher",41,"Kerryn Lockhart - Vocalist & Singing Teacher",,http://kerrynlockhart.com.au,,,,Arts/entertainment/nightlife,,142,16,161928393998392,http://www.facebook.com/161928393998392,"=HYPERLINK(""http://www.facebook.com/161928393998392/?sk=info"", ""161928393998392"")","=HYPERLINK(""http://builder.page2site.com/sites/add/fbid:161928393998392"", ""Create"")"
"Singing Teacher",42,"Fiona Hammacott- Singing teacher","07957 363 339",http://www.fionahammacott.co.uk,"United Kingdom",44,"Saint Albans",Education,"[{""id"":""145296352197250"",""name"":""Tutoring""}]",129,,587262464647318,http://www.facebook.com/587262464647318,"=HYPERLINK(""http://www.facebook.com/587262464647318/?sk=info"", ""587262464647318"")","=HYPERLINK(""http://builder.page2site.com/sites/add/fbid:587262464647318"", ""Create"")"
"Singing Teacher",43,"Lauren O'Hare - Singing Teacher",07866560358,,,,,Education,,119,15,748933015158252,http://www.facebook.com/748933015158252,"=HYPERLINK(""http://www.facebook.com/748933015158252/?sk=info"", ""748933015158252"")","=HYPERLINK(""http://builder.page2site.com/sites/add/fbid:748933015158252"", ""Create"")"
"Singing Teacher",44,"Vocal Coach/singing teacher, Malvern",07766600209,http://www.marilynmiddleton.co.uk,,,,Education,,110,,412215048870901,http://www.facebook.com/412215048870901,"=HYPERLINK(""http://www.facebook.com/412215048870901/?sk=info"", ""412215048870901"")","=HYPERLINK(""http://builder.page2site.com/sites/add/fbid:412215048870901"", ""Create"")"
"Singing Teacher",45,"Emma Broady- Singing Teacher/Assistant to David Jaanz","0401 874 872",http://www.jaanz.com.au,Australia,61,Oakleigh,Education,"[{""id"":""151676848220295"",""name"":""Education""}]",429,7,140048096008510,http://www.facebook.com/140048096008510,"=HYPERLINK(""http://www.facebook.com/140048096008510/?sk=info"", ""140048096008510"")","=HYPERLINK(""http://builder.page2site.com/sites/add/fbid:140048096008510"", ""Create"")"
"Singing Teacher",46,"Jennifer Rose Barton - Singing Teacher/ Glee Club Leader",,,,,,Teacher,,250,7,373675102736508,http://www.facebook.com/373675102736508,"=HYPERLINK(""http://www.facebook.com/373675102736508/?sk=info"", ""373675102736508"")","=HYPERLINK(""http://builder.page2site.com/sites/add/fbid:373675102736508"", ""Create"")"
"Singing Teacher",47,"Brisbane Contemporary Singing Teacher","0429 431942",,Australia,61,Brisbane,"Professional services","[{""id"":""151676848220295"",""name"":""Education""}]",55,,434404093329702,http://www.facebook.com/434404093329702,"=HYPERLINK(""http://www.facebook.com/434404093329702/?sk=info"", ""434404093329702"")","=HYPERLINK(""http://builder.page2site.com/sites/add/fbid:434404093329702"", ""Create"")"
"Singing Teacher",48,"Gerry Noonan,  Singing Teacher and Performer",,,,,,Teacher,,162,,452889038122059,http://www.facebook.com/452889038122059,"=HYPERLINK(""http://www.facebook.com/452889038122059/?sk=info"", ""452889038122059"")","=HYPERLINK(""http://builder.page2site.com/sites/add/fbid:452889038122059"", ""Create"")"
"Singing Teacher",49,"Helena McCrisken Singing Teacher",,,,,,Education,"[{""id"":""186983191324114"",""name"":""Music Lessons & Instruction""}]",67,,1484801778421422,http://www.facebook.com/1484801778421422,"=HYPERLINK(""http://www.facebook.com/1484801778421422/?sk=info"", ""1484801778421422"")","=HYPERLINK(""http://builder.page2site.com/sites/add/fbid:1484801778421422"", ""Create"")"
"Singing Teacher",50,"Leeds Singing Teacher - Caroline Challis","07717 006531",http://www.carolinechallis.com/singing-lessons,,,,Education,,76,,285390434813411,http://www.facebook.com/285390434813411,"=HYPERLINK(""http://www.facebook.com/285390434813411/?sk=info"", ""285390434813411"")","=HYPERLINK(""http://builder.page2site.com/sites/add/fbid:285390434813411"", ""Create"")"
"Singing Teacher",51,"Tom Hare - Singing Teacher",07899091237,,"United Kingdom",44,Truro,Education,"[{""id"":""186983191324114"",""name"":""Music Lessons & Instruction""}]",60,1,585317448176205,http://www.facebook.com/585317448176205,"=HYPERLINK(""http://www.facebook.com/585317448176205/?sk=info"", ""585317448176205"")","=HYPERLINK(""http://builder.page2site.com/sites/add/fbid:585317448176205"", ""Create"")"
"Singing Teacher",52,"Association of Teachers of Singing (AOTOS)",,http://aotos.org.uk/,,,,Organization,,519,58,137734636266622,http://www.facebook.com/137734636266622,"=HYPERLINK(""http://www.facebook.com/137734636266622/?sk=info"", ""137734636266622"")","=HYPERLINK(""http://builder.page2site.com/sites/add/fbid:137734636266622"", ""Create"")"
"Singing Teacher",53,"Elizabeth Kellogg, Singing Teacher",,,Canada,1,"Port Hope",Teacher,,21,,381663308525482,http://www.facebook.com/381663308525482,"=HYPERLINK(""http://www.facebook.com/381663308525482/?sk=info"", ""381663308525482"")","=HYPERLINK(""http://builder.page2site.com/sites/add/fbid:381663308525482"", ""Create"")"
"Singing Teacher",54,"Natalie Windsor BaHons PgCert - Singing Teacher, Soprano, Jazz Vocalist","07508 041442",www.nataliewindsor.co.uk,"United Kingdom",44,Wirksworth,Education,"[{""id"":""133436743388217"",""name"":""Arts & Entertainment""},{""id"":""186983191324114"",""name"":""Music Lessons & Instruction""},{""id"":""180164648685982"",""name"":""Bands & Musicians""}]",98,5,146824982074528,http://www.facebook.com/146824982074528,"=HYPERLINK(""http://www.facebook.com/146824982074528/?sk=info"", ""146824982074528"")","=HYPERLINK(""http://builder.page2site.com/sites/add/fbid:146824982074528"", ""Create"")"
"Singing Teacher",55,"Owain Jones, Singing Teacher",,,"United Kingdom",44,Wickford,Education,,64,,427836267273983,http://www.facebook.com/427836267273983,"=HYPERLINK(""http://www.facebook.com/427836267273983/?sk=info"", ""427836267273983"")","=HYPERLINK(""http://builder.page2site.com/sites/add/fbid:427836267273983"", ""Create"")"
"Singing Teacher",56,"Kathryn Peterson, Singing Teacher","0402 044 340",,,,,Education,,64,10,218629421516965,http://www.facebook.com/218629421516965,"=HYPERLINK(""http://www.facebook.com/218629421516965/?sk=info"", ""218629421516965"")","=HYPERLINK(""http://builder.page2site.com/sites/add/fbid:218629421516965"", ""Create"")"
"Singing Teacher",57,"Singing teacher",,,"United Kingdom",44,Poole,Company,,,,359821810845852,http://www.facebook.com/359821810845852,"=HYPERLINK(""http://www.facebook.com/359821810845852/?sk=info"", ""359821810845852"")","=HYPERLINK(""http://builder.page2site.com/sites/add/fbid:359821810845852"", ""Create"")"
"Singing Teacher",58,"Lucie Barnes Singing Teacher",07948841273,,"United Kingdom",44,Northampton,Education,"[{""id"":""151676848220295"",""name"":""Education""}]",26,,668030029945743,http://www.facebook.com/668030029945743,"=HYPERLINK(""http://www.facebook.com/668030029945743/?sk=info"", ""668030029945743"")","=HYPERLINK(""http://builder.page2site.com/sites/add/fbid:668030029945743"", ""Create"")"
"Singing Teacher",59,"Rob Eyles - Singing Teacher/Vocal Coach","07768 748958",http://www.robeyles.com,,,,Teacher,,113,4,588229901198455,http://www.facebook.com/588229901198455,"=HYPERLINK(""http://www.facebook.com/588229901198455/?sk=info"", ""588229901198455"")","=HYPERLINK(""http://builder.page2site.com/sites/add/fbid:588229901198455"", ""Create"")"
"Singing Teacher",60,"Claire Platt - Singing Teacher",,www.claireplatt.webs.com,,,,Product/service,,108,,139124089435404,http://www.facebook.com/139124089435404,"=HYPERLINK(""http://www.facebook.com/139124089435404/?sk=info"", ""139124089435404"")","=HYPERLINK(""http://builder.page2site.com/sites/add/fbid:139124089435404"", ""Create"")"
"Singing Teacher",61,"Leone Rogers singing teacher",,,,,,Musician/band,,97,,198646346824358,http://www.facebook.com/198646346824358,"=HYPERLINK(""http://www.facebook.com/198646346824358/?sk=info"", ""198646346824358"")","=HYPERLINK(""http://builder.page2site.com/sites/add/fbid:198646346824358"", ""Create"")"
"Singing Teacher",62,"Tamryn Kyselov Singing & Drama Teacher","0408 198 507",http://www.tksinging.com,Australia,61,Sydney,Education,"[{""id"":""187301137968148"",""name"":""Performing Arts Education""}]",159,8,1469440116631078,http://www.facebook.com/1469440116631078,"=HYPERLINK(""http://www.facebook.com/1469440116631078/?sk=info"", ""1469440116631078"")","=HYPERLINK(""http://builder.page2site.com/sites/add/fbid:1469440116631078"", ""Create"")"
"Singing Teacher",63,"Gemma Kirk Singing Teacher and Events Entertainment",,gemmakirk.co.uk,"United Kingdom",44,Loughton,Musician/band,"[{""id"":""180164648685982"",""name"":""Bands & Musicians""}]",42,,574889085857373,http://www.facebook.com/574889085857373,"=HYPERLINK(""http://www.facebook.com/574889085857373/?sk=info"", ""574889085857373"")","=HYPERLINK(""http://builder.page2site.com/sites/add/fbid:574889085857373"", ""Create"")"
"Singing Teacher",64,"Dawn Murray - Singing Teacher","07872 620726",,"United Kingdom",44,Lutterworth,Education,"[{""id"":""151676848220295"",""name"":""Education""}]",82,,415613061838613,http://www.facebook.com/415613061838613,"=HYPERLINK(""http://www.facebook.com/415613061838613/?sk=info"", ""415613061838613"")","=HYPERLINK(""http://builder.page2site.com/sites/add/fbid:415613061838613"", ""Create"")"
"Singing Teacher",65,"Serena Lindsay Singing Teacher","0771 316 6559",,"United Kingdom",44,Nottingham,"Local business","[{""id"":""2500"",""name"":""Local Business""}]",13,,134736903261846,http://www.facebook.com/134736903261846,"=HYPERLINK(""http://www.facebook.com/134736903261846/?sk=info"", ""134736903261846"")","=HYPERLINK(""http://builder.page2site.com/sites/add/fbid:134736903261846"", ""Create"")"
"Singing Teacher",66,"Chris Merritt Teacher of Singing and Singing Coach",,http://www.chrismerrittgesangsunterricht.com/,,,,Musician/band,,468,3,1406598802939739,http://www.facebook.com/1406598802939739,"=HYPERLINK(""http://www.facebook.com/1406598802939739/?sk=info"", ""1406598802939739"")","=HYPERLINK(""http://builder.page2site.com/sites/add/fbid:1406598802939739"", ""Create"")"
"Singing Teacher",67,"Nicola Howard Singing Teacher",,http://singingteachernorthwest.yolasite.com,,,,Education,,15,,838288709521882,http://www.facebook.com/838288709521882,"=HYPERLINK(""http://www.facebook.com/838288709521882/?sk=info"", ""838288709521882"")","=HYPERLINK(""http://builder.page2site.com/sites/add/fbid:838288709521882"", ""Create"")"
"Singing Teacher",68,"Phil Cavill (Singing Teacher)",,http://www.philcavill.com,"United Kingdom",44,Stock,Teacher,,122,,380566068654945,http://www.facebook.com/380566068654945,"=HYPERLINK(""http://www.facebook.com/380566068654945/?sk=info"", ""380566068654945"")","=HYPERLINK(""http://builder.page2site.com/sites/add/fbid:380566068654945"", ""Create"")"
"Singing Teacher",69,"Dean Peachey Singing Teacher and Entertainer",0435741303,,Australia,61,"Evans Head","Local business","[{""id"":""2500"",""name"":""Local Business""}]",43,,300736526792685,http://www.facebook.com/300736526792685,"=HYPERLINK(""http://www.facebook.com/300736526792685/?sk=info"", ""300736526792685"")","=HYPERLINK(""http://builder.page2site.com/sites/add/fbid:300736526792685"", ""Create"")"
"Singing Teacher",70,"Voice Studios of Teacher Eleonor England - Singing Lessons with Vocal Coach","(415) 895.0549, (619) 851.3665",http://lessons.eleonorengland.com,"United States",1,"San Francisco",School,"[{""id"":""186983191324114"",""name"":""Music Lessons & Instruction""}]",197,,251880148169898,http://www.facebook.com/251880148169898,"=HYPERLINK(""http://www.facebook.com/251880148169898/?sk=info"", ""251880148169898"")","=HYPERLINK(""http://builder.page2site.com/sites/add/fbid:251880148169898"", ""Create"")"
"Singing Teacher",71,"Cheryl Campbell, Singing Teacher",,"http://www.cherylcampbellsingingstudio.ca http://www.cheryl-campbell.com",,,,Teacher,,60,,579780305415475,http://www.facebook.com/579780305415475,"=HYPERLINK(""http://www.facebook.com/579780305415475/?sk=info"", ""579780305415475"")","=HYPERLINK(""http://builder.page2site.com/sites/add/fbid:579780305415475"", ""Create"")"
"Singing Teacher",72,"Carole Ann Lindsey - Singing Teacher","07858 841482",http://www.caroleannlindsey.co.uk,"United Kingdom",44,Holmfirth,Teacher,,47,1,1399197200364124,http://www.facebook.com/1399197200364124,"=HYPERLINK(""http://www.facebook.com/1399197200364124/?sk=info"", ""1399197200364124"")","=HYPERLINK(""http://builder.page2site.com/sites/add/fbid:1399197200364124"", ""Create"")"
"Singing Teacher",73,"Helen Blake - Professional Vocalist & Singing Teacher",,"www.helenblake.co.uk ",,,,Musician/band,,56,,102945039784365,http://www.facebook.com/102945039784365,"=HYPERLINK(""http://www.facebook.com/102945039784365/?sk=info"", ""102945039784365"")","=HYPERLINK(""http://builder.page2site.com/sites/add/fbid:102945039784365"", ""Create"")"
"Singing Teacher",74,"Jennie Coates. Soprano soloist, piano and singing teacher, choir director.",,,"United Kingdom",44,Ruthin,"Small business",,131,3,213769325420686,http://www.facebook.com/213769325420686,"=HYPERLINK(""http://www.facebook.com/213769325420686/?sk=info"", ""213769325420686"")","=HYPERLINK(""http://builder.page2site.com/sites/add/fbid:213769325420686"", ""Create"")"
"Singing Teacher",75,"Prudence Elizabeth - Singing Teacher",,http://au.linkedin.com/pub/prudence-holloway/62/44a/65b/,,,,Education,,40,,119429324934454,http://www.facebook.com/119429324934454,"=HYPERLINK(""http://www.facebook.com/119429324934454/?sk=info"", ""119429324934454"")","=HYPERLINK(""http://builder.page2site.com/sites/add/fbid:119429324934454"", ""Create"")"
"Singing Teacher",76,"Sephy - Singing Teacher & Vocal Coach",,,Norway,47,Oslo,Artist,,180,1,193444674036091,http://www.facebook.com/193444674036091,"=HYPERLINK(""http://www.facebook.com/193444674036091/?sk=info"", ""193444674036091"")","=HYPERLINK(""http://builder.page2site.com/sites/add/fbid:193444674036091"", ""Create"")"
"Singing Teacher",77,"Musical theatre/singing teacher",07784080969,,"United Kingdom",44,Lurgan,Arts/entertainment/nightlife,"[{""id"":""189483194405517"",""name"":""Music Production""}]",51,,1392981284306948,http://www.facebook.com/1392981284306948,"=HYPERLINK(""http://www.facebook.com/1392981284306948/?sk=info"", ""1392981284306948"")","=HYPERLINK(""http://builder.page2site.com/sites/add/fbid:1392981284306948"", ""Create"")"
"Singing Teacher",78,"Singing Teacher","(07) 5539 3913",,Australia,61,"Gold Coast","Professional services","[{""id"":""176831012360626"",""name"":""Professional Services""}]",,,616976001695606,http://www.facebook.com/616976001695606,"=HYPERLINK(""http://www.facebook.com/616976001695606/?sk=info"", ""616976001695606"")","=HYPERLINK(""http://builder.page2site.com/sites/add/fbid:616976001695606"", ""Create"")"
"Singing Teacher",79,"Singing Teacher",07782341766,,"United Kingdom",44,Bromley,Musician/band,"[{""id"":""186983191324114"",""name"":""Music Lessons & Instruction""},{""id"":""187301137968148"",""name"":""Performing Arts Education""},{""id"":""199797140033948"",""name"":""Educational Consultant""}]",,,722237044491024,http://www.facebook.com/722237044491024,"=HYPERLINK(""http://www.facebook.com/722237044491024/?sk=info"", ""722237044491024"")","=HYPERLINK(""http://builder.page2site.com/sites/add/fbid:722237044491024"", ""Create"")"
"Singing Teacher",80,"Howard Bruce Singing Teacher","(206) 789-8900",,"United States",1,Seattle,"Local business","[{""id"":""186983191324114"",""name"":""Music Lessons & Instruction""},{""id"":""139750396088115"",""name"":""Musical Instrument Store""}]",3,,111620958901560,http://www.facebook.com/111620958901560,"=HYPERLINK(""http://www.facebook.com/111620958901560/?sk=info"", ""111620958901560"")","=HYPERLINK(""http://builder.page2site.com/sites/add/fbid:111620958901560"", ""Create"")"
"Singing Teacher",81,"Singing and Piano teacher / Singer",01228675347,http://www.yell.com,"United Kingdom",44,Carlisle,Education,"[{""id"":""2250"",""name"":""Education""}]",,,707738302642005,http://www.facebook.com/707738302642005,"=HYPERLINK(""http://www.facebook.com/707738302642005/?sk=info"", ""707738302642005"")","=HYPERLINK(""http://builder.page2site.com/sites/add/fbid:707738302642005"", ""Create"")"
"Singing Teacher",82,"Chords - Rachel Day Singing Teacher","+44788 127 3206",,"United Kingdom",44,Cwmbran,"Local business","[{""id"":""187301137968148"",""name"":""Performing Arts Education""}]",42,,259595967551708,http://www.facebook.com/259595967551708,"=HYPERLINK(""http://www.facebook.com/259595967551708/?sk=info"", ""259595967551708"")","=HYPERLINK(""http://builder.page2site.com/sites/add/fbid:259595967551708"", ""Create"")"
"Singing Teacher",83,"Bekki Grange ALCM Singing & Piano Teacher",07921084358,,"United Kingdom",44,"Kingston upon Hull","Professional services","[{""id"":""186983191324114"",""name"":""Music Lessons & Instruction""}]",134,,704568012921263,http://www.facebook.com/704568012921263,"=HYPERLINK(""http://www.facebook.com/704568012921263/?sk=info"", ""704568012921263"")","=HYPERLINK(""http://builder.page2site.com/sites/add/fbid:704568012921263"", ""Create"")"
"Singing Teacher",84,"Lisa Wellings - Singing Teacher",0413197312,www.jaanz.com.au,Australia,61,Hobart,"Local business","[{""id"":""2500"",""name"":""Local Business""}]",70,,212156248813126,http://www.facebook.com/212156248813126,"=HYPERLINK(""http://www.facebook.com/212156248813126/?sk=info"", ""212156248813126"")","=HYPERLINK(""http://builder.page2site.com/sites/add/fbid:212156248813126"", ""Create"")"
"Singing Teacher",85,"Rachel Austin - Voice Coach & Singing Teacher","(540) 849-7737",http://www.rachelaustinmusic.com,"United States",1,Oakland,Education,"[{""id"":""186983191324114"",""name"":""Music Lessons & Instruction""}]",56,,298772020275824,http://www.facebook.com/298772020275824,"=HYPERLINK(""http://www.facebook.com/298772020275824/?sk=info"", ""298772020275824"")","=HYPERLINK(""http://builder.page2site.com/sites/add/fbid:298772020275824"", ""Create"")"
"Singing Teacher",86,"Taylah Halfhyde Singing Teacher","0422 634 598",http://taylahhalfhyde.com,Australia,61,Melbourne,Education,"[{""id"":""186983191324114"",""name"":""Music Lessons & Instruction""}]",3,,761974337169122,http://www.facebook.com/761974337169122,"=HYPERLINK(""http://www.facebook.com/761974337169122/?sk=info"", ""761974337169122"")","=HYPERLINK(""http://builder.page2site.com/sites/add/fbid:761974337169122"", ""Create"")"
"Singing Teacher",87,"Amy Worsfold - Singing Teacher",,http://www.amyworsfold.com,"United Kingdom",44,London,Education,"[{""id"":""186983191324114"",""name"":""Music Lessons & Instruction""}]",24,,385255604911799,http://www.facebook.com/385255604911799,"=HYPERLINK(""http://www.facebook.com/385255604911799/?sk=info"", ""385255604911799"")","=HYPERLINK(""http://builder.page2site.com/sites/add/fbid:385255604911799"", ""Create"")"
"Singing Teacher",88,"Monica Acosta Singing Teacher",07511186833,http://www.monicaacostasingingteacherfinchley.com,"United Kingdom",44,London,Education,"[{""id"":""186983191324114"",""name"":""Music Lessons & Instruction""}]",8,,789322797800184,http://www.facebook.com/789322797800184,"=HYPERLINK(""http://www.facebook.com/789322797800184/?sk=info"", ""789322797800184"")","=HYPERLINK(""http://builder.page2site.com/sites/add/fbid:789322797800184"", ""Create"")"
"Singing Teacher",89,"New Zealand Association of Teachers of Singing (NEWZATS)","0800 110031",http://newzats.org.nz,"New Zealand",64,Wellington,Organization,"[{""id"":""198503866828628"",""name"":""Organization""}]",180,2,204806302936796,http://www.facebook.com/204806302936796,"=HYPERLINK(""http://www.facebook.com/204806302936796/?sk=info"", ""204806302936796"")","=HYPERLINK(""http://builder.page2site.com/sites/add/fbid:204806302936796"", ""Create"")"
"Singing Teacher",90,"Elson-Brown Carol Singing Registered Teacher","+1 (705) 737-3515",,Canada,1,Barrie,"Local business","[{""id"":""176831012360626"",""name"":""Professional Services""}]",4,1,128196333895289,http://www.facebook.com/128196333895289,"=HYPERLINK(""http://www.facebook.com/128196333895289/?sk=info"", ""128196333895289"")","=HYPERLINK(""http://builder.page2site.com/sites/add/fbid:128196333895289"", ""Create"")"
"Singing Teacher",91,"Cathy Pope Voice & Singing Teacher","+44 (0)1932 248518",http://www.cathypope.com,"United Kingdom",44,Hersham,Education,"[{""id"":""186983191324114"",""name"":""Music Lessons & Instruction""}]",11,,664880100222881,http://www.facebook.com/664880100222881,"=HYPERLINK(""http://www.facebook.com/664880100222881/?sk=info"", ""664880100222881"")","=HYPERLINK(""http://builder.page2site.com/sites/add/fbid:664880100222881"", ""Create"")"
"Singing Teacher",92,"Erin Fisher ~ Singing & Beginner Piano Teacher; Meditation & Wellness Program Teacher",647.309.0041,www.RevealYourSong.com,Canada,1,Toronto,"Professional services","[{""id"":""186983191324114"",""name"":""Music Lessons & Instruction""},{""id"":""176831012360626"",""name"":""Professional Services""}]",65,,135282273219898,http://www.facebook.com/135282273219898,"=HYPERLINK(""http://www.facebook.com/135282273219898/?sk=info"", ""135282273219898"")","=HYPERLINK(""http://builder.page2site.com/sites/add/fbid:135282273219898"", ""Create"")"
"Singing Teacher",93,"Benn Llewellyn Singing/Acting Teacher",07875278159,,"United Kingdom",44,Llanelli,"Professional services","[{""id"":""176831012360626"",""name"":""Professional Services""}]",,,318986271543846,http://www.facebook.com/318986271543846,"=HYPERLINK(""http://www.facebook.com/318986271543846/?sk=info"", ""318986271543846"")","=HYPERLINK(""http://builder.page2site.com/sites/add/fbid:318986271543846"", ""Create"")"
"Singing Teacher",94,"Thomas Hare Audition Coach/Singing Teacher",07899091237,,"United Kingdom",44,Truro,"Professional services","[{""id"":""176831012360626"",""name"":""Professional Services""}]",12,,447810915325884,http://www.facebook.com/447810915325884,"=HYPERLINK(""http://www.facebook.com/447810915325884/?sk=info"", ""447810915325884"")","=HYPERLINK(""http://builder.page2site.com/sites/add/fbid:447810915325884"", ""Create"")"
"Singing Teacher",95,"Daniel Howard - Rossendale singing and piano teacher","07732 937843",http://danielhowardmusicteacher.yolasite.com/,"United Kingdom",44,Whitworth,Education,"[{""id"":""186983191324114"",""name"":""Music Lessons & Instruction""}]",14,,200936973446556,http://www.facebook.com/200936973446556,"=HYPERLINK(""http://www.facebook.com/200936973446556/?sk=info"", ""200936973446556"")","=HYPERLINK(""http://builder.page2site.com/sites/add/fbid:200936973446556"", ""Create"")"
"Singing Teacher",96,"Stos Goneos - Guitar/Singing Teacher",07727982413,,"United Kingdom",44,Bath,"Local business","[{""id"":""2500"",""name"":""Local Business""}]",10,,112590865489550,http://www.facebook.com/112590865489550,"=HYPERLINK(""http://www.facebook.com/112590865489550/?sk=info"", ""112590865489550"")","=HYPERLINK(""http://builder.page2site.com/sites/add/fbid:112590865489550"", ""Create"")"
"Singing Teacher",97,"Rachel Perkins ALCM, LNCM.  Teacher of Piano, Singing, Theory and Elocution",07724896227,,"United Kingdom",44,Neath,School,"[{""id"":""365182493518892"",""name"":""School""}]",22,,394381787330190,http://www.facebook.com/394381787330190,"=HYPERLINK(""http://www.facebook.com/394381787330190/?sk=info"", ""394381787330190"")","=HYPERLINK(""http://builder.page2site.com/sites/add/fbid:394381787330190"", ""Create"")"
"Singing Teacher",98,"Razzamataz Theatre Schools need overseas dance, singing and drama teachers","01228 550129",www.razzamataz.co.uk,"United Kingdom",44,Carlisle,"Local business","[{""id"":""2500"",""name"":""Local Business""}]",276,2,247863572373,http://www.facebook.com/247863572373,"=HYPERLINK(""http://www.facebook.com/247863572373/?sk=info"", ""247863572373"")","=HYPERLINK(""http://builder.page2site.com/sites/add/fbid:247863572373"", ""Create"")"
"Singing Teacher",99,"Student National Association of Teachers of Singing",,http://www.nats.org,"United States",1,Laramie,University,"[{""id"":""2602"",""name"":""University""}]",33,9,1480197382257511,http://www.facebook.com/1480197382257511,"=HYPERLINK(""http://www.facebook.com/1480197382257511/?sk=info"", ""1480197382257511"")","=HYPERLINK(""http://builder.page2site.com/sites/add/fbid:1480197382257511"", ""Create"")"
"Singing Teacher",100,"Trace Tidd - Singer, Singing Teacher, Performance Coach","07 312 9108",,,,,Education,"[{""id"":""177246315652372"",""name"":""Entertainer""},{""id"":""187301137968148"",""name"":""Performing Arts Education""}]",2,,579925772044022,http://www.facebook.com/579925772044022,"=HYPERLINK(""http://www.facebook.com/579925772044022/?sk=info"", ""579925772044022"")","=HYPERLINK(""http://builder.page2site.com/sites/add/fbid:579925772044022"", ""Create"")"
"Singing Teacher",101,"LivSinging Lessons",07507219969,https://www.youtube.com/channel/UCaT3f7Fcw6Cygf2H6Y0Uzrw,"United Kingdom",44,Portsmouth,Song,"[{""id"":""186983191324114"",""name"":""Music Lessons & Instruction""}]",27,,1487524614801412,http://www.facebook.com/1487524614801412,"=HYPERLINK(""http://www.facebook.com/1487524614801412/?sk=info"", ""1487524614801412"")","=HYPERLINK(""http://builder.page2site.com/sites/add/fbid:1487524614801412"", ""Create"")"
"Singing Teacher",102,"Sandra Pehrsson - Singing Teacher/Vocal Coach",,,,,,Teacher,,187,1,639065809468045,http://www.facebook.com/639065809468045,"=HYPERLINK(""http://www.facebook.com/639065809468045/?sk=info"", ""639065809468045"")","=HYPERLINK(""http://builder.page2site.com/sites/add/fbid:639065809468045"", ""Create"")"
"Singing Teacher",103,"Emily Wilkinson - Singing Teacher",,,,,,Teacher,,64,,107747612670153,http://www.facebook.com/107747612670153,"=HYPERLINK(""http://www.facebook.com/107747612670153/?sk=info"", ""107747612670153"")","=HYPERLINK(""http://builder.page2site.com/sites/add/fbid:107747612670153"", ""Create"")"
"Singing Teacher",104,"Jennifer Giles - Singer and Singing Teacher",,www.jennifergiles.co.uk,,,,Musician/band,,244,,203601532715,http://www.facebook.com/203601532715,"=HYPERLINK(""http://www.facebook.com/203601532715/?sk=info"", ""203601532715"")","=HYPERLINK(""http://builder.page2site.com/sites/add/fbid:203601532715"", ""Create"")"
"Singing Teacher",105,"Carrie Gardner-Singer/Singing Teacher",,www.carriegardner.com,,,,Musician/band,,113,,132264666839769,http://www.facebook.com/132264666839769,"=HYPERLINK(""http://www.facebook.com/132264666839769/?sk=info"", ""132264666839769"")","=HYPERLINK(""http://builder.page2site.com/sites/add/fbid:132264666839769"", ""Create"")"
"Singing Teacher",106,"Liz Mcsherry - Actor, Vocalist and Singing Teacher",,http://www.elizabethmcsherry.com,,,,Musician/band,,198,,715893548450270,http://www.facebook.com/715893548450270,"=HYPERLINK(""http://www.facebook.com/715893548450270/?sk=info"", ""715893548450270"")","=HYPERLINK(""http://builder.page2site.com/sites/add/fbid:715893548450270"", ""Create"")"
"Singing Teacher",107,"Emily Kyte, Singing Teacher",07791808711,,"United Kingdom",44,Stanmore,"Professional services",,33,,334486486566059,http://www.facebook.com/334486486566059,"=HYPERLINK(""http://www.facebook.com/334486486566059/?sk=info"", ""334486486566059"")","=HYPERLINK(""http://builder.page2site.com/sites/add/fbid:334486486566059"", ""Create"")"
"Singing Teacher",108,"Gillian McAtee - Singing Teacher & Vocal Coach",,http://www.gillianmcatee.com,"United Kingdom",44,Glasgow,Education,,142,,149144861846101,http://www.facebook.com/149144861846101,"=HYPERLINK(""http://www.facebook.com/149144861846101/?sk=info"", ""149144861846101"")","=HYPERLINK(""http://builder.page2site.com/sites/add/fbid:149144861846101"", ""Create"")"
"Singing Teacher",109,"Benn Llewellyn Singing Teacher",0787578159,http://www.spotlight.com/interactive/cv/cv.asp?ref=M156385&pub=18,,,,Teacher,,50,,394903720584900,http://www.facebook.com/394903720584900,"=HYPERLINK(""http://www.facebook.com/394903720584900/?sk=info"", ""394903720584900"")","=HYPERLINK(""http://builder.page2site.com/sites/add/fbid:394903720584900"", ""Create"")"
"Singing Teacher",110,"David Mckimm Singing Teacher",,,,,,Teacher,,15,,146480828889080,http://www.facebook.com/146480828889080,"=HYPERLINK(""http://www.facebook.com/146480828889080/?sk=info"", ""146480828889080"")","=HYPERLINK(""http://builder.page2site.com/sites/add/fbid:146480828889080"", ""Create"")"
"Singing Teacher",111,"Rachel Dunn Singing Teacher",,www.racheldunn.co.uk,"United Kingdom",44,Halberton,Education,,67,,319276654867445,http://www.facebook.com/319276654867445,"=HYPERLINK(""http://www.facebook.com/319276654867445/?sk=info"", ""319276654867445"")","=HYPERLINK(""http://builder.page2site.com/sites/add/fbid:319276654867445"", ""Create"")"
"Singing Teacher",112,"Jessica D'Silva - Event Singer/Soprano & Singing Teacher",07738272911,http://www.singliverpool.co.uk,"United Kingdom",44,Liverpool,Entertainer,,181,,224691260877535,http://www.facebook.com/224691260877535,"=HYPERLINK(""http://www.facebook.com/224691260877535/?sk=info"", ""224691260877535"")","=HYPERLINK(""http://builder.page2site.com/sites/add/fbid:224691260877535"", ""Create"")"
"Singing Teacher",113,"Stu Keating - Vocal Coach & Singing Teacher. Salford","0161 425 4192",,"United Kingdom",44,Salford,Musician/band,"[{""id"":""186983191324114"",""name"":""Music Lessons & Instruction""}]",71,,232267246970435,http://www.facebook.com/232267246970435,"=HYPERLINK(""http://www.facebook.com/232267246970435/?sk=info"", ""232267246970435"")","=HYPERLINK(""http://builder.page2site.com/sites/add/fbid:232267246970435"", ""Create"")"
"Singing Teacher",114,"Dr Nell Drew, Voice Coach & Singing Teacher, Edinburgh, UK",07896750345,http://www.nell-drew-singing-teacher.co.uk/,"United Kingdom",44,Edinburgh,"Local business",,20,3,182115589667,http://www.facebook.com/182115589667,"=HYPERLINK(""http://www.facebook.com/182115589667/?sk=info"", ""182115589667"")","=HYPERLINK(""http://builder.page2site.com/sites/add/fbid:182115589667"", ""Create"")"
"Singing Teacher",115,"Dara Mac Mahon - Singer & Singing Teacher",,www.daramacmahon.com,,,,Musician/band,,81,3,268645029873742,http://www.facebook.com/268645029873742,"=HYPERLINK(""http://www.facebook.com/268645029873742/?sk=info"", ""268645029873742"")","=HYPERLINK(""http://builder.page2site.com/sites/add/fbid:268645029873742"", ""Create"")"
"Singing Teacher",116,"Lucy Aaron, Singing Teacher and Vocalist",07837840462,www.lucyaaron.com,,,,"Small business",,42,,284919761622764,http://www.facebook.com/284919761622764,"=HYPERLINK(""http://www.facebook.com/284919761622764/?sk=info"", ""284919761622764"")","=HYPERLINK(""http://builder.page2site.com/sites/add/fbid:284919761622764"", ""Create"")"
"Singing Teacher",117,"Bia Melo, vocal coach och singing teacher/singer",,www.biamelo.blogspot.com,,,,Musician/band,,285,14,154631564630014,http://www.facebook.com/154631564630014,"=HYPERLINK(""http://www.facebook.com/154631564630014/?sk=info"", ""154631564630014"")","=HYPERLINK(""http://builder.page2site.com/sites/add/fbid:154631564630014"", ""Create"")"
"Singing Teacher",118,"Holly Aisbitt Singing Teacher/ Vocal Coach","07966 203377",http://www.hollyaisbitt.com,,,,Education,,77,,466281370106687,http://www.facebook.com/466281370106687,"=HYPERLINK(""http://www.facebook.com/466281370106687/?sk=info"", ""466281370106687"")","=HYPERLINK(""http://builder.page2site.com/sites/add/fbid:466281370106687"", ""Create"")"
"Singing Teacher",119,"Vocal Lessons / Voice Lessons with Singing Teacher / Coach Eleonor England","(415) 895-0549, (619) 851-3665",http://lessons.eleonorengland.com,"United States",1,"San Diego",Education,"[{""id"":""186983191324114"",""name"":""Music Lessons & Instruction""}]",37,1,201252923261491,http://www.facebook.com/201252923261491,"=HYPERLINK(""http://www.facebook.com/201252923261491/?sk=info"", ""201252923261491"")","=HYPERLINK(""http://builder.page2site.com/sites/add/fbid:201252923261491"", ""Create"")"
"Singing Teacher",120,"Bryony-Rose Ward: Singing Teacher",07845284926,,,,,Arts/entertainment/nightlife,,34,,321675507987106,http://www.facebook.com/321675507987106,"=HYPERLINK(""http://www.facebook.com/321675507987106/?sk=info"", ""321675507987106"")","=HYPERLINK(""http://builder.page2site.com/sites/add/fbid:321675507987106"", ""Create"")"
"Singing Teacher",121,"Mr. G - The Singing Substitute Teacher",,,,,,Musician/band,,5213,1,298350053940,http://www.facebook.com/298350053940,"=HYPERLINK(""http://www.facebook.com/298350053940/?sk=info"", ""298350053940"")","=HYPERLINK(""http://builder.page2site.com/sites/add/fbid:298350053940"", ""Create"")"
"Singing Teacher",122,"The Remind-Air Breathing Strap - For Teachers and Students of Singing",,"http://www.theremindair.com ",,,,Product/service,,878,97,752990628073400,http://www.facebook.com/752990628073400,"=HYPERLINK(""http://www.facebook.com/752990628073400/?sk=info"", ""752990628073400"")","=HYPERLINK(""http://builder.page2site.com/sites/add/fbid:752990628073400"", ""Create"")"
"Singing Teacher",123,"Tania Hatherell-Singing Teacher",,,,,,Teacher,,66,,500822236610878,http://www.facebook.com/500822236610878,"=HYPERLINK(""http://www.facebook.com/500822236610878/?sk=info"", ""500822236610878"")","=HYPERLINK(""http://builder.page2site.com/sites/add/fbid:500822236610878"", ""Create"")"
"Singing Teacher",124,"Rhode Island Chapter, National Association of Teachers Of Singing",,http://www.rinats.org,,,,Education,,79,2,139911116183326,http://www.facebook.com/139911116183326,"=HYPERLINK(""http://www.facebook.com/139911116183326/?sk=info"", ""139911116183326"")","=HYPERLINK(""http://builder.page2site.com/sites/add/fbid:139911116183326"", ""Create"")"
"Singing Teacher",125,"Mary-Jane de Havas  Singing and Voice Teacher","0750 3085 308",http://www.maryjanedehavas.com/,,,,Teacher,,95,1,440856929323272,http://www.facebook.com/440856929323272,"=HYPERLINK(""http://www.facebook.com/440856929323272/?sk=info"", ""440856929323272"")","=HYPERLINK(""http://builder.page2site.com/sites/add/fbid:440856929323272"", ""Create"")"
"Singing Teacher",126,"HOMER Felisilda Singing-Teacher",,https://www.facebook.com/,Philippines,63,Guindulman,Musician/band,,73,1,392710007503560,http://www.facebook.com/392710007503560,"=HYPERLINK(""http://www.facebook.com/392710007503560/?sk=info"", ""392710007503560"")","=HYPERLINK(""http://builder.page2site.com/sites/add/fbid:392710007503560"", ""Create"")"
"Singing Teacher",127,"National Association of Teachers of Singing- San Diego Chapter",,http://www.natssandiego.org,"United States",1,"San Diego",Education,,121,1,1394033004147910,http://www.facebook.com/1394033004147910,"=HYPERLINK(""http://www.facebook.com/1394033004147910/?sk=info"", ""1394033004147910"")","=HYPERLINK(""http://builder.page2site.com/sites/add/fbid:1394033004147910"", ""Create"")"
"Singing Teacher",128,"José Carlos Xavier - Singing Teacher",,http://portuguesemusicandmusicians.blogspot.pt/2010/01/jose-carlos-xavier.htmll,,,,Teacher,,2249,,628529147240627,http://www.facebook.com/628529147240627,"=HYPERLINK(""http://www.facebook.com/628529147240627/?sk=info"", ""628529147240627"")","=HYPERLINK(""http://builder.page2site.com/sites/add/fbid:628529147240627"", ""Create"")"
"Singing Teacher",129,"David Palmer Singing Teacher",07970938661,http://www.davidpalmersingingteacher.co.uk,"United Kingdom",44,Crosby,"Professional services",,8,2,406036532853028,http://www.facebook.com/406036532853028,"=HYPERLINK(""http://www.facebook.com/406036532853028/?sk=info"", ""406036532853028"")","=HYPERLINK(""http://builder.page2site.com/sites/add/fbid:406036532853028"", ""Create"")"
"Singing Teacher",130,"Daniela - Singing Teacher & Vocal Coach",,http://www.danielasingingteacher.com,"United Kingdom",44,London,Teacher,,101,,138523666213399,http://www.facebook.com/138523666213399,"=HYPERLINK(""http://www.facebook.com/138523666213399/?sk=info"", ""138523666213399"")","=HYPERLINK(""http://builder.page2site.com/sites/add/fbid:138523666213399"", ""Create"")"
"Singing Teacher",131,"Jenna Monroe Singing Teacher and Coach in Gloucestershire","07904 343697",www.jennamonroe.com/teaching.asp,"United Kingdom",44,Stroud,"Professional services","[{""id"":""176831012360626"",""name"":""Professional Services""}]",15,,159638834184570,http://www.facebook.com/159638834184570,"=HYPERLINK(""http://www.facebook.com/159638834184570/?sk=info"", ""159638834184570"")","=HYPERLINK(""http://builder.page2site.com/sites/add/fbid:159638834184570"", ""Create"")"
"Singing Teacher",132,"Shirley Tyack - Teacher of Singing and Vocal Technique","01872 862376",www.shirleytyack.com,"United Kingdom",44,Truro,Song,"[{""id"":""1201"",""name"":""Song""}]",108,,137080696309499,http://www.facebook.com/137080696309499,"=HYPERLINK(""http://www.facebook.com/137080696309499/?sk=info"", ""137080696309499"")","=HYPERLINK(""http://builder.page2site.com/sites/add/fbid:137080696309499"", ""Create"")"
"Singing Teacher",133,"Retired singing teacher",,,"South Africa",27,"Simon's Town",Company,,1,,877400712270068,http://www.facebook.com/877400712270068,"=HYPERLINK(""http://www.facebook.com/877400712270068/?sk=info"", ""877400712270068"")","=HYPERLINK(""http://builder.page2site.com/sites/add/fbid:877400712270068"", ""Create"")"
"Singing Teacher",134,"Lifeguard/Singing Teacher",,,,,,"Work position",,,,630121617092867,http://www.facebook.com/630121617092867,"=HYPERLINK(""http://www.facebook.com/630121617092867/?sk=info"", ""630121617092867"")","=HYPERLINK(""http://builder.page2site.com/sites/add/fbid:630121617092867"", ""Create"")"
"Singing Teacher",135,"Lifeguard Singing Teacher",,,,,,"Work position",,,,293887520810194,http://www.facebook.com/293887520810194,"=HYPERLINK(""http://www.facebook.com/293887520810194/?sk=info"", ""293887520810194"")","=HYPERLINK(""http://builder.page2site.com/sites/add/fbid:293887520810194"", ""Create"")"
"Singing Teacher",136,"Chloe Pardoe- Singing and Piano teacher","07920050633 ",http://www.chloepardoe.com,,,,Arts/entertainment/nightlife,"[{""id"":""133436743388217"",""name"":""Arts & Entertainment""}]",83,1,225513594240000,http://www.facebook.com/225513594240000,"=HYPERLINK(""http://www.facebook.com/225513594240000/?sk=info"", ""225513594240000"")","=HYPERLINK(""http://builder.page2site.com/sites/add/fbid:225513594240000"", ""Create"")"
"Singing Teacher",137,"Dance/Singing Teacher",,,,,,"Work position",,,,730627110357152,http://www.facebook.com/730627110357152,"=HYPERLINK(""http://www.facebook.com/730627110357152/?sk=info"", ""730627110357152"")","=HYPERLINK(""http://builder.page2site.com/sites/add/fbid:730627110357152"", ""Create"")"
"Singing Teacher",138,"How To Choose Your Singing Teacher",,,,,,Book,,61,,358321400921937,http://www.facebook.com/358321400921937,"=HYPERLINK(""http://www.facebook.com/358321400921937/?sk=info"", ""358321400921937"")","=HYPERLINK(""http://builder.page2site.com/sites/add/fbid:358321400921937"", ""Create"")"
"Singing Teacher",139,"Singing Teacher/Piano Accompanist",,,,,,"Work position",,,,872710066080934,http://www.facebook.com/872710066080934,"=HYPERLINK(""http://www.facebook.com/872710066080934/?sk=info"", ""872710066080934"")","=HYPERLINK(""http://builder.page2site.com/sites/add/fbid:872710066080934"", ""Create"")"
"Singing Teacher",140,"Singing Teacher, chorus master",,,,,,"Work position",,,,767900259942925,http://www.facebook.com/767900259942925,"=HYPERLINK(""http://www.facebook.com/767900259942925/?sk=info"", ""767900259942925"")","=HYPERLINK(""http://builder.page2site.com/sites/add/fbid:767900259942925"", ""Create"")"
"Singing Teacher",141,"SUSAN LARSON OPERA SINGER SINGING TEACHER PERFORMANCE COACH",,,,,,Musician/band,,32,,117709042421,http://www.facebook.com/117709042421,"=HYPERLINK(""http://www.facebook.com/117709042421/?sk=info"", ""117709042421"")","=HYPERLINK(""http://builder.page2site.com/sites/add/fbid:117709042421"", ""Create"")"
"Singing Teacher",142,"National Association of Teachers of Singing Mid-Atlantic Region",,http://www.midatlanticnats.org,,,,"Non-profit organization",,19,1,143036602530555,http://www.facebook.com/143036602530555,"=HYPERLINK(""http://www.facebook.com/143036602530555/?sk=info"", ""143036602530555"")","=HYPERLINK(""http://builder.page2site.com/sites/add/fbid:143036602530555"", ""Create"")"
"Singing Teacher",143,"Singing teacher Ivanhoe Vic",,http://Atlantacoogan.com,,,,Musician/band,,,,472454862892273,http://www.facebook.com/472454862892273,"=HYPERLINK(""http://www.facebook.com/472454862892273/?sk=info"", ""472454862892273"")","=HYPERLINK(""http://builder.page2site.com/sites/add/fbid:472454862892273"", ""Create"")"
"Singing Teacher",144,"Cello, Violin, Singing and Piano lessons.",07541216351,,"United Kingdom",44,London,"Professional services","[{""id"":""186983191324114"",""name"":""Music Lessons & Instruction""}]",53,,169914206493656,http://www.facebook.com/169914206493656,"=HYPERLINK(""http://www.facebook.com/169914206493656/?sk=info"", ""169914206493656"")","=HYPERLINK(""http://builder.page2site.com/sites/add/fbid:169914206493656"", ""Create"")"
"Singing Teacher",145,"Erin Blackie - Advanced Level Vocal Coach",,www.jaanz.com.au,Australia,61,Camberwell,Musician/band,,147,,342504757931,http://www.facebook.com/342504757931,"=HYPERLINK(""http://www.facebook.com/342504757931/?sk=info"", ""342504757931"")","=HYPERLINK(""http://builder.page2site.com/sites/add/fbid:342504757931"", ""Create"")"
"Singing Teacher",146,"National Association of Teachers of Singing",,,,,,Organization,,274,1,112580085435396,http://www.facebook.com/112580085435396,"=HYPERLINK(""http://www.facebook.com/112580085435396/?sk=info"", ""112580085435396"")","=HYPERLINK(""http://builder.page2site.com/sites/add/fbid:112580085435396"", ""Create"")"
"Singing Teacher",147,"Singing teacher and Opera singer",,,,,,"Work position",,,,699299743488180,http://www.facebook.com/699299743488180,"=HYPERLINK(""http://www.facebook.com/699299743488180/?sk=info"", ""699299743488180"")","=HYPERLINK(""http://builder.page2site.com/sites/add/fbid:699299743488180"", ""Create"")"
"Singing Teacher",148,"Singing teacher and opera singer",,,"United Kingdom",44,London,Company,,,,1519595188280230,http://www.facebook.com/1519595188280230,"=HYPERLINK(""http://www.facebook.com/1519595188280230/?sk=info"", ""1519595188280230"")","=HYPERLINK(""http://builder.page2site.com/sites/add/fbid:1519595188280230"", ""Create"")"
"Singing Teacher",149,"singing teacher and choir trainer",,,,,,"Work position",,,,1986964888110885,http://www.facebook.com/1986964888110885,"=HYPERLINK(""http://www.facebook.com/1986964888110885/?sk=info"", ""1986964888110885"")","=HYPERLINK(""http://builder.page2site.com/sites/add/fbid:1986964888110885"", ""Create"")"
"Singing Teacher",150,"Singing Teacher, Music Producer & Dj",,,,,,"Work position",,,,781069601965935,http://www.facebook.com/781069601965935,"=HYPERLINK(""http://www.facebook.com/781069601965935/?sk=info"", ""781069601965935"")","=HYPERLINK(""http://builder.page2site.com/sites/add/fbid:781069601965935"", ""Create"")"
"Singing Teacher",151,"Teacher, Special singing",,,,,,"Work position",,,,726445520762118,http://www.facebook.com/726445520762118,"=HYPERLINK(""http://www.facebook.com/726445520762118/?sk=info"", ""726445520762118"")","=HYPERLINK(""http://builder.page2site.com/sites/add/fbid:726445520762118"", ""Create"")"
"Singing Teacher",152,"Professional singing teacher and opera singer",,,,,,"Work position",,,,721987921208731,http://www.facebook.com/721987921208731,"=HYPERLINK(""http://www.facebook.com/721987921208731/?sk=info"", ""721987921208731"")","=HYPERLINK(""http://builder.page2site.com/sites/add/fbid:721987921208731"", ""Create"")"
"Singing Teacher",153,"Singing Teacher at Queen Margaret's School",,,"United Kingdom",44,York,Company,,,,1508705472712800,http://www.facebook.com/1508705472712800,"=HYPERLINK(""http://www.facebook.com/1508705472712800/?sk=info"", ""1508705472712800"")","=HYPERLINK(""http://builder.page2site.com/sites/add/fbid:1508705472712800"", ""Create"")"
"Singing Teacher",154,"I was the singing teacher not a student.",,,,,,"Concentration or major",,,,743091572450029,http://www.facebook.com/743091572450029,"=HYPERLINK(""http://www.facebook.com/743091572450029/?sk=info"", ""743091572450029"")","=HYPERLINK(""http://builder.page2site.com/sites/add/fbid:743091572450029"", ""Create"")"
"Singing Teacher",155,"Mr. Michael Sing (MMS) an amazing teacher who we need",,,,,,Teacher,,145,,166542523408655,http://www.facebook.com/166542523408655,"=HYPERLINK(""http://www.facebook.com/166542523408655/?sk=info"", ""166542523408655"")","=HYPERLINK(""http://builder.page2site.com/sites/add/fbid:166542523408655"", ""Create"")"
"Singing Teacher",156,"Now retired singing art teacher",,,,,,"Work position",,,,530059650463193,http://www.facebook.com/530059650463193,"=HYPERLINK(""http://www.facebook.com/530059650463193/?sk=info"", ""530059650463193"")","=HYPERLINK(""http://builder.page2site.com/sites/add/fbid:530059650463193"", ""Create"")"
"Singing Teacher",157,"Self employed Singing/Drama Teacher",,,"United States",1,Elmira,Company,,,,589662611155990,http://www.facebook.com/589662611155990,"=HYPERLINK(""http://www.facebook.com/589662611155990/?sk=info"", ""589662611155990"")","=HYPERLINK(""http://builder.page2site.com/sites/add/fbid:589662611155990"", ""Create"")"
"Singing Teacher",158,"Self Employed singing/music teacher",,,"United Kingdom",44,Cranbrook,Company,,,,373234706186481,http://www.facebook.com/373234706186481,"=HYPERLINK(""http://www.facebook.com/373234706186481/?sk=info"", ""373234706186481"")","=HYPERLINK(""http://builder.page2site.com/sites/add/fbid:373234706186481"", ""Create"")"
"Singing Teacher",159,"Primary Handcraft Specialist and singing teacher",,,,,,"Work position",,,,719385471471878,http://www.facebook.com/719385471471878,"=HYPERLINK(""http://www.facebook.com/719385471471878/?sk=info"", ""719385471471878"")","=HYPERLINK(""http://builder.page2site.com/sites/add/fbid:719385471471878"", ""Create"")"
"Singing Teacher",160,"Founder and musical director of SAfricanto/Vocalist/singing teacher/ Vocal workshop leader",,,,,,"Work position",,,,1527842610788538,http://www.facebook.com/1527842610788538,"=HYPERLINK(""http://www.facebook.com/1527842610788538/?sk=info"", ""1527842610788538"")","=HYPERLINK(""http://builder.page2site.com/sites/add/fbid:1527842610788538"", ""Create"")"
"Singing Teacher",161,"Singer-songwriter singing piano & music theory. teacher",,,,,,"Work position",,,,1480752632206812,http://www.facebook.com/1480752632206812,"=HYPERLINK(""http://www.facebook.com/1480752632206812/?sk=info"", ""1480752632206812"")","=HYPERLINK(""http://builder.page2site.com/sites/add/fbid:1480752632206812"", ""Create"")"
"Singing Teacher",162,"Piano & Theory Teacher and singing teacher",,,,,,"Work position",,,,317093728478612,http://www.facebook.com/317093728478612,"=HYPERLINK(""http://www.facebook.com/317093728478612/?sk=info"", ""317093728478612"")","=HYPERLINK(""http://builder.page2site.com/sites/add/fbid:317093728478612"", ""Create"")"
"Singing Teacher",163,"Musician,Singer,Songwriter, Singing & Guitar Teacher",,,,,,"Work position",,,,1539707829608371,http://www.facebook.com/1539707829608371,"=HYPERLINK(""http://www.facebook.com/1539707829608371/?sk=info"", ""1539707829608371"")","=HYPERLINK(""http://builder.page2site.com/sites/add/fbid:1539707829608371"", ""Create"")"
"Singing Teacher",164,"Music Director, Singer, Composer Proffesionaly Piano Keyboard Player & Singer Music Teacher Jain International School & Live One Man Show Ananda Imperial Piano Keyboard Playing & Singing Togather.JITENDRA EVENTS & ENTERTAINMENT BILASPUR C.G.",,,Pakistan,92,Peshawar,Company,,,,1475695006047126,http://www.facebook.com/1475695006047126,"=HYPERLINK(""http://www.facebook.com/1475695006047126/?sk=info"", ""1475695006047126"")","=HYPERLINK(""http://builder.page2site.com/sites/add/fbid:1475695006047126"", ""Create"")"
