Keyword,#,Name,Phone,Website,Country,"Country code",City,Category,"Category List",Likes,"Talking about","Facebook ID","Facebook Url","Facebook Page Link","P2S Website"
"Skin Care Beauty Salon",0,"Mystique Skin Care & Beauty Salon",0719118747,www.mystiquebeauty.ie,Ireland,353,Sligo,"Spas/beauty/personal care","[{""id"":""139225689474222"",""name"":""Spa, Beauty & Personal Care""}]",414,66,299278494361,http://www.facebook.com/299278494361,"=HYPERLINK(""http://www.facebook.com/299278494361/?sk=info"", ""299278494361"")","=HYPERLINK(""http://builder.page2site.com/sites/add/fbid:299278494361"", ""Create"")"
"Skin Care Beauty Salon",1,"Beauty Salon Adelaide - Reflections Skin Care Centres","08 8278 7867",http://www.beauty-salon-adelaide.com,Australia,61,Blackwood,"Spas/beauty/personal care","[{""id"":""205950169432461"",""name"":""Day Spa""},{""id"":""199236533423806"",""name"":""Beauty Salon""},{""id"":""138322342904312"",""name"":""Skin Care""}]",439,4,214400007274,http://www.facebook.com/214400007274,"=HYPERLINK(""http://www.facebook.com/214400007274/?sk=info"", ""214400007274"")","=HYPERLINK(""http://builder.page2site.com/sites/add/fbid:214400007274"", ""Create"")"
"Skin Care Beauty Salon",2,"AXMI Beauty Salon & Skin Care","+62 (361) 231442",http://axmi.com,Indonesia,62,Denpasar,"Local business","[{""id"":""199236533423806"",""name"":""Beauty Salon""},{""id"":""138322342904312"",""name"":""Skin Care""}]",1617,7,81587155188,http://www.facebook.com/81587155188,"=HYPERLINK(""http://www.facebook.com/81587155188/?sk=info"", ""81587155188"")","=HYPERLINK(""http://builder.page2site.com/sites/add/fbid:81587155188"", ""Create"")"
"Skin Care Beauty Salon",3,"Rainbow Beauty Salon & Skin Care",,http://wannabiz.biz/miguellorenz,"United States",1,Wilmington,"Spas/beauty/personal care","[{""id"":""199236533423806"",""name"":""Beauty Salon""}]",58,2,207088602814145,http://www.facebook.com/207088602814145,"=HYPERLINK(""http://www.facebook.com/207088602814145/?sk=info"", ""207088602814145"")","=HYPERLINK(""http://builder.page2site.com/sites/add/fbid:207088602814145"", ""Create"")"
"Skin Care Beauty Salon",4,"ArchBeauty Skin Care Salon and Boutique","(401) 619-5885",www.archbeauty.com,"United States",1,Newport,"Spas/beauty/personal care","[{""id"":""138322342904312"",""name"":""Skin Care""},{""id"":""205950169432461"",""name"":""Day Spa""},{""id"":""200600219953504"",""name"":""Shopping & Retail""}]",1531,38,117016744984994,http://www.facebook.com/117016744984994,"=HYPERLINK(""http://www.facebook.com/117016744984994/?sk=info"", ""117016744984994"")","=HYPERLINK(""http://builder.page2site.com/sites/add/fbid:117016744984994"", ""Create"")"
"Skin Care Beauty Salon",5,"Genesis Beauty Salon & Skin Care",3921079229,http://www.facebook.com,Mexico,52,Ocotlán,"Spas/beauty/personal care","[{""id"":""139225689474222"",""name"":""Spa, Beauty & Personal Care""}]",85,,498785496905499,http://www.facebook.com/498785496905499,"=HYPERLINK(""http://www.facebook.com/498785496905499/?sk=info"", ""498785496905499"")","=HYPERLINK(""http://builder.page2site.com/sites/add/fbid:498785496905499"", ""Create"")"
"Skin Care Beauty Salon",6,"Freeland Jones Skin Care & Beauty Salon","01353 648606",http://www.freelandjones.co.uk,"United Kingdom",44,Ely,"Spas/beauty/personal care","[{""id"":""139225689474222"",""name"":""Spa, Beauty & Personal Care""}]",203,3,307209446065860,http://www.facebook.com/307209446065860,"=HYPERLINK(""http://www.facebook.com/307209446065860/?sk=info"", ""307209446065860"")","=HYPERLINK(""http://builder.page2site.com/sites/add/fbid:307209446065860"", ""Create"")"
"Skin Care Beauty Salon",7,"Beauty Secrets Hair Salon & Skin Care","(956)534-4775 &(956)683-7557",,"United States",1,McAllen,"Spas/beauty/personal care","[{""id"":""174177802634376"",""name"":""Hair Salon""},{""id"":""138322342904312"",""name"":""Skin Care""},{""id"":""200814353265561"",""name"":""Spa""}]",640,4,119384768112375,http://www.facebook.com/119384768112375,"=HYPERLINK(""http://www.facebook.com/119384768112375/?sk=info"", ""119384768112375"")","=HYPERLINK(""http://builder.page2site.com/sites/add/fbid:119384768112375"", ""Create"")"
"Skin Care Beauty Salon",8,"Beyond Beauty ~ A Skin Care Salon","(570) 524-7546",http://www.beyondbeautyskincaresalon.com,"United States",1,Lewisburg,"Spas/beauty/personal care","[{""id"":""139225689474222"",""name"":""Spa, Beauty & Personal Care""}]",376,,267539743298708,http://www.facebook.com/267539743298708,"=HYPERLINK(""http://www.facebook.com/267539743298708/?sk=info"", ""267539743298708"")","=HYPERLINK(""http://builder.page2site.com/sites/add/fbid:267539743298708"", ""Create"")"
"Skin Care Beauty Salon",9,"Oneivys Skin Care and Body Molding & Hair Power Beauty Salon","(818) 314-3921",,"United States",1,"South Gate","Spas/beauty/personal care","[{""id"":""139225689474222"",""name"":""Spa, Beauty & Personal Care""}]",95,4,169858826526943,http://www.facebook.com/169858826526943,"=HYPERLINK(""http://www.facebook.com/169858826526943/?sk=info"", ""169858826526943"")","=HYPERLINK(""http://builder.page2site.com/sites/add/fbid:169858826526943"", ""Create"")"
"Skin Care Beauty Salon",10,"Vilmatze Beauty Salon and skin care",09283511315,,Philippines,63,"General Trias","Spas/beauty/personal care","[{""id"":""139225689474222"",""name"":""Spa, Beauty & Personal Care""}]",24,1,263829247137733,http://www.facebook.com/263829247137733,"=HYPERLINK(""http://www.facebook.com/263829247137733/?sk=info"", ""263829247137733"")","=HYPERLINK(""http://builder.page2site.com/sites/add/fbid:263829247137733"", ""Create"")"
"Skin Care Beauty Salon",11,"alika skin care & beauty salon",,,Indonesia,62,Tangerang,"Local business","[{""id"":""2500"",""name"":""Local Business""}]",12,,331595626857718,http://www.facebook.com/331595626857718,"=HYPERLINK(""http://www.facebook.com/331595626857718/?sk=info"", ""331595626857718"")","=HYPERLINK(""http://builder.page2site.com/sites/add/fbid:331595626857718"", ""Create"")"
"Skin Care Beauty Salon",12,"Serenity Beauty Salon & Skin Care Specialists","015394 42395",,"United Kingdom",44,Bowness-on-Windermere,"Local business","[{""id"":""199236533423806"",""name"":""Beauty Salon""},{""id"":""138322342904312"",""name"":""Skin Care""}]",160,1,195368657191505,http://www.facebook.com/195368657191505,"=HYPERLINK(""http://www.facebook.com/195368657191505/?sk=info"", ""195368657191505"")","=HYPERLINK(""http://builder.page2site.com/sites/add/fbid:195368657191505"", ""Create"")"
"Skin Care Beauty Salon",13,"Beautyworx Salon, Skin Care & Wellness Center",022851247,,Philippines,63,Sangandaan,"Spas/beauty/personal care","[{""id"":""200814353265561"",""name"":""Spa""}]",481,8,396295083802681,http://www.facebook.com/396295083802681,"=HYPERLINK(""http://www.facebook.com/396295083802681/?sk=info"", ""396295083802681"")","=HYPERLINK(""http://builder.page2site.com/sites/add/fbid:396295083802681"", ""Create"")"
"Skin Care Beauty Salon",14,"Enny Beauty World Skin Care & cosmetology salon",+2348031160190,,Nigeria,234,Lagos,Health/beauty,"[{""id"":""2214"",""name"":""Health\/Beauty""}]",56,7,286091748245484,http://www.facebook.com/286091748245484,"=HYPERLINK(""http://www.facebook.com/286091748245484/?sk=info"", ""286091748245484"")","=HYPERLINK(""http://builder.page2site.com/sites/add/fbid:286091748245484"", ""Create"")"
"Skin Care Beauty Salon",15,"Vilmatze Beauty Salon& Skin care",+639283511515,,,,,Health/beauty,,14,,751243668229861,http://www.facebook.com/751243668229861,"=HYPERLINK(""http://www.facebook.com/751243668229861/?sk=info"", ""751243668229861"")","=HYPERLINK(""http://builder.page2site.com/sites/add/fbid:751243668229861"", ""Create"")"
"Skin Care Beauty Salon",16,"Beautique Beauty Salon & Environ Skin Care Clinic","01636 680198",http://www.beautique-marie-smith.co.uk,,,,Health/beauty,,65,,187740828001610,http://www.facebook.com/187740828001610,"=HYPERLINK(""http://www.facebook.com/187740828001610/?sk=info"", ""187740828001610"")","=HYPERLINK(""http://builder.page2site.com/sites/add/fbid:187740828001610"", ""Create"")"
"Skin Care Beauty Salon",17,"Vanity Fair Beauty and Skin Care Salon","09 528 5094",www.vanityfairbeauty.co.nz,"New Zealand",64,Auckland,"Spas/beauty/personal care","[{""id"":""139225689474222"",""name"":""Spa, Beauty & Personal Care""}]",60,3,133656603379868,http://www.facebook.com/133656603379868,"=HYPERLINK(""http://www.facebook.com/133656603379868/?sk=info"", ""133656603379868"")","=HYPERLINK(""http://builder.page2site.com/sites/add/fbid:133656603379868"", ""Create"")"
"Skin Care Beauty Salon",18,"BeautyQuest Medispa, Skin Care and Salon","(716) 633-SKIN/  (716) 826-4801 ","www.beautyquestwny.com ",,,,"Local business",,381,1,376352779025,http://www.facebook.com/376352779025,"=HYPERLINK(""http://www.facebook.com/376352779025/?sk=info"", ""376352779025"")","=HYPERLINK(""http://builder.page2site.com/sites/add/fbid:376352779025"", ""Create"")"
"Skin Care Beauty Salon",19,"Mammie's Beauty Salon & Skin Care","(919) 395-3529",<<not-applicable>>,"United States",1,Raleigh,"Spas/beauty/personal care","[{""id"":""199236533423806"",""name"":""Beauty Salon""}]",38,,202000729918281,http://www.facebook.com/202000729918281,"=HYPERLINK(""http://www.facebook.com/202000729918281/?sk=info"", ""202000729918281"")","=HYPERLINK(""http://builder.page2site.com/sites/add/fbid:202000729918281"", ""Create"")"
"Skin Care Beauty Salon",20,"Kay's Beauty Salon and Skin Care Clinic","1868738 8499",,"Trinidad and Tobago","1 868","San Fernando","Professional services","[{""id"":""139225689474222"",""name"":""Spa, Beauty & Personal Care""}]",18,,664349260288862,http://www.facebook.com/664349260288862,"=HYPERLINK(""http://www.facebook.com/664349260288862/?sk=info"", ""664349260288862"")","=HYPERLINK(""http://builder.page2site.com/sites/add/fbid:664349260288862"", ""Create"")"
"Skin Care Beauty Salon",21,"Beauty Salon And Skin Care",,http://www.skinwhiteningforever.com/?hop=moon45,,,,Community,,2,,320799811288952,http://www.facebook.com/320799811288952,"=HYPERLINK(""http://www.facebook.com/320799811288952/?sk=info"", ""320799811288952"")","=HYPERLINK(""http://builder.page2site.com/sites/add/fbid:320799811288952"", ""Create"")"
"Skin Care Beauty Salon",22,"Sisters Beauty Salon & Skin Care Center","(078) 844 - 5912",,Philippines,63,"Tuguegarao City","Spas/beauty/personal care","[{""id"":""199236533423806"",""name"":""Beauty Salon""},{""id"":""174177802634376"",""name"":""Hair Salon""},{""id"":""138322342904312"",""name"":""Skin Care""}]",37,12,688747884574808,http://www.facebook.com/688747884574808,"=HYPERLINK(""http://www.facebook.com/688747884574808/?sk=info"", ""688747884574808"")","=HYPERLINK(""http://builder.page2site.com/sites/add/fbid:688747884574808"", ""Create"")"
"Skin Care Beauty Salon",23,"Pure Touch Beauty Salon and Skin Care",09326486549,,Philippines,63,Valenzuela,Health/beauty,,145,4,593939884015928,http://www.facebook.com/593939884015928,"=HYPERLINK(""http://www.facebook.com/593939884015928/?sk=info"", ""593939884015928"")","=HYPERLINK(""http://builder.page2site.com/sites/add/fbid:593939884015928"", ""Create"")"
"Skin Care Beauty Salon",24,"Azi's Artistry Beauty and Skin Care Salon","(925) 932-2593",http://www.azishairandskincare.com/,"United States",1,"Walnut Creek","Local business","[{""id"":""199236533423806"",""name"":""Beauty Salon""},{""id"":""174177802634376"",""name"":""Hair Salon""}]",161,2,301720230138,http://www.facebook.com/301720230138,"=HYPERLINK(""http://www.facebook.com/301720230138/?sk=info"", ""301720230138"")","=HYPERLINK(""http://builder.page2site.com/sites/add/fbid:301720230138"", ""Create"")"
"Skin Care Beauty Salon",25,"Beauty Hours Salon & Skin Care",9321082029,https://www.facebook.com/pooja.salunke.104,India,91,Kalyan,"Spas/beauty/personal care","[{""id"":""199236533423806"",""name"":""Beauty Salon""}]",22,,568046986594256,http://www.facebook.com/568046986594256,"=HYPERLINK(""http://www.facebook.com/568046986594256/?sk=info"", ""568046986594256"")","=HYPERLINK(""http://builder.page2site.com/sites/add/fbid:568046986594256"", ""Create"")"
"Skin Care Beauty Salon",26,"Sunshine Skin Care Clinic & Beauty Salon",09236128316,"http://www.facebook.com http://www.twitter.com",India,91,Jhansi,"Spas/beauty/personal care","[{""id"":""139225689474222"",""name"":""Spa, Beauty & Personal Care""}]",18,,368209663301150,http://www.facebook.com/368209663301150,"=HYPERLINK(""http://www.facebook.com/368209663301150/?sk=info"", ""368209663301150"")","=HYPERLINK(""http://builder.page2site.com/sites/add/fbid:368209663301150"", ""Create"")"
"Skin Care Beauty Salon",27,"Relax & Style salon and Beauty skin care",,http://relaxandstyle.blogspot.com,,,,Product/service,,233,,126942627354736,http://www.facebook.com/126942627354736,"=HYPERLINK(""http://www.facebook.com/126942627354736/?sk=info"", ""126942627354736"")","=HYPERLINK(""http://builder.page2site.com/sites/add/fbid:126942627354736"", ""Create"")"
"Skin Care Beauty Salon",28,"Beauty Talks Salon, Body and Skin Care Studio",239-0614,,Philippines,63,Guizo,"Spas/beauty/personal care",,172,,351377054909621,http://www.facebook.com/351377054909621,"=HYPERLINK(""http://www.facebook.com/351377054909621/?sk=info"", ""351377054909621"")","=HYPERLINK(""http://builder.page2site.com/sites/add/fbid:351377054909621"", ""Create"")"
"Skin Care Beauty Salon",29,"Nandrre Salon hAIR and Beauty SKIN CARE",+6285285259555,www.nandree-salon.co.nr,Indonesia,62,Jakarta,"Local business","[{""id"":""2500"",""name"":""Local Business""}]",1336,,105274269532560,http://www.facebook.com/105274269532560,"=HYPERLINK(""http://www.facebook.com/105274269532560/?sk=info"", ""105274269532560"")","=HYPERLINK(""http://builder.page2site.com/sites/add/fbid:105274269532560"", ""Create"")"
"Skin Care Beauty Salon",30,"Beena Beauty Salon and  Laser Skin Care Center","(516) 643-0835",http://www.beenabeauty.com/,"United States",1,"East Meadow",Health/medical/pharmacy,"[{""id"":""145118935550090"",""name"":""Medical & Health""}]",42,,246691095429618,http://www.facebook.com/246691095429618,"=HYPERLINK(""http://www.facebook.com/246691095429618/?sk=info"", ""246691095429618"")","=HYPERLINK(""http://builder.page2site.com/sites/add/fbid:246691095429618"", ""Create"")"
"Skin Care Beauty Salon",31,"Bisnis Salon & Spa - Hair Beauty & Skin Care",,,,,,Health/beauty,,376,6,637359192956211,http://www.facebook.com/637359192956211,"=HYPERLINK(""http://www.facebook.com/637359192956211/?sk=info"", ""637359192956211"")","=HYPERLINK(""http://builder.page2site.com/sites/add/fbid:637359192956211"", ""Create"")"
"Skin Care Beauty Salon",32,"Bolger  Salon and Skin Care",09061105795,,Philippines,63,"Cagayan de Oro","Spas/beauty/personal care","[{""id"":""139225689474222"",""name"":""Spa, Beauty & Personal Care""}]",117,5,120936891301342,http://www.facebook.com/120936891301342,"=HYPERLINK(""http://www.facebook.com/120936891301342/?sk=info"", ""120936891301342"")","=HYPERLINK(""http://builder.page2site.com/sites/add/fbid:120936891301342"", ""Create"")"
"Skin Care Beauty Salon",33,"RBS Rowena Beauty Salon    / Facial Skin Care & Rebonding Center","97150 2824920",,"United Arab Emirates",971,Deira,"Spas/beauty/personal care",,35,,242689385849696,http://www.facebook.com/242689385849696,"=HYPERLINK(""http://www.facebook.com/242689385849696/?sk=info"", ""242689385849696"")","=HYPERLINK(""http://builder.page2site.com/sites/add/fbid:242689385849696"", ""Create"")"
"Skin Care Beauty Salon",34,"Beauty Temple Hair &  Skin Care Salon",025524065,,,,,Health/beauty,"[{""id"":""2214"",""name"":""Health\/Beauty""}]",40,,103247373129125,http://www.facebook.com/103247373129125,"=HYPERLINK(""http://www.facebook.com/103247373129125/?sk=info"", ""103247373129125"")","=HYPERLINK(""http://builder.page2site.com/sites/add/fbid:103247373129125"", ""Create"")"
"Skin Care Beauty Salon",35,"Payon beauty and skin care salon",,,Iran,98,Rasht,Company,,1,1,520897601379096,http://www.facebook.com/520897601379096,"=HYPERLINK(""http://www.facebook.com/520897601379096/?sk=info"", ""520897601379096"")","=HYPERLINK(""http://builder.page2site.com/sites/add/fbid:520897601379096"", ""Create"")"
"Skin Care Beauty Salon",36,"Beautiful You Massage & Skin Care at Bellézza Salon","(319) 450-4246",http://www.massagebook.com/byms,"United States",1,Marion,"Spas/beauty/personal care","[{""id"":""109578329118821"",""name"":""Massage""},{""id"":""128905757179140"",""name"":""Hair Removal""},{""id"":""205950169432461"",""name"":""Day Spa""}]",147,24,169307866599420,http://www.facebook.com/169307866599420,"=HYPERLINK(""http://www.facebook.com/169307866599420/?sk=info"", ""169307866599420"")","=HYPERLINK(""http://builder.page2site.com/sites/add/fbid:169307866599420"", ""Create"")"
"Skin Care Beauty Salon",37,"Orchid hair & skin care beauty salon","9638969220 ",,India,91,Bhuj,"Professional services","[{""id"":""176831012360626"",""name"":""Professional Services""}]",21,1,693852850672625,http://www.facebook.com/693852850672625,"=HYPERLINK(""http://www.facebook.com/693852850672625/?sk=info"", ""693852850672625"")","=HYPERLINK(""http://builder.page2site.com/sites/add/fbid:693852850672625"", ""Create"")"
"Skin Care Beauty Salon",38,"Salon Vitál Skin Care and Beauty","(509) 230-7524",http://salonvitalbeauty.com,"United States",1,Spokane,"Spas/beauty/personal care","[{""id"":""146059155460366"",""name"":""Makeup Artist""},{""id"":""144873802247220"",""name"":""Cosmetics & Beauty Supply""},{""id"":""138322342904312"",""name"":""Skin Care""}]",24,,528086737208669,http://www.facebook.com/528086737208669,"=HYPERLINK(""http://www.facebook.com/528086737208669/?sk=info"", ""528086737208669"")","=HYPERLINK(""http://builder.page2site.com/sites/add/fbid:528086737208669"", ""Create"")"
"Skin Care Beauty Salon",39,"The Beautiful Gate Skin Care Salon","(859) 268-7384",http://www.beautifulgatespa.com,"United States",1,Lexington,"Spas/beauty/personal care","[{""id"":""199236533423806"",""name"":""Beauty Salon""},{""id"":""145118935550090"",""name"":""Medical & Health""}]",67,,184334361578660,http://www.facebook.com/184334361578660,"=HYPERLINK(""http://www.facebook.com/184334361578660/?sk=info"", ""184334361578660"")","=HYPERLINK(""http://builder.page2site.com/sites/add/fbid:184334361578660"", ""Create"")"
"Skin Care Beauty Salon",40,"PT. BEAUTY and SKIN CARE SALON",,,Indonesia,62,Pematangsiantar,Company,,,,1612857522275243,http://www.facebook.com/1612857522275243,"=HYPERLINK(""http://www.facebook.com/1612857522275243/?sk=info"", ""1612857522275243"")","=HYPERLINK(""http://builder.page2site.com/sites/add/fbid:1612857522275243"", ""Create"")"
"Skin Care Beauty Salon",41,"Beautiful People Nail & Skin Care Salon","(412) 357-0299",,"United States",1,Oakdale,"Spas/beauty/personal care","[{""id"":""198516863494646"",""name"":""Nail Salon""},{""id"":""138322342904312"",""name"":""Skin Care""},{""id"":""128905757179140"",""name"":""Hair Removal""}]",12,,417230448322999,http://www.facebook.com/417230448322999,"=HYPERLINK(""http://www.facebook.com/417230448322999/?sk=info"", ""417230448322999"")","=HYPERLINK(""http://builder.page2site.com/sites/add/fbid:417230448322999"", ""Create"")"
"Skin Care Beauty Salon",42,"Essential Health and Skin Care",0118695029,,"South Africa",27,Alberton,"Professional services","[{""id"":""176831012360626"",""name"":""Professional Services""}]",41,,216934771830468,http://www.facebook.com/216934771830468,"=HYPERLINK(""http://www.facebook.com/216934771830468/?sk=info"", ""216934771830468"")","=HYPERLINK(""http://builder.page2site.com/sites/add/fbid:216934771830468"", ""Create"")"
"Skin Care Beauty Salon",43,"Our Little Secret Salon & Beauty Bar","(858)454-Shhh (7444)",http://www.OurLittleSecretSD.com,"United States",1,"La Jolla","Spas/beauty/personal care","[{""id"":""199236533423806"",""name"":""Beauty Salon""},{""id"":""128905757179140"",""name"":""Hair Removal""},{""id"":""138322342904312"",""name"":""Skin Care""}]",659,29,180972948591673,http://www.facebook.com/180972948591673,"=HYPERLINK(""http://www.facebook.com/180972948591673/?sk=info"", ""180972948591673"")","=HYPERLINK(""http://builder.page2site.com/sites/add/fbid:180972948591673"", ""Create"")"
"Skin Care Beauty Salon",44,"Venetian A Lifestyle Nail Salon & Skin Care Center","(513) 770-0799",www.venetiannailsalon.com,"United States",1,Mason,"Spas/beauty/personal care","[{""id"":""199236533423806"",""name"":""Beauty Salon""},{""id"":""198516863494646"",""name"":""Nail Salon""}]",925,12,159825710707008,http://www.facebook.com/159825710707008,"=HYPERLINK(""http://www.facebook.com/159825710707008/?sk=info"", ""159825710707008"")","=HYPERLINK(""http://builder.page2site.com/sites/add/fbid:159825710707008"", ""Create"")"
"Skin Care Beauty Salon",45,"Personalized Skin Care clinic","(714) 738-8084",WWW.PSKINCARE.NET,"United States",1,Fullerton,"Spas/beauty/personal care","[{""id"":""199236533423806"",""name"":""Beauty Salon""}]",3088,15,153244778053864,http://www.facebook.com/153244778053864,"=HYPERLINK(""http://www.facebook.com/153244778053864/?sk=info"", ""153244778053864"")","=HYPERLINK(""http://builder.page2site.com/sites/add/fbid:153244778053864"", ""Create"")"
"Skin Care Beauty Salon",46,"Beauty & Beyond Skin Care",713-528-SKIN(7546),www.beautyandbeyondhouston.com,"United States",1,Houston,"Local business","[{""id"":""199236533423806"",""name"":""Beauty Salon""}]",885,93,148836553424,http://www.facebook.com/148836553424,"=HYPERLINK(""http://www.facebook.com/148836553424/?sk=info"", ""148836553424"")","=HYPERLINK(""http://builder.page2site.com/sites/add/fbid:148836553424"", ""Create"")"
"Skin Care Beauty Salon",47,"Serenity Skin & Body Care",52241122,www.serenitygeelong.com.au,Australia,61,Geelong,"Local business","[{""id"":""199236533423806"",""name"":""Beauty Salon""}]",1188,8,136841493015304,http://www.facebook.com/136841493015304,"=HYPERLINK(""http://www.facebook.com/136841493015304/?sk=info"", ""136841493015304"")","=HYPERLINK(""http://builder.page2site.com/sites/add/fbid:136841493015304"", ""Create"")"
"Skin Care Beauty Salon",48,"About Face Aesthetics, Skin Care and Weight Management","(423) 989-3223",http://www.tryaboutface.com,"United States",1,Bristol,"Local business","[{""id"":""211987392145473"",""name"":""Health Spa""},{""id"":""199236533423806"",""name"":""Beauty Salon""},{""id"":""145118935550090"",""name"":""Medical & Health""}]",1036,19,401168516613,http://www.facebook.com/401168516613,"=HYPERLINK(""http://www.facebook.com/401168516613/?sk=info"", ""401168516613"")","=HYPERLINK(""http://builder.page2site.com/sites/add/fbid:401168516613"", ""Create"")"
"Skin Care Beauty Salon",49,"Inde Salon and Skin Care","(617) 302-3421",http://indesalon.com,"United States",1,Quincy,"Spas/beauty/personal care","[{""id"":""199236533423806"",""name"":""Beauty Salon""}]",701,3,592697927411549,http://www.facebook.com/592697927411549,"=HYPERLINK(""http://www.facebook.com/592697927411549/?sk=info"", ""592697927411549"")","=HYPERLINK(""http://builder.page2site.com/sites/add/fbid:592697927411549"", ""Create"")"
"Skin Care Beauty Salon",50,"Jaazz Salons & Skin Care Center","(509) 838-4995","www.jaazzsalons.com ","United States",1,Spokane,"Spas/beauty/personal care","[{""id"":""199236533423806"",""name"":""Beauty Salon""},{""id"":""169758603141095"",""name"":""Barber Shop""}]",3890,26,108574054967,http://www.facebook.com/108574054967,"=HYPERLINK(""http://www.facebook.com/108574054967/?sk=info"", ""108574054967"")","=HYPERLINK(""http://builder.page2site.com/sites/add/fbid:108574054967"", ""Create"")"
"Skin Care Beauty Salon",51,"Natasha Skin Care",089672091542,,Indonesia,62,Yogyakarta,"Local business","[{""id"":""199236533423806"",""name"":""Beauty Salon""}]",231,5,160783777301441,http://www.facebook.com/160783777301441,"=HYPERLINK(""http://www.facebook.com/160783777301441/?sk=info"", ""160783777301441"")","=HYPERLINK(""http://builder.page2site.com/sites/add/fbid:160783777301441"", ""Create"")"
"Skin Care Beauty Salon",52,"The Grotto hair & skin care studio","(360) 733-2723",www.thegrottohairstudio.com,"United States",1,Bellingham,"Spas/beauty/personal care","[{""id"":""174177802634376"",""name"":""Hair Salon""},{""id"":""185600691480842"",""name"":""Tanning Salon""},{""id"":""128905757179140"",""name"":""Hair Removal""}]",1096,2,85603843916,http://www.facebook.com/85603843916,"=HYPERLINK(""http://www.facebook.com/85603843916/?sk=info"", ""85603843916"")","=HYPERLINK(""http://builder.page2site.com/sites/add/fbid:85603843916"", ""Create"")"
"Skin Care Beauty Salon",53,"Elegance Hair & Skin Care",9056548800,http://www.elegancesalon.ca,Canada,1,Brampton,"Spas/beauty/personal care","[{""id"":""199236533423806"",""name"":""Beauty Salon""},{""id"":""174177802634376"",""name"":""Hair Salon""},{""id"":""146059155460366"",""name"":""Makeup Artist""}]",809,16,104457558550,http://www.facebook.com/104457558550,"=HYPERLINK(""http://www.facebook.com/104457558550/?sk=info"", ""104457558550"")","=HYPERLINK(""http://builder.page2site.com/sites/add/fbid:104457558550"", ""Create"")"
"Skin Care Beauty Salon",54,"Casaverde Hair, Body & Skin Care","(032) 401-0372/ 09088148280 (Smart) / 09173283574 (Globe)/09434267518 (Sun)",www.casaverdedermasalon.com,Philippines,63,"Cebu City","Spas/beauty/personal care","[{""id"":""199236533423806"",""name"":""Beauty Salon""}]",850,8,256899897780843,http://www.facebook.com/256899897780843,"=HYPERLINK(""http://www.facebook.com/256899897780843/?sk=info"", ""256899897780843"")","=HYPERLINK(""http://builder.page2site.com/sites/add/fbid:256899897780843"", ""Create"")"
"Skin Care Beauty Salon",55,"The Moon Beauty Salon",0851626888,themoonbeauty.com,Ireland,353,Dublin,"Local business","[{""id"":""138322342904312"",""name"":""Skin Care""}]",777,4,172399684722,http://www.facebook.com/172399684722,"=HYPERLINK(""http://www.facebook.com/172399684722/?sk=info"", ""172399684722"")","=HYPERLINK(""http://builder.page2site.com/sites/add/fbid:172399684722"", ""Create"")"
"Skin Care Beauty Salon",56,"The Skin Care Clinic & Cosmetic Surgery Center","(949) 760-8065",http://www.theskincareclinic.com,"United States",1,"Newport Beach",Health/medical/pharmacy,"[{""id"":""199236533423806"",""name"":""Beauty Salon""},{""id"":""145118935550090"",""name"":""Medical & Health""}]",605,1,370386541702,http://www.facebook.com/370386541702,"=HYPERLINK(""http://www.facebook.com/370386541702/?sk=info"", ""370386541702"")","=HYPERLINK(""http://builder.page2site.com/sites/add/fbid:370386541702"", ""Create"")"
"Skin Care Beauty Salon",57,"TyMy Spa & Beauty Salon","+84.058.3527417, +84.058.3523245 - Hotline: +84.0905568356, +84.0906593988",http://tymyspa.com,Vietnam,84,"Nha Trang","Spas/beauty/personal care","[{""id"":""199236533423806"",""name"":""Beauty Salon""},{""id"":""211987392145473"",""name"":""Health Spa""},{""id"":""138322342904312"",""name"":""Skin Care""}]",299,30,647897091908223,http://www.facebook.com/647897091908223,"=HYPERLINK(""http://www.facebook.com/647897091908223/?sk=info"", ""647897091908223"")","=HYPERLINK(""http://builder.page2site.com/sites/add/fbid:647897091908223"", ""Create"")"
"Skin Care Beauty Salon",58,"Royal Blizz Tan Salon & Beauty Bar",010-7670050,http://www.royalblizz.nl,Netherlands,31,"Capelle aan den IJssel","Spas/beauty/personal care","[{""id"":""185600691480842"",""name"":""Tanning Salon""},{""id"":""146059155460366"",""name"":""Makeup Artist""},{""id"":""138322342904312"",""name"":""Skin Care""}]",221,26,1416205368657664,http://www.facebook.com/1416205368657664,"=HYPERLINK(""http://www.facebook.com/1416205368657664/?sk=info"", ""1416205368657664"")","=HYPERLINK(""http://builder.page2site.com/sites/add/fbid:1416205368657664"", ""Create"")"
"Skin Care Beauty Salon",59,"Beautology Hair and Skin Care Clinic & Training Academy",01274203249,www.beautologyclinic.co.uk,"United Kingdom",44,"City of Bradford","Spas/beauty/personal care","[{""id"":""199236533423806"",""name"":""Beauty Salon""}]",1498,80,165484284024,http://www.facebook.com/165484284024,"=HYPERLINK(""http://www.facebook.com/165484284024/?sk=info"", ""165484284024"")","=HYPERLINK(""http://builder.page2site.com/sites/add/fbid:165484284024"", ""Create"")"
"Skin Care Beauty Salon",60,"Mimi's Beauty Supply, Salon & Skincare","(714) 572-6464",www.mimisbeauty.net,"United States",1,Placentia,"Spas/beauty/personal care","[{""id"":""199236533423806"",""name"":""Beauty Salon""},{""id"":""187133811318958"",""name"":""Business Services""},{""id"":""200600219953504"",""name"":""Shopping & Retail""}]",817,2,94993493456,http://www.facebook.com/94993493456,"=HYPERLINK(""http://www.facebook.com/94993493456/?sk=info"", ""94993493456"")","=HYPERLINK(""http://builder.page2site.com/sites/add/fbid:94993493456"", ""Create"")"
"Skin Care Beauty Salon",61,"Privy Skin Care","(702) 496-2066",PrivySkinCare.com,"United States",1,"Las Vegas","Spas/beauty/personal care","[{""id"":""138322342904312"",""name"":""Skin Care""},{""id"":""199236533423806"",""name"":""Beauty Salon""},{""id"":""200814353265561"",""name"":""Spa""}]",576,8,113119725414387,http://www.facebook.com/113119725414387,"=HYPERLINK(""http://www.facebook.com/113119725414387/?sk=info"", ""113119725414387"")","=HYPERLINK(""http://builder.page2site.com/sites/add/fbid:113119725414387"", ""Create"")"
"Skin Care Beauty Salon",62,"Peaches & Cream Health & Beauty Salon","0113 2380035",www.peachesmorley.co.uk,"United Kingdom",44,Morley,"Local business","[{""id"":""199236533423806"",""name"":""Beauty Salon""},{""id"":""138322342904312"",""name"":""Skin Care""}]",312,2,152411034814815,http://www.facebook.com/152411034814815,"=HYPERLINK(""http://www.facebook.com/152411034814815/?sk=info"", ""152411034814815"")","=HYPERLINK(""http://builder.page2site.com/sites/add/fbid:152411034814815"", ""Create"")"
"Skin Care Beauty Salon",63,"Maggie Yuan Skin Care","(408) 802-3928",www.maggieyuanskincare.com,"United States",1,"Los Gatos","Spas/beauty/personal care","[{""id"":""138322342904312"",""name"":""Skin Care""},{""id"":""146053955462002"",""name"":""Esthethics""},{""id"":""200814353265561"",""name"":""Spa""}]",1432,114,167328177723,http://www.facebook.com/167328177723,"=HYPERLINK(""http://www.facebook.com/167328177723/?sk=info"", ""167328177723"")","=HYPERLINK(""http://builder.page2site.com/sites/add/fbid:167328177723"", ""Create"")"
"Skin Care Beauty Salon",64,"Renew Salon and Skin Care","(509) 663-4444",http://renewsalon.webs.com,"United States",1,Wenatchee,"Spas/beauty/personal care","[{""id"":""199236533423806"",""name"":""Beauty Salon""}]",435,16,159647660825987,http://www.facebook.com/159647660825987,"=HYPERLINK(""http://www.facebook.com/159647660825987/?sk=info"", ""159647660825987"")","=HYPERLINK(""http://builder.page2site.com/sites/add/fbid:159647660825987"", ""Create"")"
"Skin Care Beauty Salon",65,"مركز تالا للعناية بالبشرة",0595179364,http://www.facebook.com/TalaSkinCareCenter.,Palestine,,Jenin,Health/medical/pharmacy,"[{""id"":""199236533423806"",""name"":""Beauty Salon""}]",862,72,300600040092008,http://www.facebook.com/300600040092008,"=HYPERLINK(""http://www.facebook.com/300600040092008/?sk=info"", ""300600040092008"")","=HYPERLINK(""http://builder.page2site.com/sites/add/fbid:300600040092008"", ""Create"")"
"Skin Care Beauty Salon",66,"Hair, Nails and Skin Care Studio",091799782,,Ireland,353,Claregalway,"Spas/beauty/personal care","[{""id"":""174177802634376"",""name"":""Hair Salon""},{""id"":""199236533423806"",""name"":""Beauty Salon""}]",1019,2,169490939778405,http://www.facebook.com/169490939778405,"=HYPERLINK(""http://www.facebook.com/169490939778405/?sk=info"", ""169490939778405"")","=HYPERLINK(""http://builder.page2site.com/sites/add/fbid:169490939778405"", ""Create"")"
"Skin Care Beauty Salon",67,"Skin Logic Skin Care and Acne Treatment Center","(408) 905-7546",www.skinlogic.us,"United States",1,"San Jose","Local business","[{""id"":""145118935550090"",""name"":""Medical & Health""},{""id"":""199236533423806"",""name"":""Beauty Salon""}]",3116,53,59000572932,http://www.facebook.com/59000572932,"=HYPERLINK(""http://www.facebook.com/59000572932/?sk=info"", ""59000572932"")","=HYPERLINK(""http://builder.page2site.com/sites/add/fbid:59000572932"", ""Create"")"
"Skin Care Beauty Salon",68,"Rita Beauty Salon",06306582690,http://www.facebook.com/rita.f.varga,Hungary,36,Szolnok,"Spas/beauty/personal care","[{""id"":""199236533423806"",""name"":""Beauty Salon""},{""id"":""138322342904312"",""name"":""Skin Care""},{""id"":""144873802247220"",""name"":""Cosmetics & Beauty Supply""}]",845,4,580095238754450,http://www.facebook.com/580095238754450,"=HYPERLINK(""http://www.facebook.com/580095238754450/?sk=info"", ""580095238754450"")","=HYPERLINK(""http://builder.page2site.com/sites/add/fbid:580095238754450"", ""Create"")"
"Skin Care Beauty Salon",69,"PURE Health and Skin CARE","(041) 371 3897/0791653642","http://www.puresalon.co.za http://www.puresalon.co.za http://www.puresalon.co.za","South Africa",27,"Port Elizabeth","Spas/beauty/personal care","[{""id"":""199236533423806"",""name"":""Beauty Salon""}]",459,,255170114657086,http://www.facebook.com/255170114657086,"=HYPERLINK(""http://www.facebook.com/255170114657086/?sk=info"", ""255170114657086"")","=HYPERLINK(""http://builder.page2site.com/sites/add/fbid:255170114657086"", ""Create"")"
"Skin Care Beauty Salon",70,"Mary Jane K - Exclusive Nail & Skin Care","+230 453 5591 or +230 5421 5591",http://www.maryjane-k.com,Mauritius,230,"Flic en Flac","Spas/beauty/personal care","[{""id"":""198516863494646"",""name"":""Nail Salon""}]",3720,55,194556557272105,http://www.facebook.com/194556557272105,"=HYPERLINK(""http://www.facebook.com/194556557272105/?sk=info"", ""194556557272105"")","=HYPERLINK(""http://builder.page2site.com/sites/add/fbid:194556557272105"", ""Create"")"
"Skin Care Beauty Salon",71,"Mantra Beauty and Skin Care","02 8678 6286",http://www.mantrabeauty.com.au,Australia,61,Blacktown,Health/beauty,"[{""id"":""199236533423806"",""name"":""Beauty Salon""}]",198,,760977047278966,http://www.facebook.com/760977047278966,"=HYPERLINK(""http://www.facebook.com/760977047278966/?sk=info"", ""760977047278966"")","=HYPERLINK(""http://builder.page2site.com/sites/add/fbid:760977047278966"", ""Create"")"
"Skin Care Beauty Salon",72,"Elegant Touch. Beauty Salon Didsbury","0161 434 5111",http://www.eleganttouchdidsbury.co.uk,"United Kingdom",44,Manchester,"Professional services","[{""id"":""128905757179140"",""name"":""Hair Removal""},{""id"":""138322342904312"",""name"":""Skin Care""}]",221,4,195215772336,http://www.facebook.com/195215772336,"=HYPERLINK(""http://www.facebook.com/195215772336/?sk=info"", ""195215772336"")","=HYPERLINK(""http://builder.page2site.com/sites/add/fbid:195215772336"", ""Create"")"
"Skin Care Beauty Salon",73,"Alisa Salon. Spa and Skin care",0218616321,http://www.alisasalonspa.com,Indonesia,62,Jakarta,"Spas/beauty/personal care","[{""id"":""199236533423806"",""name"":""Beauty Salon""},{""id"":""174177802634376"",""name"":""Hair Salon""},{""id"":""198516863494646"",""name"":""Nail Salon""}]",3012,8,1484574935094010,http://www.facebook.com/1484574935094010,"=HYPERLINK(""http://www.facebook.com/1484574935094010/?sk=info"", ""1484574935094010"")","=HYPERLINK(""http://builder.page2site.com/sites/add/fbid:1484574935094010"", ""Create"")"
"Skin Care Beauty Salon",74,"Esthetic Skin Care",+3584573424689,"http://www.estheticskincare.ax https://www.timecenter.com/estheticskincare/",Finland,358,Jomala,"Local business","[{""id"":""199236533423806"",""name"":""Beauty Salon""}]",1435,,337885689655381,http://www.facebook.com/337885689655381,"=HYPERLINK(""http://www.facebook.com/337885689655381/?sk=info"", ""337885689655381"")","=HYPERLINK(""http://builder.page2site.com/sites/add/fbid:337885689655381"", ""Create"")"
"Skin Care Beauty Salon",75,"North Scottsdale Laser & Skin Care Clinic","(480) 405-2996",http://www.azlaserandskincare.com/,"United States",1,Scottsdale,Health/beauty,"[{""id"":""139225689474222"",""name"":""Spa, Beauty & Personal Care""}]",1184,20,137119256460204,http://www.facebook.com/137119256460204,"=HYPERLINK(""http://www.facebook.com/137119256460204/?sk=info"", ""137119256460204"")","=HYPERLINK(""http://builder.page2site.com/sites/add/fbid:137119256460204"", ""Create"")"
"Skin Care Beauty Salon",76,"CR Spa & Beauty Salon","(614) 2611069",,Mexico,52,Chihuahua,"Spas/beauty/personal care","[{""id"":""199236533423806"",""name"":""Beauty Salon""},{""id"":""138322342904312"",""name"":""Skin Care""},{""id"":""211987392145473"",""name"":""Health Spa""}]",363,45,569414829836441,http://www.facebook.com/569414829836441,"=HYPERLINK(""http://www.facebook.com/569414829836441/?sk=info"", ""569414829836441"")","=HYPERLINK(""http://builder.page2site.com/sites/add/fbid:569414829836441"", ""Create"")"
"Skin Care Beauty Salon",77,"Head to Toe Beauty Salon","(760) 256-5939",leilahairextensions.com,"United States",1,Barstow,"Local business","[{""id"":""199236533423806"",""name"":""Beauty Salon""},{""id"":""198516863494646"",""name"":""Nail Salon""},{""id"":""138322342904312"",""name"":""Skin Care""}]",366,2,195839110456943,http://www.facebook.com/195839110456943,"=HYPERLINK(""http://www.facebook.com/195839110456943/?sk=info"", ""195839110456943"")","=HYPERLINK(""http://builder.page2site.com/sites/add/fbid:195839110456943"", ""Create"")"
"Skin Care Beauty Salon",78,"Placecol Skin Care Clinic Glenfair","012 361 3251",http://www.placecol.com/,"South Africa",27,"Lynnwood Manor","Spas/beauty/personal care","[{""id"":""199236533423806"",""name"":""Beauty Salon""}]",588,12,443996695709653,http://www.facebook.com/443996695709653,"=HYPERLINK(""http://www.facebook.com/443996695709653/?sk=info"", ""443996695709653"")","=HYPERLINK(""http://builder.page2site.com/sites/add/fbid:443996695709653"", ""Create"")"
"Skin Care Beauty Salon",79,"Vanity Hair & Skin Care Salon","(863) 623-4586",,"United States",1,Okeechobee,"Professional services","[{""id"":""199236533423806"",""name"":""Beauty Salon""}]",175,46,1552159371665237,http://www.facebook.com/1552159371665237,"=HYPERLINK(""http://www.facebook.com/1552159371665237/?sk=info"", ""1552159371665237"")","=HYPERLINK(""http://builder.page2site.com/sites/add/fbid:1552159371665237"", ""Create"")"
"Skin Care Beauty Salon",80,"Bie Nail & Skin Care",24101006,,"Hong Kong",852,"Hong Kong","Spas/beauty/personal care","[{""id"":""198516863494646"",""name"":""Nail Salon""},{""id"":""199236533423806"",""name"":""Beauty Salon""}]",698,84,112102655497289,http://www.facebook.com/112102655497289,"=HYPERLINK(""http://www.facebook.com/112102655497289/?sk=info"", ""112102655497289"")","=HYPERLINK(""http://builder.page2site.com/sites/add/fbid:112102655497289"", ""Create"")"
"Skin Care Beauty Salon",81,"BeautyCo Home & Mobile Salon",02102651396,<<not-applicable>>,"New Zealand",64,Kamo,"Professional services","[{""id"":""138322342904312"",""name"":""Skin Care""},{""id"":""144873802247220"",""name"":""Cosmetics & Beauty Supply""},{""id"":""199236533423806"",""name"":""Beauty Salon""}]",274,20,1507463179465422,http://www.facebook.com/1507463179465422,"=HYPERLINK(""http://www.facebook.com/1507463179465422/?sk=info"", ""1507463179465422"")","=HYPERLINK(""http://builder.page2site.com/sites/add/fbid:1507463179465422"", ""Create"")"
"Skin Care Beauty Salon",82,"Shimmers Beauty & Shapers Salon",33252536,http://www.facebook.com/glamourr.beautyyshapes,Qatar,974,Doha,"Spas/beauty/personal care","[{""id"":""138322342904312"",""name"":""Skin Care""},{""id"":""198516863494646"",""name"":""Nail Salon""},{""id"":""109578329118821"",""name"":""Massage""}]",621,23,372985069480845,http://www.facebook.com/372985069480845,"=HYPERLINK(""http://www.facebook.com/372985069480845/?sk=info"", ""372985069480845"")","=HYPERLINK(""http://builder.page2site.com/sites/add/fbid:372985069480845"", ""Create"")"
"Skin Care Beauty Salon",83,"ELIZA skin care",+37477885353,https://www.facebook.com/eliza.skin.care.epilation,Armenia,374,Yerevan,"Spas/beauty/personal care","[{""id"":""199236533423806"",""name"":""Beauty Salon""},{""id"":""144873802247220"",""name"":""Cosmetics & Beauty Supply""}]",1726,14,453799484723061,http://www.facebook.com/453799484723061,"=HYPERLINK(""http://www.facebook.com/453799484723061/?sk=info"", ""453799484723061"")","=HYPERLINK(""http://builder.page2site.com/sites/add/fbid:453799484723061"", ""Create"")"
"Skin Care Beauty Salon",84,"The Professionals Hair & Skin Care Center","(520) 294-5791",,"United States",1,Tucson,"Local business","[{""id"":""199236533423806"",""name"":""Beauty Salon""}]",8,,122106377847710,http://www.facebook.com/122106377847710,"=HYPERLINK(""http://www.facebook.com/122106377847710/?sk=info"", ""122106377847710"")","=HYPERLINK(""http://builder.page2site.com/sites/add/fbid:122106377847710"", ""Create"")"
"Skin Care Beauty Salon",85,"Beauty is Belleza Beauty Salon","02 9743 3676",,Australia,61,Concord,"Local business","[{""id"":""199236533423806"",""name"":""Beauty Salon""},{""id"":""138322342904312"",""name"":""Skin Care""},{""id"":""185600691480842"",""name"":""Tanning Salon""}]",201,9,193510757361795,http://www.facebook.com/193510757361795,"=HYPERLINK(""http://www.facebook.com/193510757361795/?sk=info"", ""193510757361795"")","=HYPERLINK(""http://builder.page2site.com/sites/add/fbid:193510757361795"", ""Create"")"
"Skin Care Beauty Salon",86,"Crown & Glory Beauty Salon",0727875706,,"South Africa",27,Welgemoed,"Spas/beauty/personal care","[{""id"":""199236533423806"",""name"":""Beauty Salon""},{""id"":""138322342904312"",""name"":""Skin Care""}]",112,,1436476379936564,http://www.facebook.com/1436476379936564,"=HYPERLINK(""http://www.facebook.com/1436476379936564/?sk=info"", ""1436476379936564"")","=HYPERLINK(""http://builder.page2site.com/sites/add/fbid:1436476379936564"", ""Create"")"
"Skin Care Beauty Salon",87,"Perfect Skin Care Solutions",09155615908,https://www.facebook.com/DermaSpaHouse,Philippines,63,"Quezon City","Spas/beauty/personal care","[{""id"":""200600219953504"",""name"":""Shopping & Retail""},{""id"":""199236533423806"",""name"":""Beauty Salon""}]",256,1,254352088065399,http://www.facebook.com/254352088065399,"=HYPERLINK(""http://www.facebook.com/254352088065399/?sk=info"", ""254352088065399"")","=HYPERLINK(""http://builder.page2site.com/sites/add/fbid:254352088065399"", ""Create"")"
"Skin Care Beauty Salon",88,"Harmonija masažni in kozmetični salon-Belvedere","+386 40 777 040",http://www.harmonija-izola.si,Slovenia,386,Izola,"Spas/beauty/personal care","[{""id"":""109578329118821"",""name"":""Massage""},{""id"":""198516863494646"",""name"":""Nail Salon""},{""id"":""138322342904312"",""name"":""Skin Care""}]",547,1,388849347884824,http://www.facebook.com/388849347884824,"=HYPERLINK(""http://www.facebook.com/388849347884824/?sk=info"", ""388849347884824"")","=HYPERLINK(""http://builder.page2site.com/sites/add/fbid:388849347884824"", ""Create"")"
"Skin Care Beauty Salon",89,"Total beauty salon Embellir サロン アンベリール 相模原",09078362921,,Japan,81,Sagamihara-shi,"Spas/beauty/personal care","[{""id"":""146053955462002"",""name"":""Esthethics""},{""id"":""138322342904312"",""name"":""Skin Care""},{""id"":""144873802247220"",""name"":""Cosmetics & Beauty Supply""}]",130,12,429347520542577,http://www.facebook.com/429347520542577,"=HYPERLINK(""http://www.facebook.com/429347520542577/?sk=info"", ""429347520542577"")","=HYPERLINK(""http://builder.page2site.com/sites/add/fbid:429347520542577"", ""Create"")"
"Skin Care Beauty Salon",90,"Ocean Beauty Salon","(954) 642-2930",http://www.myoceanbeautysalon.com/,"United States",1,"Coconut Creek","Spas/beauty/personal care","[{""id"":""199236533423806"",""name"":""Beauty Salon""},{""id"":""138322342904312"",""name"":""Skin Care""}]",829,2,368227959919397,http://www.facebook.com/368227959919397,"=HYPERLINK(""http://www.facebook.com/368227959919397/?sk=info"", ""368227959919397"")","=HYPERLINK(""http://builder.page2site.com/sites/add/fbid:368227959919397"", ""Create"")"
"Skin Care Beauty Salon",91,"Nirmal Herbal - Skin & Hair Care . Salon . Spa","25241449(Chembur), 26550915(Bandra),25692922(Mulund), 26135798(Vileparle), 25704036(Powai)",http://www.nirmalherbal.com,India,91,Mumbai,"Spas/beauty/personal care","[{""id"":""199236533423806"",""name"":""Beauty Salon""},{""id"":""205950169432461"",""name"":""Day Spa""},{""id"":""174177802634376"",""name"":""Hair Salon""}]",715,6,126083264183277,http://www.facebook.com/126083264183277,"=HYPERLINK(""http://www.facebook.com/126083264183277/?sk=info"", ""126083264183277"")","=HYPERLINK(""http://builder.page2site.com/sites/add/fbid:126083264183277"", ""Create"")"
"Skin Care Beauty Salon",92,"Amdani's Beauty Saloon,skin Care, Boutique & Institute",0345-4400279,https://www.facebook.com/Amdani'sBeautysalonSkinCareBoutiqeInstitute,Pakistan,92,Peshawar,"Professional services","[{""id"":""199236533423806"",""name"":""Beauty Salon""}]",537,3,518223424880568,http://www.facebook.com/518223424880568,"=HYPERLINK(""http://www.facebook.com/518223424880568/?sk=info"", ""518223424880568"")","=HYPERLINK(""http://builder.page2site.com/sites/add/fbid:518223424880568"", ""Create"")"
"Skin Care Beauty Salon",93,"Bliss Body & Skin Care","03 52218448",,Australia,61,"Geelong West","Spas/beauty/personal care","[{""id"":""199236533423806"",""name"":""Beauty Salon""}]",161,4,1451744508396170,http://www.facebook.com/1451744508396170,"=HYPERLINK(""http://www.facebook.com/1451744508396170/?sk=info"", ""1451744508396170"")","=HYPERLINK(""http://builder.page2site.com/sites/add/fbid:1451744508396170"", ""Create"")"
"Skin Care Beauty Salon",94,"Luna Wax & Beauty Salon","(843) 718-1087",http://www.lunawaxandbeauty.com,"United States",1,Charleston,"Spas/beauty/personal care","[{""id"":""199236533423806"",""name"":""Beauty Salon""},{""id"":""138322342904312"",""name"":""Skin Care""},{""id"":""128905757179140"",""name"":""Hair Removal""}]",1143,10,1409613185975021,http://www.facebook.com/1409613185975021,"=HYPERLINK(""http://www.facebook.com/1409613185975021/?sk=info"", ""1409613185975021"")","=HYPERLINK(""http://builder.page2site.com/sites/add/fbid:1409613185975021"", ""Create"")"
"Skin Care Beauty Salon",95,"All About U - Skin & Body Care","021 4345857",,"South Africa",27,"Sea Point","Spas/beauty/personal care","[{""id"":""199236533423806"",""name"":""Beauty Salon""}]",875,5,211302245570566,http://www.facebook.com/211302245570566,"=HYPERLINK(""http://www.facebook.com/211302245570566/?sk=info"", ""211302245570566"")","=HYPERLINK(""http://builder.page2site.com/sites/add/fbid:211302245570566"", ""Create"")"
"Skin Care Beauty Salon",96,"Mila Moursi Skin Care","(310) 274-1602",milamoursiskincare.com,"United States",1,"Los Angeles",Health/beauty,"[{""id"":""199236533423806"",""name"":""Beauty Salon""}]",4626,12,186711691350986,http://www.facebook.com/186711691350986,"=HYPERLINK(""http://www.facebook.com/186711691350986/?sk=info"", ""186711691350986"")","=HYPERLINK(""http://builder.page2site.com/sites/add/fbid:186711691350986"", ""Create"")"
"Skin Care Beauty Salon",97,"Dinora's Skin Care & Beauty Salon","(818) 985-0823",,"United States",1,"North Hollywood","Local business","[{""id"":""199236533423806"",""name"":""Beauty Salon""},{""id"":""144873802247220"",""name"":""Cosmetics & Beauty Supply""}]",11,,158953117460676,http://www.facebook.com/158953117460676,"=HYPERLINK(""http://www.facebook.com/158953117460676/?sk=info"", ""158953117460676"")","=HYPERLINK(""http://builder.page2site.com/sites/add/fbid:158953117460676"", ""Create"")"
"Skin Care Beauty Salon",98,"Skin Care by Amanda Walker","(850) 832-4385",,"United States",1,"Lynn Haven","Spas/beauty/personal care","[{""id"":""199236533423806"",""name"":""Beauty Salon""},{""id"":""138322342904312"",""name"":""Skin Care""}]",297,1,1466008040282861,http://www.facebook.com/1466008040282861,"=HYPERLINK(""http://www.facebook.com/1466008040282861/?sk=info"", ""1466008040282861"")","=HYPERLINK(""http://builder.page2site.com/sites/add/fbid:1466008040282861"", ""Create"")"
"Skin Care Beauty Salon",99,"Peaches & Lime Beauty Salon",012056709,http://peacheslime.ie,Ireland,353,Stillorgan,"Spas/beauty/personal care","[{""id"":""197995016883073"",""name"":""Nutritionist""},{""id"":""138322342904312"",""name"":""Skin Care""},{""id"":""199236533423806"",""name"":""Beauty Salon""}]",740,13,494088770685914,http://www.facebook.com/494088770685914,"=HYPERLINK(""http://www.facebook.com/494088770685914/?sk=info"", ""494088770685914"")","=HYPERLINK(""http://builder.page2site.com/sites/add/fbid:494088770685914"", ""Create"")"
"Skin Care Beauty Salon",100,"Beauty Salon "" ELLE ""","0(79)401 055, (022) 540 194",http://www.salonelle.md,Moldova,373,Chisinau,"Spas/beauty/personal care","[{""id"":""199236533423806"",""name"":""Beauty Salon""},{""id"":""109578329118821"",""name"":""Massage""},{""id"":""138322342904312"",""name"":""Skin Care""}]",183,10,279080052232543,http://www.facebook.com/279080052232543,"=HYPERLINK(""http://www.facebook.com/279080052232543/?sk=info"", ""279080052232543"")","=HYPERLINK(""http://builder.page2site.com/sites/add/fbid:279080052232543"", ""Create"")"
"Skin Care Beauty Salon",101,"Page 3 Luxury Salon at Chamiers","044 45054433",http://www.facebook.com/Page3LuxurySalon,India,91,Chennai,"Spas/beauty/personal care","[{""id"":""109578329118821"",""name"":""Massage""},{""id"":""199236533423806"",""name"":""Beauty Salon""},{""id"":""198516863494646"",""name"":""Nail Salon""}]",807,9,561967097171233,http://www.facebook.com/561967097171233,"=HYPERLINK(""http://www.facebook.com/561967097171233/?sk=info"", ""561967097171233"")","=HYPERLINK(""http://builder.page2site.com/sites/add/fbid:561967097171233"", ""Create"")"
"Skin Care Beauty Salon",102,"Santushti Beauty Salon",91-9560186868,http://www.santushtibeautysalon.com,India,91,"New Delhi",Health/beauty,"[{""id"":""199236533423806"",""name"":""Beauty Salon""},{""id"":""174177802634376"",""name"":""Hair Salon""},{""id"":""138322342904312"",""name"":""Skin Care""}]",785,9,292580394179790,http://www.facebook.com/292580394179790,"=HYPERLINK(""http://www.facebook.com/292580394179790/?sk=info"", ""292580394179790"")","=HYPERLINK(""http://builder.page2site.com/sites/add/fbid:292580394179790"", ""Create"")"
"Skin Care Beauty Salon",103,"Aaliya's Glamour & Style Beauty Salon","+91 9654152600",http://www.aaliyaglamourstyle.in/,India,91,Noida,"Spas/beauty/personal care","[{""id"":""199236533423806"",""name"":""Beauty Salon""},{""id"":""174177802634376"",""name"":""Hair Salon""},{""id"":""138322342904312"",""name"":""Skin Care""}]",1395,1,154277471411714,http://www.facebook.com/154277471411714,"=HYPERLINK(""http://www.facebook.com/154277471411714/?sk=info"", ""154277471411714"")","=HYPERLINK(""http://builder.page2site.com/sites/add/fbid:154277471411714"", ""Create"")"
"Skin Care Beauty Salon",104,"Beauty Infinity",604450371,http://www.salonbi.pl,Poland,48,Torun,"Professional services","[{""id"":""138322342904312"",""name"":""Skin Care""},{""id"":""109578329118821"",""name"":""Massage""},{""id"":""198516863494646"",""name"":""Nail Salon""}]",111,1,686524584731146,http://www.facebook.com/686524584731146,"=HYPERLINK(""http://www.facebook.com/686524584731146/?sk=info"", ""686524584731146"")","=HYPERLINK(""http://builder.page2site.com/sites/add/fbid:686524584731146"", ""Create"")"
"Skin Care Beauty Salon",105,"Placecol Skin Care Clinic Green Valley",0871503326,,"South Africa",27,Edenvale,"Spas/beauty/personal care","[{""id"":""199236533423806"",""name"":""Beauty Salon""}]",436,41,1442672649279440,http://www.facebook.com/1442672649279440,"=HYPERLINK(""http://www.facebook.com/1442672649279440/?sk=info"", ""1442672649279440"")","=HYPERLINK(""http://builder.page2site.com/sites/add/fbid:1442672649279440"", ""Create"")"
"Skin Care Beauty Salon",106,"Skin Care by Crystal","(303) 668-8026",http://arvadaskincarebycrystal.com,"United States",1,Arvada,"Spas/beauty/personal care","[{""id"":""146053955462002"",""name"":""Esthethics""},{""id"":""144873802247220"",""name"":""Cosmetics & Beauty Supply""},{""id"":""199236533423806"",""name"":""Beauty Salon""}]",82,3,1532467600304786,http://www.facebook.com/1532467600304786,"=HYPERLINK(""http://www.facebook.com/1532467600304786/?sk=info"", ""1532467600304786"")","=HYPERLINK(""http://builder.page2site.com/sites/add/fbid:1532467600304786"", ""Create"")"
"Skin Care Beauty Salon",107,"Algae Beauty Salon","07892 889708",http://algaebeautysalon.co.uk,"United Kingdom",44,Loughborough,"Spas/beauty/personal care","[{""id"":""138322342904312"",""name"":""Skin Care""},{""id"":""200814353265561"",""name"":""Spa""},{""id"":""199236533423806"",""name"":""Beauty Salon""}]",75,,682574285148292,http://www.facebook.com/682574285148292,"=HYPERLINK(""http://www.facebook.com/682574285148292/?sk=info"", ""682574285148292"")","=HYPERLINK(""http://builder.page2site.com/sites/add/fbid:682574285148292"", ""Create"")"
"Skin Care Beauty Salon",108,"Colorcode Beauty Salon",+97142766155,,"United Arab Emirates",971,Dubai,"Spas/beauty/personal care","[{""id"":""198516863494646"",""name"":""Nail Salon""},{""id"":""174177802634376"",""name"":""Hair Salon""},{""id"":""138322342904312"",""name"":""Skin Care""}]",185,40,273832949481603,http://www.facebook.com/273832949481603,"=HYPERLINK(""http://www.facebook.com/273832949481603/?sk=info"", ""273832949481603"")","=HYPERLINK(""http://builder.page2site.com/sites/add/fbid:273832949481603"", ""Create"")"
"Skin Care Beauty Salon",109,"Femina Beauty and Skin Care",9417067333,www.feminajagraon.com,India,91,Jagraon,"Spas/beauty/personal care","[{""id"":""199236533423806"",""name"":""Beauty Salon""}]",1511,326,485792904802644,http://www.facebook.com/485792904802644,"=HYPERLINK(""http://www.facebook.com/485792904802644/?sk=info"", ""485792904802644"")","=HYPERLINK(""http://builder.page2site.com/sites/add/fbid:485792904802644"", ""Create"")"
"Skin Care Beauty Salon",110,"Skin care and nails by Lacy","(541) 556-5817",,"United States",1,Veneta,"Spas/beauty/personal care","[{""id"":""199236533423806"",""name"":""Beauty Salon""}]",73,,1442088042739109,http://www.facebook.com/1442088042739109,"=HYPERLINK(""http://www.facebook.com/1442088042739109/?sk=info"", ""1442088042739109"")","=HYPERLINK(""http://builder.page2site.com/sites/add/fbid:1442088042739109"", ""Create"")"
"Skin Care Beauty Salon",111,"Vedanti Skin And Hair Care Centre","Mobile: 9920750077/ 9967329132",<<not-applicable>>,India,91,Mumbai,"Spas/beauty/personal care","[{""id"":""200814353265561"",""name"":""Spa""},{""id"":""199236533423806"",""name"":""Beauty Salon""},{""id"":""137847742955715"",""name"":""Clinic""}]",671,2,1425753264312038,http://www.facebook.com/1425753264312038,"=HYPERLINK(""http://www.facebook.com/1425753264312038/?sk=info"", ""1425753264312038"")","=HYPERLINK(""http://builder.page2site.com/sites/add/fbid:1425753264312038"", ""Create"")"
"Skin Care Beauty Salon",112,"Placecol Skin Care Clinic Mountain Mill Worcester","023 3476225",http://www.placecol.com,"South Africa",27,Worcester,"Spas/beauty/personal care","[{""id"":""199236533423806"",""name"":""Beauty Salon""}]",101,26,344640315699186,http://www.facebook.com/344640315699186,"=HYPERLINK(""http://www.facebook.com/344640315699186/?sk=info"", ""344640315699186"")","=HYPERLINK(""http://builder.page2site.com/sites/add/fbid:344640315699186"", ""Create"")"
"Skin Care Beauty Salon",113,"Ani Care Beauty Salon","+91 76220 54727",http://www.facebook.com/anicare17,India,91,Rajkot,"Spas/beauty/personal care","[{""id"":""138322342904312"",""name"":""Skin Care""}]",1087,49,1479714572304854,http://www.facebook.com/1479714572304854,"=HYPERLINK(""http://www.facebook.com/1479714572304854/?sk=info"", ""1479714572304854"")","=HYPERLINK(""http://builder.page2site.com/sites/add/fbid:1479714572304854"", ""Create"")"
"Skin Care Beauty Salon",114,"Salon 202","(307) 684-5465",http://www.vagaro.com/Salon202andDaySpa,"United States",1,Buffalo,"Spas/beauty/personal care","[{""id"":""138322342904312"",""name"":""Skin Care""},{""id"":""144873802247220"",""name"":""Cosmetics & Beauty Supply""}]",198,34,241708855913807,http://www.facebook.com/241708855913807,"=HYPERLINK(""http://www.facebook.com/241708855913807/?sk=info"", ""241708855913807"")","=HYPERLINK(""http://builder.page2site.com/sites/add/fbid:241708855913807"", ""Create"")"
"Skin Care Beauty Salon",115,露依莎美容健美中心,"+853  66660936",http://www.facebook.com/LuisaBeautySalon,Macau,853,Macau,"Spas/beauty/personal care","[{""id"":""199236533423806"",""name"":""Beauty Salon""},{""id"":""146059155460366"",""name"":""Makeup Artist""},{""id"":""138322342904312"",""name"":""Skin Care""}]",90,7,146785855463577,http://www.facebook.com/146785855463577,"=HYPERLINK(""http://www.facebook.com/146785855463577/?sk=info"", ""146785855463577"")","=HYPERLINK(""http://builder.page2site.com/sites/add/fbid:146785855463577"", ""Create"")"
"Skin Care Beauty Salon",116,"Selesta Life Hair & Skin Care products","0232 781 17 67",http://www.selestastore.com,Turkey,90,Gaziemir,Health/beauty,"[{""id"":""2214"",""name"":""Health\/Beauty""}]",6007,1082,399231340141371,http://www.facebook.com/399231340141371,"=HYPERLINK(""http://www.facebook.com/399231340141371/?sk=info"", ""399231340141371"")","=HYPERLINK(""http://builder.page2site.com/sites/add/fbid:399231340141371"", ""Create"")"
"Skin Care Beauty Salon",117,"Chatto Skin & Hair Care Products","(312) 640-0003",www.chatto.com,"United States",1,Chicago,"Spas/beauty/personal care","[{""id"":""139225689474222"",""name"":""Spa, Beauty & Personal Care""}]",1217,2,218080568235888,http://www.facebook.com/218080568235888,"=HYPERLINK(""http://www.facebook.com/218080568235888/?sk=info"", ""218080568235888"")","=HYPERLINK(""http://builder.page2site.com/sites/add/fbid:218080568235888"", ""Create"")"
"Skin Care Beauty Salon",118,"Studio 529 Salon and Spa","(563) 242-2077",,"United States",1,Clinton,"Spas/beauty/personal care","[{""id"":""174177802634376"",""name"":""Hair Salon""}]",419,17,405459449574915,http://www.facebook.com/405459449574915,"=HYPERLINK(""http://www.facebook.com/405459449574915/?sk=info"", ""405459449574915"")","=HYPERLINK(""http://builder.page2site.com/sites/add/fbid:405459449574915"", ""Create"")"
"Skin Care Beauty Salon",119,"Skin Care Saloon & Institute",042-36623789,,Pakistan,92,Lahore,"Professional services","[{""id"":""199236533423806"",""name"":""Beauty Salon""}]",145,3,479999305436348,http://www.facebook.com/479999305436348,"=HYPERLINK(""http://www.facebook.com/479999305436348/?sk=info"", ""479999305436348"")","=HYPERLINK(""http://builder.page2site.com/sites/add/fbid:479999305436348"", ""Create"")"
"Skin Care Beauty Salon",120,"Salon Urody ""Lena Beauty""","514 204 556",,Poland,48,Biskupiec,"Spas/beauty/personal care","[{""id"":""199236533423806"",""name"":""Beauty Salon""},{""id"":""138322342904312"",""name"":""Skin Care""}]",160,3,1446554522270632,http://www.facebook.com/1446554522270632,"=HYPERLINK(""http://www.facebook.com/1446554522270632/?sk=info"", ""1446554522270632"")","=HYPERLINK(""http://builder.page2site.com/sites/add/fbid:1446554522270632"", ""Create"")"
"Skin Care Beauty Salon",121,"WILD Beauty Salon laser & skin clinic",0836102422,,"South Africa",27,Boksburg,"Spas/beauty/personal care","[{""id"":""199236533423806"",""name"":""Beauty Salon""},{""id"":""138322342904312"",""name"":""Skin Care""},{""id"":""210460678964858"",""name"":""Laser Hair Removal""}]",114,,514372771957179,http://www.facebook.com/514372771957179,"=HYPERLINK(""http://www.facebook.com/514372771957179/?sk=info"", ""514372771957179"")","=HYPERLINK(""http://builder.page2site.com/sites/add/fbid:514372771957179"", ""Create"")"
"Skin Care Beauty Salon",122,"Organika Ukraina Beauty Salon","+380993438885; +380675967605; +380931881550",http://organikaukraina.com.ua/,Ukraine,380,Kyiv,"Spas/beauty/personal care","[{""id"":""138322342904312"",""name"":""Skin Care""},{""id"":""144873802247220"",""name"":""Cosmetics & Beauty Supply""}]",250,1,478281158852085,http://www.facebook.com/478281158852085,"=HYPERLINK(""http://www.facebook.com/478281158852085/?sk=info"", ""478281158852085"")","=HYPERLINK(""http://builder.page2site.com/sites/add/fbid:478281158852085"", ""Create"")"
"Skin Care Beauty Salon",123,Future4skin,"720 888 380",http://www.future4skin.pl,Poland,48,Warsaw,"Spas/beauty/personal care","[{""id"":""199236533423806"",""name"":""Beauty Salon""},{""id"":""198516863494646"",""name"":""Nail Salon""},{""id"":""138322342904312"",""name"":""Skin Care""}]",336,50,1510915449127925,http://www.facebook.com/1510915449127925,"=HYPERLINK(""http://www.facebook.com/1510915449127925/?sk=info"", ""1510915449127925"")","=HYPERLINK(""http://builder.page2site.com/sites/add/fbid:1510915449127925"", ""Create"")"
"Skin Care Beauty Salon",124,"Scent of Lavender Skin Care & Aromatherapy","(626) 793-8121",www.scentoflavender.com,"United States",1,"San Marino","Spas/beauty/personal care","[{""id"":""199236533423806"",""name"":""Beauty Salon""}]",329,,108796515821482,http://www.facebook.com/108796515821482,"=HYPERLINK(""http://www.facebook.com/108796515821482/?sk=info"", ""108796515821482"")","=HYPERLINK(""http://builder.page2site.com/sites/add/fbid:108796515821482"", ""Create"")"
"Skin Care Beauty Salon",125,"Queen""s Beauty Salon.","(714) 972-0591",http://queens-beautysalon.com,"United States",1,"Santa Ana","Spas/beauty/personal care","[{""id"":""138322342904312"",""name"":""Skin Care""}]",33,2,752666574794779,http://www.facebook.com/752666574794779,"=HYPERLINK(""http://www.facebook.com/752666574794779/?sk=info"", ""752666574794779"")","=HYPERLINK(""http://builder.page2site.com/sites/add/fbid:752666574794779"", ""Create"")"
"Skin Care Beauty Salon",126,"Monica's Skin Care","(805) 308-6408",http://monicasskincare.com,"United States",1,Moorpark,"Spas/beauty/personal care","[{""id"":""138322342904312"",""name"":""Skin Care""},{""id"":""199236533423806"",""name"":""Beauty Salon""},{""id"":""146053955462002"",""name"":""Esthethics""}]",53,,321837761314076,http://www.facebook.com/321837761314076,"=HYPERLINK(""http://www.facebook.com/321837761314076/?sk=info"", ""321837761314076"")","=HYPERLINK(""http://builder.page2site.com/sites/add/fbid:321837761314076"", ""Create"")"
"Skin Care Beauty Salon",127,"My Moment - Beauty & Spa Salon",0708-228585,<<not-applicable>>,Sweden,46,Stockholm,"Spas/beauty/personal care","[{""id"":""190310404327530"",""name"":""Podiatrist""},{""id"":""138322342904312"",""name"":""Skin Care""},{""id"":""109578329118821"",""name"":""Massage""}]",132,66,698306826918751,http://www.facebook.com/698306826918751,"=HYPERLINK(""http://www.facebook.com/698306826918751/?sk=info"", ""698306826918751"")","=HYPERLINK(""http://builder.page2site.com/sites/add/fbid:698306826918751"", ""Create"")"
"Skin Care Beauty Salon",128,"Katies Skin and Nail Care","(207) 212-2008",http://www.facebook.com/KatiesSkinandNailCare,"United States",1,Oxford,"Spas/beauty/personal care","[{""id"":""199236533423806"",""name"":""Beauty Salon""},{""id"":""198516863494646"",""name"":""Nail Salon""},{""id"":""174177802634376"",""name"":""Hair Salon""}]",262,2,106813416109538,http://www.facebook.com/106813416109538,"=HYPERLINK(""http://www.facebook.com/106813416109538/?sk=info"", ""106813416109538"")","=HYPERLINK(""http://builder.page2site.com/sites/add/fbid:106813416109538"", ""Create"")"
"Skin Care Beauty Salon",129,"Beauty Salon Florence",0646080354,,Netherlands,31,Houten,"Spas/beauty/personal care","[{""id"":""199236533423806"",""name"":""Beauty Salon""},{""id"":""144873802247220"",""name"":""Cosmetics & Beauty Supply""},{""id"":""138322342904312"",""name"":""Skin Care""}]",85,7,653068458104881,http://www.facebook.com/653068458104881,"=HYPERLINK(""http://www.facebook.com/653068458104881/?sk=info"", ""653068458104881"")","=HYPERLINK(""http://builder.page2site.com/sites/add/fbid:653068458104881"", ""Create"")"
"Skin Care Beauty Salon",130,"Visage - Hair. Nails. Skin Care","+91-80-22112000, +91-80-41466660",http://www.visage.co.in,India,91,Bangalore,"Spas/beauty/personal care","[{""id"":""174177802634376"",""name"":""Hair Salon""},{""id"":""200814353265561"",""name"":""Spa""},{""id"":""198516863494646"",""name"":""Nail Salon""}]",2657,38,663929640292340,http://www.facebook.com/663929640292340,"=HYPERLINK(""http://www.facebook.com/663929640292340/?sk=info"", ""663929640292340"")","=HYPERLINK(""http://builder.page2site.com/sites/add/fbid:663929640292340"", ""Create"")"
"Skin Care Beauty Salon",131,"Elizabeth Beckett - Shropshire Skincare and Beauty salon.","01952 730575",http://www.elibec.co.uk,"United Kingdom",44,Norton,"Spas/beauty/personal care","[{""id"":""138322342904312"",""name"":""Skin Care""},{""id"":""199236533423806"",""name"":""Beauty Salon""},{""id"":""357645644269220"",""name"":""Alternative & Holistic Health""}]",201,41,480449405374141,http://www.facebook.com/480449405374141,"=HYPERLINK(""http://www.facebook.com/480449405374141/?sk=info"", ""480449405374141"")","=HYPERLINK(""http://builder.page2site.com/sites/add/fbid:480449405374141"", ""Create"")"
"Skin Care Beauty Salon",132,"Skin Care & Permanent Make-up by Jen","(801) 726-0488",http://www.faceappealbyjen.com,"United States",1,Roy,"Spas/beauty/personal care","[{""id"":""146053955462002"",""name"":""Esthethics""},{""id"":""199236533423806"",""name"":""Beauty Salon""},{""id"":""146059155460366"",""name"":""Makeup Artist""}]",228,17,212478262294612,http://www.facebook.com/212478262294612,"=HYPERLINK(""http://www.facebook.com/212478262294612/?sk=info"", ""212478262294612"")","=HYPERLINK(""http://builder.page2site.com/sites/add/fbid:212478262294612"", ""Create"")"
"Skin Care Beauty Salon",133,"Sparsha Ladies Beauty Salon",+919831521259,,India,91,Kalyani,"Spas/beauty/personal care","[{""id"":""138322342904312"",""name"":""Skin Care""}]",32,,728273243897767,http://www.facebook.com/728273243897767,"=HYPERLINK(""http://www.facebook.com/728273243897767/?sk=info"", ""728273243897767"")","=HYPERLINK(""http://builder.page2site.com/sites/add/fbid:728273243897767"", ""Create"")"
"Skin Care Beauty Salon",134,"Melis Beauty - Salon","078 792 55 98",http://melanieimhasly.wix.com/melis-beautysalon,Switzerland,41,Messen,"Spas/beauty/personal care","[{""id"":""138322342904312"",""name"":""Skin Care""},{""id"":""199236533423806"",""name"":""Beauty Salon""}]",62,8,376661779144320,http://www.facebook.com/376661779144320,"=HYPERLINK(""http://www.facebook.com/376661779144320/?sk=info"", ""376661779144320"")","=HYPERLINK(""http://builder.page2site.com/sites/add/fbid:376661779144320"", ""Create"")"
"Skin Care Beauty Salon",135,"Salon Kosmetyczny Beauty Studio Aleksandra Jachimowska",721327812,,Poland,48,Inowrocław,"Spas/beauty/personal care","[{""id"":""198516863494646"",""name"":""Nail Salon""},{""id"":""138322342904312"",""name"":""Skin Care""}]",311,24,589743401099300,http://www.facebook.com/589743401099300,"=HYPERLINK(""http://www.facebook.com/589743401099300/?sk=info"", ""589743401099300"")","=HYPERLINK(""http://builder.page2site.com/sites/add/fbid:589743401099300"", ""Create"")"
"Skin Care Beauty Salon",136,"Angelic Skin Care","(214) 395-8698",http://www.AngelicBestSkinCare.com,"United States",1,Plano,"Spas/beauty/personal care","[{""id"":""138322342904312"",""name"":""Skin Care""},{""id"":""199236533423806"",""name"":""Beauty Salon""},{""id"":""200814353265561"",""name"":""Spa""}]",833,,288873214562368,http://www.facebook.com/288873214562368,"=HYPERLINK(""http://www.facebook.com/288873214562368/?sk=info"", ""288873214562368"")","=HYPERLINK(""http://builder.page2site.com/sites/add/fbid:288873214562368"", ""Create"")"
"Skin Care Beauty Salon",137,"Saundarya Beauty Salon",02221631915,,India,91,Mumbai,"Spas/beauty/personal care","[{""id"":""199236533423806"",""name"":""Beauty Salon""},{""id"":""174177802634376"",""name"":""Hair Salon""},{""id"":""138322342904312"",""name"":""Skin Care""}]",45,,337375746390650,http://www.facebook.com/337375746390650,"=HYPERLINK(""http://www.facebook.com/337375746390650/?sk=info"", ""337375746390650"")","=HYPERLINK(""http://builder.page2site.com/sites/add/fbid:337375746390650"", ""Create"")"
"Skin Care Beauty Salon",138,"ROOPA Beauty SALON",8121495521,,India,91,Secunderabad,"Spas/beauty/personal care","[{""id"":""199236533423806"",""name"":""Beauty Salon""},{""id"":""146059155460366"",""name"":""Makeup Artist""},{""id"":""138322342904312"",""name"":""Skin Care""}]",138,3,519120501534705,http://www.facebook.com/519120501534705,"=HYPERLINK(""http://www.facebook.com/519120501534705/?sk=info"", ""519120501534705"")","=HYPERLINK(""http://builder.page2site.com/sites/add/fbid:519120501534705"", ""Create"")"
"Skin Care Beauty Salon",139,"Golds Beauty",01271378578,http://www.goldshair.co.uk,"United Kingdom",44,Barnstaple,"Spas/beauty/personal care","[{""id"":""199236533423806"",""name"":""Beauty Salon""},{""id"":""138322342904312"",""name"":""Skin Care""},{""id"":""357645644269220"",""name"":""Alternative & Holistic Health""}]",253,11,372110769609320,http://www.facebook.com/372110769609320,"=HYPERLINK(""http://www.facebook.com/372110769609320/?sk=info"", ""372110769609320"")","=HYPERLINK(""http://builder.page2site.com/sites/add/fbid:372110769609320"", ""Create"")"
"Skin Care Beauty Salon",140,"Celine Charles Beauty and Wellness salon","086 3969640",,Ireland,353,Ballinamore,"Spas/beauty/personal care","[{""id"":""146059155460366"",""name"":""Makeup Artist""},{""id"":""198516863494646"",""name"":""Nail Salon""},{""id"":""138322342904312"",""name"":""Skin Care""}]",895,161,171534329653693,http://www.facebook.com/171534329653693,"=HYPERLINK(""http://www.facebook.com/171534329653693/?sk=info"", ""171534329653693"")","=HYPERLINK(""http://builder.page2site.com/sites/add/fbid:171534329653693"", ""Create"")"
"Skin Care Beauty Salon",141,"Amy's Beauty Salon","(954) 651-4890",,"United States",1,Sunrise,"Spas/beauty/personal care","[{""id"":""138322342904312"",""name"":""Skin Care""}]",56,1,1374361892812477,http://www.facebook.com/1374361892812477,"=HYPERLINK(""http://www.facebook.com/1374361892812477/?sk=info"", ""1374361892812477"")","=HYPERLINK(""http://builder.page2site.com/sites/add/fbid:1374361892812477"", ""Create"")"
"Skin Care Beauty Salon",142,"Serenity Beauty Salon","01432 360020",,"United Kingdom",44,Hereford,"Spas/beauty/personal care","[{""id"":""138322342904312"",""name"":""Skin Care""},{""id"":""198516863494646"",""name"":""Nail Salon""},{""id"":""199236533423806"",""name"":""Beauty Salon""}]",241,,106416742862156,http://www.facebook.com/106416742862156,"=HYPERLINK(""http://www.facebook.com/106416742862156/?sk=info"", ""106416742862156"")","=HYPERLINK(""http://builder.page2site.com/sites/add/fbid:106416742862156"", ""Create"")"
"Skin Care Beauty Salon",143,"Beauty Master Hair & Skin Care","(519) 514-0181",http://www.beautymaster.ca,Canada,1,Kitchener,"Spas/beauty/personal care","[{""id"":""199236533423806"",""name"":""Beauty Salon""}]",96,,1432054633696624,http://www.facebook.com/1432054633696624,"=HYPERLINK(""http://www.facebook.com/1432054633696624/?sk=info"", ""1432054633696624"")","=HYPERLINK(""http://builder.page2site.com/sites/add/fbid:1432054633696624"", ""Create"")"
"Skin Care Beauty Salon",144,"ILAH Beauty Express",02077264310,http://www.ilahbeautyexpress.co.uk,"United Kingdom",44,London,"Spas/beauty/personal care","[{""id"":""199236533423806"",""name"":""Beauty Salon""}]",1839,,510878045655738,http://www.facebook.com/510878045655738,"=HYPERLINK(""http://www.facebook.com/510878045655738/?sk=info"", ""510878045655738"")","=HYPERLINK(""http://builder.page2site.com/sites/add/fbid:510878045655738"", ""Create"")"
"Skin Care Beauty Salon",145,"The Cutting Edge Salon-Skin Care by Jenn K","(720) 440-4966",http://www.thecuttingedgesalondenver.com,"United States",1,Denver,"Spas/beauty/personal care","[{""id"":""139225689474222"",""name"":""Spa, Beauty & Personal Care""}]",234,,614596975314320,http://www.facebook.com/614596975314320,"=HYPERLINK(""http://www.facebook.com/614596975314320/?sk=info"", ""614596975314320"")","=HYPERLINK(""http://builder.page2site.com/sites/add/fbid:614596975314320"", ""Create"")"
"Skin Care Beauty Salon",146,"Beauty salon «Sibella»",77017155808,,Kazakhstan,7,Almaty,Company,"[{""id"":""199236533423806"",""name"":""Beauty Salon""},{""id"":""198516863494646"",""name"":""Nail Salon""},{""id"":""138322342904312"",""name"":""Skin Care""}]",205,1,458084380894119,http://www.facebook.com/458084380894119,"=HYPERLINK(""http://www.facebook.com/458084380894119/?sk=info"", ""458084380894119"")","=HYPERLINK(""http://builder.page2site.com/sites/add/fbid:458084380894119"", ""Create"")"
"Skin Care Beauty Salon",147,"Pebbles Beauty Salon","074 641 4800",http://www.facebook.com/pebblebeautyspa,"South Africa",27,Benoni,"Spas/beauty/personal care","[{""id"":""109578329118821"",""name"":""Massage""},{""id"":""138322342904312"",""name"":""Skin Care""},{""id"":""198516863494646"",""name"":""Nail Salon""}]",53,13,703046869732504,http://www.facebook.com/703046869732504,"=HYPERLINK(""http://www.facebook.com/703046869732504/?sk=info"", ""703046869732504"")","=HYPERLINK(""http://builder.page2site.com/sites/add/fbid:703046869732504"", ""Create"")"
"Skin Care Beauty Salon",148,"K&k beauty salon","(650) 212-2488",http://kkbeautysalon.jimdo.com,"United States",1,"San Mateo","Spas/beauty/personal care","[{""id"":""199236533423806"",""name"":""Beauty Salon""},{""id"":""138322342904312"",""name"":""Skin Care""},{""id"":""174177802634376"",""name"":""Hair Salon""}]",21,2,286487278181538,http://www.facebook.com/286487278181538,"=HYPERLINK(""http://www.facebook.com/286487278181538/?sk=info"", ""286487278181538"")","=HYPERLINK(""http://builder.page2site.com/sites/add/fbid:286487278181538"", ""Create"")"
"Skin Care Beauty Salon",149,"Universal Beauty Salon Milton Keynes",07907960644,http://www.universalbeautysalon.co.uk,"United Kingdom",44,"Milton Keynes","Spas/beauty/personal care","[{""id"":""199236533423806"",""name"":""Beauty Salon""},{""id"":""138322342904312"",""name"":""Skin Care""}]",81,,1392760884326676,http://www.facebook.com/1392760884326676,"=HYPERLINK(""http://www.facebook.com/1392760884326676/?sk=info"", ""1392760884326676"")","=HYPERLINK(""http://builder.page2site.com/sites/add/fbid:1392760884326676"", ""Create"")"
"Skin Care Beauty Salon",150,"Vanity nails and lashes",07712508879,http://skindeepfife.co.uk,"United Kingdom",44,Glenrothes,"Spas/beauty/personal care","[{""id"":""199236533423806"",""name"":""Beauty Salon""}]",306,13,193179700890360,http://www.facebook.com/193179700890360,"=HYPERLINK(""http://www.facebook.com/193179700890360/?sk=info"", ""193179700890360"")","=HYPERLINK(""http://builder.page2site.com/sites/add/fbid:193179700890360"", ""Create"")"
"Skin Care Beauty Salon",151,"Total Body Skin Nail And Hair Care","(561) 261-8141",,"United States",1,Pahokee,"Spas/beauty/personal care","[{""id"":""138322342904312"",""name"":""Skin Care""},{""id"":""198516863494646"",""name"":""Nail Salon""},{""id"":""128905757179140"",""name"":""Hair Removal""}]",65,4,740830802650575,http://www.facebook.com/740830802650575,"=HYPERLINK(""http://www.facebook.com/740830802650575/?sk=info"", ""740830802650575"")","=HYPERLINK(""http://builder.page2site.com/sites/add/fbid:740830802650575"", ""Create"")"
"Skin Care Beauty Salon",152,"Flash Beauty - salon epilare definitiva","0731 030 327",http://www.epilaredefinitivasibiu.ro,Romania,40,Sibiu,"Spas/beauty/personal care","[{""id"":""210460678964858"",""name"":""Laser Hair Removal""},{""id"":""138322342904312"",""name"":""Skin Care""}]",90,1,745975965434153,http://www.facebook.com/745975965434153,"=HYPERLINK(""http://www.facebook.com/745975965434153/?sk=info"", ""745975965434153"")","=HYPERLINK(""http://builder.page2site.com/sites/add/fbid:745975965434153"", ""Create"")"
"Skin Care Beauty Salon",153,"Jasmijn Noltes Beauty Salon",0031683706566,http://www.jasmijnnoltes.nl,Netherlands,31,Schalkhaar,"Spas/beauty/personal care","[{""id"":""191693100854505"",""name"":""Hair & Beauty Supply""},{""id"":""181550638549454"",""name"":""Hairpieces & Extensions""},{""id"":""138322342904312"",""name"":""Skin Care""}]",211,6,465670323517033,http://www.facebook.com/465670323517033,"=HYPERLINK(""http://www.facebook.com/465670323517033/?sk=info"", ""465670323517033"")","=HYPERLINK(""http://builder.page2site.com/sites/add/fbid:465670323517033"", ""Create"")"
"Skin Care Beauty Salon",154,"Jeanette Skin Care and Beauty Salon","(305) 554-4455",,"United States",1,Miami,"Local business","[{""id"":""199236533423806"",""name"":""Beauty Salon""}]",2,,124963637558657,http://www.facebook.com/124963637558657,"=HYPERLINK(""http://www.facebook.com/124963637558657/?sk=info"", ""124963637558657"")","=HYPERLINK(""http://builder.page2site.com/sites/add/fbid:124963637558657"", ""Create"")"
"Skin Care Beauty Salon",155,"Panache Hair & Beauty Salon","(440) 386-0890",,"United States",1,"Highland Heights","Spas/beauty/personal care","[{""id"":""138322342904312"",""name"":""Skin Care""},{""id"":""174177802634376"",""name"":""Hair Salon""},{""id"":""199236533423806"",""name"":""Beauty Salon""}]",58,,300398840124764,http://www.facebook.com/300398840124764,"=HYPERLINK(""http://www.facebook.com/300398840124764/?sk=info"", ""300398840124764"")","=HYPERLINK(""http://builder.page2site.com/sites/add/fbid:300398840124764"", ""Create"")"
"Skin Care Beauty Salon",156,"Bg's European Skin Care & Beauty Salon","(925) 287-0807",,"United States",1,"Walnut Creek","Local business","[{""id"":""199236533423806"",""name"":""Beauty Salon""}]",,,158970427469036,http://www.facebook.com/158970427469036,"=HYPERLINK(""http://www.facebook.com/158970427469036/?sk=info"", ""158970427469036"")","=HYPERLINK(""http://builder.page2site.com/sites/add/fbid:158970427469036"", ""Create"")"
"Skin Care Beauty Salon",157,"A N A Beauty Salon & Skin Care","(415) 928-8208",,"United States",1,"San Francisco","Local business","[{""id"":""199236533423806"",""name"":""Beauty Salon""}]",,,167455239932638,http://www.facebook.com/167455239932638,"=HYPERLINK(""http://www.facebook.com/167455239932638/?sk=info"", ""167455239932638"")","=HYPERLINK(""http://builder.page2site.com/sites/add/fbid:167455239932638"", ""Create"")"
"Skin Care Beauty Salon",158,"Fernanda Nyland, Skin Care Adviser","(774) 285-9120",,"United States",1,Marlborough,"Spas/beauty/personal care","[{""id"":""199236533423806"",""name"":""Beauty Salon""}]",53,1,1506231916259982,http://www.facebook.com/1506231916259982,"=HYPERLINK(""http://www.facebook.com/1506231916259982/?sk=info"", ""1506231916259982"")","=HYPERLINK(""http://builder.page2site.com/sites/add/fbid:1506231916259982"", ""Create"")"
"Skin Care Beauty Salon",159,"Kis Beauty salon and spa",021-73451474,,Indonesia,62,Tangerang,"Spas/beauty/personal care","[{""id"":""199236533423806"",""name"":""Beauty Salon""},{""id"":""205950169432461"",""name"":""Day Spa""},{""id"":""138322342904312"",""name"":""Skin Care""}]",10,,812096638820864,http://www.facebook.com/812096638820864,"=HYPERLINK(""http://www.facebook.com/812096638820864/?sk=info"", ""812096638820864"")","=HYPERLINK(""http://builder.page2site.com/sites/add/fbid:812096638820864"", ""Create"")"
"Skin Care Beauty Salon",160,"Coney Beauty Salon",017-3760305,,Malaysia,60,"Malacca City",Health/beauty,"[{""id"":""138322342904312"",""name"":""Skin Care""},{""id"":""144873802247220"",""name"":""Cosmetics & Beauty Supply""}]",39,,351444101639892,http://www.facebook.com/351444101639892,"=HYPERLINK(""http://www.facebook.com/351444101639892/?sk=info"", ""351444101639892"")","=HYPERLINK(""http://builder.page2site.com/sites/add/fbid:351444101639892"", ""Create"")"
"Skin Care Beauty Salon",161,"Killiney Health & Beauty Salon",012305564,http://www.killineybeauty.ie,Ireland,353,Dublin,"Spas/beauty/personal care","[{""id"":""199236533423806"",""name"":""Beauty Salon""},{""id"":""210460678964858"",""name"":""Laser Hair Removal""},{""id"":""138322342904312"",""name"":""Skin Care""}]",74,7,707203766014806,http://www.facebook.com/707203766014806,"=HYPERLINK(""http://www.facebook.com/707203766014806/?sk=info"", ""707203766014806"")","=HYPERLINK(""http://builder.page2site.com/sites/add/fbid:707203766014806"", ""Create"")"
"Skin Care Beauty Salon",162,"Beauty Salon Papillon Violet",0652661221,,Netherlands,31,Ooster-Dalfsen,"Spas/beauty/personal care","[{""id"":""138322342904312"",""name"":""Skin Care""}]",54,27,1398938010361696,http://www.facebook.com/1398938010361696,"=HYPERLINK(""http://www.facebook.com/1398938010361696/?sk=info"", ""1398938010361696"")","=HYPERLINK(""http://builder.page2site.com/sites/add/fbid:1398938010361696"", ""Create"")"
"Skin Care Beauty Salon",163,"Anew Me beauty salon",0122720033,,Malaysia,60,Kepong,"Spas/beauty/personal care","[{""id"":""199236533423806"",""name"":""Beauty Salon""},{""id"":""138322342904312"",""name"":""Skin Care""}]",2,,802215246458503,http://www.facebook.com/802215246458503,"=HYPERLINK(""http://www.facebook.com/802215246458503/?sk=info"", ""802215246458503"")","=HYPERLINK(""http://builder.page2site.com/sites/add/fbid:802215246458503"", ""Create"")"
"Skin Care Beauty Salon",164,"Aura Beauty",088-4860927,https://www.facebook.com/orasa.lekchaoum.77,Thailand,66,Chachoengsao,"Local business","[{""id"":""199236533423806"",""name"":""Beauty Salon""},{""id"":""138322342904312"",""name"":""Skin Care""}]",16,,466814620082025,http://www.facebook.com/466814620082025,"=HYPERLINK(""http://www.facebook.com/466814620082025/?sk=info"", ""466814620082025"")","=HYPERLINK(""http://builder.page2site.com/sites/add/fbid:466814620082025"", ""Create"")"
"Skin Care Beauty Salon",165,"Rosemary Beauty Salon And Skin Care","(786) 800-4521",,"United States",1,Miami,"Spas/beauty/personal care","[{""id"":""2510"",""name"":""Spas\/Beauty\/Personal Care""}]",7,,708589025892471,http://www.facebook.com/708589025892471,"=HYPERLINK(""http://www.facebook.com/708589025892471/?sk=info"", ""708589025892471"")","=HYPERLINK(""http://builder.page2site.com/sites/add/fbid:708589025892471"", ""Create"")"
"Skin Care Beauty Salon",166,"Profile Beauty Salon",0114759592,http://www.profilebeautysalon.co.za,"South Africa",27,Weltevredenpark,"Spas/beauty/personal care","[{""id"":""199236533423806"",""name"":""Beauty Salon""},{""id"":""144873802247220"",""name"":""Cosmetics & Beauty Supply""},{""id"":""138322342904312"",""name"":""Skin Care""}]",17,,618013714903369,http://www.facebook.com/618013714903369,"=HYPERLINK(""http://www.facebook.com/618013714903369/?sk=info"", ""618013714903369"")","=HYPERLINK(""http://builder.page2site.com/sites/add/fbid:618013714903369"", ""Create"")"
"Skin Care Beauty Salon",167,"Glamour Style, Beauty Salon & Spa",7389743002,,India,91,Dewas,"Spas/beauty/personal care","[{""id"":""200814353265561"",""name"":""Spa""},{""id"":""138322342904312"",""name"":""Skin Care""}]",66,6,1525199807702001,http://www.facebook.com/1525199807702001,"=HYPERLINK(""http://www.facebook.com/1525199807702001/?sk=info"", ""1525199807702001"")","=HYPERLINK(""http://builder.page2site.com/sites/add/fbid:1525199807702001"", ""Create"")"
"Skin Care Beauty Salon",168,"Dahlia Beauty Salon - Organic",0769957255,,"South Africa",27,Bloemfontein,"Spas/beauty/personal care","[{""id"":""199236533423806"",""name"":""Beauty Salon""},{""id"":""109578329118821"",""name"":""Massage""},{""id"":""138322342904312"",""name"":""Skin Care""}]",79,,437380106365490,http://www.facebook.com/437380106365490,"=HYPERLINK(""http://www.facebook.com/437380106365490/?sk=info"", ""437380106365490"")","=HYPERLINK(""http://builder.page2site.com/sites/add/fbid:437380106365490"", ""Create"")"
"Skin Care Beauty Salon",169,"Placecol Skin Care Clinic Carlswald","011 318 0434 ",http://placecol.com/,"South Africa",27,Midrand,"Spas/beauty/personal care","[{""id"":""199236533423806"",""name"":""Beauty Salon""},{""id"":""198516863494646"",""name"":""Nail Salon""}]",248,10,1511284532452351,http://www.facebook.com/1511284532452351,"=HYPERLINK(""http://www.facebook.com/1511284532452351/?sk=info"", ""1511284532452351"")","=HYPERLINK(""http://builder.page2site.com/sites/add/fbid:1511284532452351"", ""Create"")"
"Skin Care Beauty Salon",170,"Venus Beauty Salon Nails & Skin Care Center","(323) 583-2395",,"United States",1,"Huntington Park","Local business","[{""id"":""199236533423806"",""name"":""Beauty Salon""},{""id"":""198516863494646"",""name"":""Nail Salon""}]",,,155352644505442,http://www.facebook.com/155352644505442,"=HYPERLINK(""http://www.facebook.com/155352644505442/?sk=info"", ""155352644505442"")","=HYPERLINK(""http://builder.page2site.com/sites/add/fbid:155352644505442"", ""Create"")"
"Skin Care Beauty Salon",171,"Melanie's Nail & Skin Care/ Beauty Salon","(954) 583-9862",,"United States",1,"Fort Lauderdale","Spas/beauty/personal care","[{""id"":""139225689474222"",""name"":""Spa, Beauty & Personal Care""}]",3,,557092364326514,http://www.facebook.com/557092364326514,"=HYPERLINK(""http://www.facebook.com/557092364326514/?sk=info"", ""557092364326514"")","=HYPERLINK(""http://builder.page2site.com/sites/add/fbid:557092364326514"", ""Create"")"
"Skin Care Beauty Salon",172,"Sunflower Beauty Salon & Skin Care","(562) 946-1700",,"United States",1,Whittier,"Local business","[{""id"":""199236533423806"",""name"":""Beauty Salon""},{""id"":""192338537450532"",""name"":""Trade School""}]",,,142160479163143,http://www.facebook.com/142160479163143,"=HYPERLINK(""http://www.facebook.com/142160479163143/?sk=info"", ""142160479163143"")","=HYPERLINK(""http://builder.page2site.com/sites/add/fbid:142160479163143"", ""Create"")"
"Skin Care Beauty Salon",173,"Mes Amis Beauty Salon",0837785656,,"South Africa",27,Pretoria,"Spas/beauty/personal care","[{""id"":""199236533423806"",""name"":""Beauty Salon""},{""id"":""138322342904312"",""name"":""Skin Care""},{""id"":""109578329118821"",""name"":""Massage""}]",17,1,1507699936124967,http://www.facebook.com/1507699936124967,"=HYPERLINK(""http://www.facebook.com/1507699936124967/?sk=info"", ""1507699936124967"")","=HYPERLINK(""http://builder.page2site.com/sites/add/fbid:1507699936124967"", ""Create"")"
"Skin Care Beauty Salon",174,"Aliyah's Skin Care , & Beauty Salon for Men and Women"," 09995118662",,Philippines,63,Mandaluyong,"Spas/beauty/personal care","[{""id"":""199236533423806"",""name"":""Beauty Salon""},{""id"":""174177802634376"",""name"":""Hair Salon""},{""id"":""138322342904312"",""name"":""Skin Care""}]",2,,516773611712398,http://www.facebook.com/516773611712398,"=HYPERLINK(""http://www.facebook.com/516773611712398/?sk=info"", ""516773611712398"")","=HYPERLINK(""http://builder.page2site.com/sites/add/fbid:516773611712398"", ""Create"")"
"Skin Care Beauty Salon",175,"Bree's Skin Care at Moda Beauty Salon","(760) 715-0011",,"United States",1,Oceanside,"Spas/beauty/personal care","[{""id"":""139225689474222"",""name"":""Spa, Beauty & Personal Care""}]",,,802941076384391,http://www.facebook.com/802941076384391,"=HYPERLINK(""http://www.facebook.com/802941076384391/?sk=info"", ""802941076384391"")","=HYPERLINK(""http://builder.page2site.com/sites/add/fbid:802941076384391"", ""Create"")"
"Skin Care Beauty Salon",176,"Ylang Ylang Beauty Salon 依兰美容","(718) 837-0105",,"United States",1,Brooklyn,"Spas/beauty/personal care","[{""id"":""138322342904312"",""name"":""Skin Care""}]",1,,746989308682395,http://www.facebook.com/746989308682395,"=HYPERLINK(""http://www.facebook.com/746989308682395/?sk=info"", ""746989308682395"")","=HYPERLINK(""http://builder.page2site.com/sites/add/fbid:746989308682395"", ""Create"")"
"Skin Care Beauty Salon",177,"Beauty Salon El Ouamari",0658906700,,Netherlands,31,Hoogezand,Health/beauty,"[{""id"":""199236533423806"",""name"":""Beauty Salon""},{""id"":""138322342904312"",""name"":""Skin Care""}]",,,846373882048889,http://www.facebook.com/846373882048889,"=HYPERLINK(""http://www.facebook.com/846373882048889/?sk=info"", ""846373882048889"")","=HYPERLINK(""http://builder.page2site.com/sites/add/fbid:846373882048889"", ""Create"")"
"Skin Care Beauty Salon",178,"Make Over Hair And Beauty Salon",8697123442,http://www.justbeenfunked.com,India,91,Kalyani,"Spas/beauty/personal care","[{""id"":""138322342904312"",""name"":""Skin Care""}]",5,,580228748713463,http://www.facebook.com/580228748713463,"=HYPERLINK(""http://www.facebook.com/580228748713463/?sk=info"", ""580228748713463"")","=HYPERLINK(""http://builder.page2site.com/sites/add/fbid:580228748713463"", ""Create"")"
"Skin Care Beauty Salon",179,"Unique beauty salon by ayesha kashif",03155927034,http://www.facebook.unique.pk,Pakistan,92,Karachi,"Business services","[{""id"":""138322342904312"",""name"":""Skin Care""}]",50,16,709623302460662,http://www.facebook.com/709623302460662,"=HYPERLINK(""http://www.facebook.com/709623302460662/?sk=info"", ""709623302460662"")","=HYPERLINK(""http://builder.page2site.com/sites/add/fbid:709623302460662"", ""Create"")"
"Skin Care Beauty Salon",180,"Mr. Chang Beauty Salon",+923349972096,,Pakistan,92,Lahore,"Spas/beauty/personal care","[{""id"":""199236533423806"",""name"":""Beauty Salon""},{""id"":""174177802634376"",""name"":""Hair Salon""},{""id"":""138322342904312"",""name"":""Skin Care""}]",1,,637622863017448,http://www.facebook.com/637622863017448,"=HYPERLINK(""http://www.facebook.com/637622863017448/?sk=info"", ""637622863017448"")","=HYPERLINK(""http://builder.page2site.com/sites/add/fbid:637622863017448"", ""Create"")"
