Keyword,#,Name,Phone,Website,Country,"Country code",City,Category,"Category List",Likes,"Talking about","Facebook ID","Facebook Url","Facebook Page Link","P2S Website"
"Stress Massage Therapy",0,"DE-Stress Massage Therapy","(336) 783-0055",,"United States",1,"Mount Airy","Professional services","[{""id"":""109578329118821"",""name"":""Massage""}]",401,48,284968308280836,http://www.facebook.com/284968308280836,"=HYPERLINK(""http://www.facebook.com/284968308280836/?sk=info"", ""284968308280836"")","=HYPERLINK(""http://builder.page2site.com/sites/add/fbid:284968308280836"", ""Create"")"
"Stress Massage Therapy",1,"Stress Busters Massage Therapy","(850) 586-0444","https://www.StressBustersMassageTherapy.Net ","United States",1,"Fort Walton Beach","Spas/beauty/personal care","[{""id"":""109578329118821"",""name"":""Massage""}]",500,2,133182180067071,http://www.facebook.com/133182180067071,"=HYPERLINK(""http://www.facebook.com/133182180067071/?sk=info"", ""133182180067071"")","=HYPERLINK(""http://builder.page2site.com/sites/add/fbid:133182180067071"", ""Create"")"
"Stress Massage Therapy",2,"DeStress Express Massage Therapy","(757) 873-8968",www.DeStressExpress.com,"United States",1,"Newport News","Spas/beauty/personal care","[{""id"":""198516863494646"",""name"":""Nail Salon""},{""id"":""109578329118821"",""name"":""Massage""},{""id"":""138322342904312"",""name"":""Skin Care""}]",2699,49,50783230609,http://www.facebook.com/50783230609,"=HYPERLINK(""http://www.facebook.com/50783230609/?sk=info"", ""50783230609"")","=HYPERLINK(""http://builder.page2site.com/sites/add/fbid:50783230609"", ""Create"")"
"Stress Massage Therapy",3,"Stress Free Massage Therapy","(361) 765-3104",http://www.stressfreemassagecc.com,"United States",1,"Corpus Christi","Local business","[{""id"":""109578329118821"",""name"":""Massage""},{""id"":""145118935550090"",""name"":""Medical & Health""}]",98,1,181877685191086,http://www.facebook.com/181877685191086,"=HYPERLINK(""http://www.facebook.com/181877685191086/?sk=info"", ""181877685191086"")","=HYPERLINK(""http://builder.page2site.com/sites/add/fbid:181877685191086"", ""Create"")"
"Stress Massage Therapy",4,"De-Stress by Dyanne Massage Therapy","(513) 633-4483",http://www.bodyworksites.com/de-stressbydyannemassagetherapy,"United States",1,Bluffton,"Professional services","[{""id"":""109578329118821"",""name"":""Massage""},{""id"":""357645644269220"",""name"":""Alternative & Holistic Health""}]",339,,256618041115956,http://www.facebook.com/256618041115956,"=HYPERLINK(""http://www.facebook.com/256618041115956/?sk=info"", ""256618041115956"")","=HYPERLINK(""http://builder.page2site.com/sites/add/fbid:256618041115956"", ""Create"")"
"Stress Massage Therapy",5,"Stress Management Massage Therapy","(907) 301-9157",http://akstressmanagement.massagetherapy.com,"United States",1,"Eagle River","Spas/beauty/personal care","[{""id"":""211987392145473"",""name"":""Health Spa""},{""id"":""109578329118821"",""name"":""Massage""}]",32,3,1463855350541225,http://www.facebook.com/1463855350541225,"=HYPERLINK(""http://www.facebook.com/1463855350541225/?sk=info"", ""1463855350541225"")","=HYPERLINK(""http://builder.page2site.com/sites/add/fbid:1463855350541225"", ""Create"")"
"Stress Massage Therapy",6,"D-Stress Massage Therapy","9337 3388",www.d-stress.com,Australia,61,"Rose Bay","Spas/beauty/personal care","[{""id"":""211987392145473"",""name"":""Health Spa""},{""id"":""109578329118821"",""name"":""Massage""}]",651,,135742216458496,http://www.facebook.com/135742216458496,"=HYPERLINK(""http://www.facebook.com/135742216458496/?sk=info"", ""135742216458496"")","=HYPERLINK(""http://builder.page2site.com/sites/add/fbid:135742216458496"", ""Create"")"
"Stress Massage Therapy",7,"Kate Sarton,SMC-C, LMT: Integrative Massage Therapy & Stress Management",,,"United States",1,"Cumberland Center",Health/medical/pharmacy,"[{""id"":""109578329118821"",""name"":""Massage""},{""id"":""357645644269220"",""name"":""Alternative & Holistic Health""}]",48,4,189722487719378,http://www.facebook.com/189722487719378,"=HYPERLINK(""http://www.facebook.com/189722487719378/?sk=info"", ""189722487719378"")","=HYPERLINK(""http://builder.page2site.com/sites/add/fbid:189722487719378"", ""Create"")"
"Stress Massage Therapy",8,"D-Stress Massage Therapy","(309) 251-4096",,"United States",1,Bradford,"Professional services","[{""id"":""109578329118821"",""name"":""Massage""}]",64,,210132058999067,http://www.facebook.com/210132058999067,"=HYPERLINK(""http://www.facebook.com/210132058999067/?sk=info"", ""210132058999067"")","=HYPERLINK(""http://builder.page2site.com/sites/add/fbid:210132058999067"", ""Create"")"
"Stress Massage Therapy",9,"Stress Less - Wellness & Massage Therapy",306-631-5828,,Canada,1,"Moose Jaw","Professional services","[{""id"":""109578329118821"",""name"":""Massage""}]",118,,389571797840421,http://www.facebook.com/389571797840421,"=HYPERLINK(""http://www.facebook.com/389571797840421/?sk=info"", ""389571797840421"")","=HYPERLINK(""http://builder.page2site.com/sites/add/fbid:389571797840421"", ""Create"")"
"Stress Massage Therapy",10,MassageTherapy4Stress,305-877-7111,www.massagetherapy4stress.com,"United States",1,"Miami Beach",Health/beauty,,122,,233818630067585,http://www.facebook.com/233818630067585,"=HYPERLINK(""http://www.facebook.com/233818630067585/?sk=info"", ""233818630067585"")","=HYPERLINK(""http://builder.page2site.com/sites/add/fbid:233818630067585"", ""Create"")"
"Stress Massage Therapy",11,"Stress-Less Massage Therapy",260.316.3929,,,,,Health/beauty,,126,5,817731701582259,http://www.facebook.com/817731701582259,"=HYPERLINK(""http://www.facebook.com/817731701582259/?sk=info"", ""817731701582259"")","=HYPERLINK(""http://builder.page2site.com/sites/add/fbid:817731701582259"", ""Create"")"
"Stress Massage Therapy",12,"Stress Knot Massage Therapy","(248) 877-5757",www.stressknotmi.com,,,,"Local business",,117,,148824078507375,http://www.facebook.com/148824078507375,"=HYPERLINK(""http://www.facebook.com/148824078507375/?sk=info"", ""148824078507375"")","=HYPERLINK(""http://builder.page2site.com/sites/add/fbid:148824078507375"", ""Create"")"
"Stress Massage Therapy",13,"Stress Free Massage Therapy","(973) 259-6966",http://www.stressfreemassages.abmp.com,"United States",1,Maplewood,"Spas/beauty/personal care","[{""id"":""139225689474222"",""name"":""Spa, Beauty & Personal Care""}]",15,,264818257058716,http://www.facebook.com/264818257058716,"=HYPERLINK(""http://www.facebook.com/264818257058716/?sk=info"", ""264818257058716"")","=HYPERLINK(""http://builder.page2site.com/sites/add/fbid:264818257058716"", ""Create"")"
"Stress Massage Therapy",14,"Stress Less Massage Therapy","(918) 402-5430",http://stresslesstulsa.com,"United States",1,Tulsa,"Local business","[{""id"":""2500"",""name"":""Local Business""}]",97,,100363520030,http://www.facebook.com/100363520030,"=HYPERLINK(""http://www.facebook.com/100363520030/?sk=info"", ""100363520030"")","=HYPERLINK(""http://builder.page2site.com/sites/add/fbid:100363520030"", ""Create"")"
"Stress Massage Therapy",15,"Stress Away Massage Therapy by Kirstie",07455992295,,"United Kingdom",44,Glasgow,"Spas/beauty/personal care","[{""id"":""109578329118821"",""name"":""Massage""}]",117,,689036444524470,http://www.facebook.com/689036444524470,"=HYPERLINK(""http://www.facebook.com/689036444524470/?sk=info"", ""689036444524470"")","=HYPERLINK(""http://builder.page2site.com/sites/add/fbid:689036444524470"", ""Create"")"
"Stress Massage Therapy",16,"Dee-Stress Massage Therapy",613-336-3131,,,,,Health/beauty,,109,,430790280345183,http://www.facebook.com/430790280345183,"=HYPERLINK(""http://www.facebook.com/430790280345183/?sk=info"", ""430790280345183"")","=HYPERLINK(""http://builder.page2site.com/sites/add/fbid:430790280345183"", ""Create"")"
"Stress Massage Therapy",17,"Stress-Less Massage & Aerial Yoga","(281) 323-8539",http://www.stresslessmt.com,"United States",1,Kingwood,"Spas/beauty/personal care","[{""id"":""139225689474222"",""name"":""Spa, Beauty & Personal Care""}]",150,6,242118725919590,http://www.facebook.com/242118725919590,"=HYPERLINK(""http://www.facebook.com/242118725919590/?sk=info"", ""242118725919590"")","=HYPERLINK(""http://builder.page2site.com/sites/add/fbid:242118725919590"", ""Create"")"
"Stress Massage Therapy",18,"Stress Less Massage Therapy","(407) 488-0800",,"United States",1,Minneola,"Small business","[{""id"":""2237"",""name"":""Small Business""}]",53,,177482172300563,http://www.facebook.com/177482172300563,"=HYPERLINK(""http://www.facebook.com/177482172300563/?sk=info"", ""177482172300563"")","=HYPERLINK(""http://builder.page2site.com/sites/add/fbid:177482172300563"", ""Create"")"
"Stress Massage Therapy",19,"Less-Stress Massage Therapy","(978) 694-9111",www.less-stress-inc.net,"United States",1,Wilmington,"Local business","[{""id"":""109578329118821"",""name"":""Massage""}]",56,,160789410621963,http://www.facebook.com/160789410621963,"=HYPERLINK(""http://www.facebook.com/160789410621963/?sk=info"", ""160789410621963"")","=HYPERLINK(""http://builder.page2site.com/sites/add/fbid:160789410621963"", ""Create"")"
"Stress Massage Therapy",20,"Stress Knot Massage Therapy by Jalene Smyth","(805) 448-2790",www.deeptissuemassageva.com,"United States",1,"Falls Church","Professional services","[{""id"":""176831012360626"",""name"":""Professional Services""}]",79,,126075974157605,http://www.facebook.com/126075974157605,"=HYPERLINK(""http://www.facebook.com/126075974157605/?sk=info"", ""126075974157605"")","=HYPERLINK(""http://builder.page2site.com/sites/add/fbid:126075974157605"", ""Create"")"
"Stress Massage Therapy",21,"ArcoIris Professional Massage Therapy, Reiki and Stress Management Services",514-482-2726,"http://www.arcoiris.ca ",Canada,1,Montréal-Ouest,"Spas/beauty/personal care","[{""id"":""357645644269220"",""name"":""Alternative & Holistic Health""}]",153,3,30846416365,http://www.facebook.com/30846416365,"=HYPERLINK(""http://www.facebook.com/30846416365/?sk=info"", ""30846416365"")","=HYPERLINK(""http://builder.page2site.com/sites/add/fbid:30846416365"", ""Create"")"
"Stress Massage Therapy",22,"Got Stress? Escape! ""Caribbean""  Massage Therapy Spa","(757) 598-2133",www.gotstressescape.com,"United States",1,Suffolk,"Local business","[{""id"":""109578329118821"",""name"":""Massage""},{""id"":""211987392145473"",""name"":""Health Spa""},{""id"":""205950169432461"",""name"":""Day Spa""}]",74,,33534713604,http://www.facebook.com/33534713604,"=HYPERLINK(""http://www.facebook.com/33534713604/?sk=info"", ""33534713604"")","=HYPERLINK(""http://builder.page2site.com/sites/add/fbid:33534713604"", ""Create"")"
"Stress Massage Therapy",23,"Rhenzie'S Stress-Free Massage Therapy",09362214743,http://profile.yahoo.com/VOOEV63SLGUX4OLBT74CCHOL4U/,Philippines,63,Quezon,Health/medical/pharmacy,"[{""id"":""109578329118821"",""name"":""Massage""}]",51,,722832044397176,http://www.facebook.com/722832044397176,"=HYPERLINK(""http://www.facebook.com/722832044397176/?sk=info"", ""722832044397176"")","=HYPERLINK(""http://builder.page2site.com/sites/add/fbid:722832044397176"", ""Create"")"
"Stress Massage Therapy",24,"D-stress with Jess Massage Therapy","(980) 267-1932",,"United States",1,Kannapolis,"Spas/beauty/personal care","[{""id"":""139225689474222"",""name"":""Spa, Beauty & Personal Care""}]",85,,589321647809625,http://www.facebook.com/589321647809625,"=HYPERLINK(""http://www.facebook.com/589321647809625/?sk=info"", ""589321647809625"")","=HYPERLINK(""http://builder.page2site.com/sites/add/fbid:589321647809625"", ""Create"")"
"Stress Massage Therapy",25,"Stress Therapy & Massage","(210) 737-1775",,"United States",1,"San Antonio","Local business","[{""id"":""109578329118821"",""name"":""Massage""}]",1,,158359320864274,http://www.facebook.com/158359320864274,"=HYPERLINK(""http://www.facebook.com/158359320864274/?sk=info"", ""158359320864274"")","=HYPERLINK(""http://builder.page2site.com/sites/add/fbid:158359320864274"", ""Create"")"
"Stress Massage Therapy",26,"Meridians Energy Therapy",0410330954,http://metherapy.com.au,Australia,61,Narrabeen,Health/medical/pharmacy,"[{""id"":""109578329118821"",""name"":""Massage""},{""id"":""357645644269220"",""name"":""Alternative & Holistic Health""},{""id"":""132328993501399"",""name"":""Counseling & Mental Health""}]",21,,303118573198996,http://www.facebook.com/303118573198996,"=HYPERLINK(""http://www.facebook.com/303118573198996/?sk=info"", ""303118573198996"")","=HYPERLINK(""http://builder.page2site.com/sites/add/fbid:303118573198996"", ""Create"")"
"Stress Massage Therapy",27,"Stress Relief Therapy","(786) 230-7692",,"United States",1,Miami,"Spas/beauty/personal care","[{""id"":""139225689474222"",""name"":""Spa, Beauty & Personal Care""}]",91,,251109301610050,http://www.facebook.com/251109301610050,"=HYPERLINK(""http://www.facebook.com/251109301610050/?sk=info"", ""251109301610050"")","=HYPERLINK(""http://builder.page2site.com/sites/add/fbid:251109301610050"", ""Create"")"
"Stress Massage Therapy",28,"Freelance Therapist (Therapy Massage)","+20 111 40 15240",,Egypt,20,Cairo,Health/medical/pharmacy,,102,,229763333772847,http://www.facebook.com/229763333772847,"=HYPERLINK(""http://www.facebook.com/229763333772847/?sk=info"", ""229763333772847"")","=HYPERLINK(""http://builder.page2site.com/sites/add/fbid:229763333772847"", ""Create"")"
"Stress Massage Therapy",29,"De-Stress With Jess! Massage Therapy","(727) 851-6062",,"United States",1,"Saint Petersburg","Spas/beauty/personal care","[{""id"":""139225689474222"",""name"":""Spa, Beauty & Personal Care""}]",94,,170411212977286,http://www.facebook.com/170411212977286,"=HYPERLINK(""http://www.facebook.com/170411212977286/?sk=info"", ""170411212977286"")","=HYPERLINK(""http://builder.page2site.com/sites/add/fbid:170411212977286"", ""Create"")"
"Stress Massage Therapy",30,"StressLess Massage Therapy","(208) 270-2351",http://www.StressLessRexburg.com,"United States",1,Rexburg,"Public figure","[{""id"":""1602"",""name"":""Public Figure""}]",20,,190150514223,http://www.facebook.com/190150514223,"=HYPERLINK(""http://www.facebook.com/190150514223/?sk=info"", ""190150514223"")","=HYPERLINK(""http://builder.page2site.com/sites/add/fbid:190150514223"", ""Create"")"
"Stress Massage Therapy",31,"Back to Balance Stress Management Consulting and Massage Therapy",815/344-6099,www.BackToBalanceStressRelief.com,"United States",1,Johnsburg,Health/medical/pharmacy,,70,2,100342346712691,http://www.facebook.com/100342346712691,"=HYPERLINK(""http://www.facebook.com/100342346712691/?sk=info"", ""100342346712691"")","=HYPERLINK(""http://builder.page2site.com/sites/add/fbid:100342346712691"", ""Create"")"
"Stress Massage Therapy",32,"Stress Less Cole Massage Therapy",,http://stresslesscmt.com,,,,"Health/wellness website",,,,1483673938571365,http://www.facebook.com/1483673938571365,"=HYPERLINK(""http://www.facebook.com/1483673938571365/?sk=info"", ""1483673938571365"")","=HYPERLINK(""http://builder.page2site.com/sites/add/fbid:1483673938571365"", ""Create"")"
"Stress Massage Therapy",33,"Knead4Calm - Massage and Stress Management Therapy in Hove","07704 030958",www.knead4calm.co.uk,"United Kingdom",44,Hove,"Spas/beauty/personal care","[{""id"":""139225689474222"",""name"":""Spa, Beauty & Personal Care""}]",26,,383761575052229,http://www.facebook.com/383761575052229,"=HYPERLINK(""http://www.facebook.com/383761575052229/?sk=info"", ""383761575052229"")","=HYPERLINK(""http://builder.page2site.com/sites/add/fbid:383761575052229"", ""Create"")"
"Stress Massage Therapy",34,"Relief stress, live better massage therapy",,,,,,"Health/wellness website",,,,589077474553157,http://www.facebook.com/589077474553157,"=HYPERLINK(""http://www.facebook.com/589077474553157/?sk=info"", ""589077474553157"")","=HYPERLINK(""http://builder.page2site.com/sites/add/fbid:589077474553157"", ""Create"")"
"Stress Massage Therapy",35,"Anti-Stress Massage Therapy","(727) 394-0000",,"United States",1,Seminole,"Local business","[{""id"":""109578329118821"",""name"":""Massage""},{""id"":""357645644269220"",""name"":""Alternative & Holistic Health""}]",5,,125962504126271,http://www.facebook.com/125962504126271,"=HYPERLINK(""http://www.facebook.com/125962504126271/?sk=info"", ""125962504126271"")","=HYPERLINK(""http://builder.page2site.com/sites/add/fbid:125962504126271"", ""Create"")"
"Stress Massage Therapy",36,"Stress Release Massage Therapy","(205) 814-1607",,"United States",1,"Pell City","Local business","[{""id"":""132328993501399"",""name"":""Counseling & Mental Health""},{""id"":""109578329118821"",""name"":""Massage""}]",1,,162254790465265,http://www.facebook.com/162254790465265,"=HYPERLINK(""http://www.facebook.com/162254790465265/?sk=info"", ""162254790465265"")","=HYPERLINK(""http://builder.page2site.com/sites/add/fbid:162254790465265"", ""Create"")"
"Stress Massage Therapy",37,"Stress Break Massage Therapy","(559) 903-4791",,"United States",1,Fresno,Health/medical/pharmacy,"[{""id"":""145118935550090"",""name"":""Medical & Health""}]",8,,535041203204949,http://www.facebook.com/535041203204949,"=HYPERLINK(""http://www.facebook.com/535041203204949/?sk=info"", ""535041203204949"")","=HYPERLINK(""http://builder.page2site.com/sites/add/fbid:535041203204949"", ""Create"")"
"Stress Massage Therapy",38,"Stress Busters Massage Therapy","By Appointment only  0412 708 368",http://www.stressbustersmassagetherapy.com.au,Australia,61,Kincumber,"Spas/beauty/personal care","[{""id"":""139225689474222"",""name"":""Spa, Beauty & Personal Care""}]",3,,480323478685131,http://www.facebook.com/480323478685131,"=HYPERLINK(""http://www.facebook.com/480323478685131/?sk=info"", ""480323478685131"")","=HYPERLINK(""http://builder.page2site.com/sites/add/fbid:480323478685131"", ""Create"")"
"Stress Massage Therapy",39,"Stress Therapy Center","(620) 663-9117",,"United States",1,Hutchinson,"Local business","[{""id"":""109578329118821"",""name"":""Massage""},{""id"":""145118935550090"",""name"":""Medical & Health""}]",8,,157624897601888,http://www.facebook.com/157624897601888,"=HYPERLINK(""http://www.facebook.com/157624897601888/?sk=info"", ""157624897601888"")","=HYPERLINK(""http://builder.page2site.com/sites/add/fbid:157624897601888"", ""Create"")"
"Stress Massage Therapy",40,"Stress Out Massage Therapy & Day Spa","(607) 275-9736",,"United States",1,Ithaca,"Local business","[{""id"":""109578329118821"",""name"":""Massage""},{""id"":""145118935550090"",""name"":""Medical & Health""},{""id"":""199236533423806"",""name"":""Beauty Salon""}]",6,,146081395414014,http://www.facebook.com/146081395414014,"=HYPERLINK(""http://www.facebook.com/146081395414014/?sk=info"", ""146081395414014"")","=HYPERLINK(""http://builder.page2site.com/sites/add/fbid:146081395414014"", ""Create"")"
"Stress Massage Therapy",41,"Edmonson Pain & Stress Therapy","(325) 650-5493",,"United States",1,"San Angelo","Local business","[{""id"":""109578329118821"",""name"":""Massage""},{""id"":""145118935550090"",""name"":""Medical & Health""}]",4,,135123033206514,http://www.facebook.com/135123033206514,"=HYPERLINK(""http://www.facebook.com/135123033206514/?sk=info"", ""135123033206514"")","=HYPERLINK(""http://builder.page2site.com/sites/add/fbid:135123033206514"", ""Create"")"
"Stress Massage Therapy",42,"Lotus Massage Therapy & Stress Reduction","(703) 368-3614",,"United States",1,Manassas,"Local business","[{""id"":""181885068517499"",""name"":""Physical Therapist""},{""id"":""139225689474222"",""name"":""Spa, Beauty & Personal Care""}]",,,152166158158034,http://www.facebook.com/152166158158034,"=HYPERLINK(""http://www.facebook.com/152166158158034/?sk=info"", ""152166158158034"")","=HYPERLINK(""http://builder.page2site.com/sites/add/fbid:152166158158034"", ""Create"")"
"Stress Massage Therapy",43,"Body Works Massage Therapy & Stress Reduction Center","(630) 682-5599",,"United States",1,Wheaton,"Local business","[{""id"":""109578329118821"",""name"":""Massage""},{""id"":""145118935550090"",""name"":""Medical & Health""}]",,,160775800609262,http://www.facebook.com/160775800609262,"=HYPERLINK(""http://www.facebook.com/160775800609262/?sk=info"", ""160775800609262"")","=HYPERLINK(""http://builder.page2site.com/sites/add/fbid:160775800609262"", ""Create"")"
"Stress Massage Therapy",44,"The Body Shop Massage Therapy & Stress Management","(513) 425-9514",,"United States",1,Middletown,"Local business","[{""id"":""139225689474222"",""name"":""Spa, Beauty & Personal Care""},{""id"":""188462984509706"",""name"":""Auto Body Shop""}]",1,,157288744304420,http://www.facebook.com/157288744304420,"=HYPERLINK(""http://www.facebook.com/157288744304420/?sk=info"", ""157288744304420"")","=HYPERLINK(""http://builder.page2site.com/sites/add/fbid:157288744304420"", ""Create"")"
