Keyword,#,Name,Phone,Website,Country,"Country code",City,Category,"Category List",Likes,"Talking about","Facebook ID","Facebook Url","Facebook Page Link","P2S Website"
"Styling Hairdresser",0,"Sueper Styling Mobile Hairdresser",07708002867,http://www.sueper-styling.co.uk,"United Kingdom",44,Orpington,"Local business","[{""id"":""2500"",""name"":""Local Business""}]",142,2,649139698472251,http://www.facebook.com/649139698472251,"=HYPERLINK(""http://www.facebook.com/649139698472251/?sk=info"", ""649139698472251"")","=HYPERLINK(""http://builder.page2site.com/sites/add/fbid:649139698472251"", ""Create"")"
"Styling Hairdresser",1,"Style Council Hairdressers",01914781491,,"United Kingdom",44,Gateshead,"Spas/beauty/personal care",,241,1,123172071125991,http://www.facebook.com/123172071125991,"=HYPERLINK(""http://www.facebook.com/123172071125991/?sk=info"", ""123172071125991"")","=HYPERLINK(""http://builder.page2site.com/sites/add/fbid:123172071125991"", ""Create"")"
"Styling Hairdresser",2,"Hairdresser Style",31-91283323,,,,,Entrepreneur,,47,14,772212109485009,http://www.facebook.com/772212109485009,"=HYPERLINK(""http://www.facebook.com/772212109485009/?sk=info"", ""772212109485009"")","=HYPERLINK(""http://builder.page2site.com/sites/add/fbid:772212109485009"", ""Create"")"
"Styling Hairdresser",3,"Style Hairdressers",5348497,,"New Zealand",64,Auckland,"Professional services","[{""id"":""174177802634376"",""name"":""Hair Salon""}]",66,,127472357377402,http://www.facebook.com/127472357377402,"=HYPERLINK(""http://www.facebook.com/127472357377402/?sk=info"", ""127472357377402"")","=HYPERLINK(""http://builder.page2site.com/sites/add/fbid:127472357377402"", ""Create"")"
"Styling Hairdresser",4,"Hairdresser style",,,,,,"Just for fun",,70,,270483086457392,http://www.facebook.com/270483086457392,"=HYPERLINK(""http://www.facebook.com/270483086457392/?sk=info"", ""270483086457392"")","=HYPERLINK(""http://builder.page2site.com/sites/add/fbid:270483086457392"", ""Create"")"
"Styling Hairdresser",5,"Victorias Style Mobile Hairdresser, Newcastle-upon-tyne","07835 403 106",http://victorias-style.wix.com/victorias-style,"United Kingdom",44,"Newcastle upon Tyne","Spas/beauty/personal care","[{""id"":""139225689474222"",""name"":""Spa, Beauty & Personal Care""}]",204,14,325931854166474,http://www.facebook.com/325931854166474,"=HYPERLINK(""http://www.facebook.com/325931854166474/?sk=info"", ""325931854166474"")","=HYPERLINK(""http://builder.page2site.com/sites/add/fbid:325931854166474"", ""Create"")"
"Styling Hairdresser",6,"Vasys Style Hairdresser",07769992611,https://www.facebook.com/,"United Kingdom",44,London,"Professional services","[{""id"":""193198380699462"",""name"":""Repair Service""}]",183,3,558634994234605,http://www.facebook.com/558634994234605,"=HYPERLINK(""http://www.facebook.com/558634994234605/?sk=info"", ""558634994234605"")","=HYPERLINK(""http://builder.page2site.com/sites/add/fbid:558634994234605"", ""Create"")"
"Styling Hairdresser",7,"Hairdresser Italian Style",,,,,,Health/beauty,,120,,312343635126,http://www.facebook.com/312343635126,"=HYPERLINK(""http://www.facebook.com/312343635126/?sk=info"", ""312343635126"")","=HYPERLINK(""http://builder.page2site.com/sites/add/fbid:312343635126"", ""Create"")"
"Styling Hairdresser",8,"Re-Style Hairdresser",02083416540,http://re-style.co.uk,"United Kingdom",44,London,"Spas/beauty/personal care","[{""id"":""139225689474222"",""name"":""Spa, Beauty & Personal Care""}]",103,4,254392904647704,http://www.facebook.com/254392904647704,"=HYPERLINK(""http://www.facebook.com/254392904647704/?sk=info"", ""254392904647704"")","=HYPERLINK(""http://builder.page2site.com/sites/add/fbid:254392904647704"", ""Create"")"
"Styling Hairdresser",9,"J Style Hairdress","+39 3494900860",facebook.com/jstylehd,Italy,39,"Torri di Quartesolo",Health/beauty,"[{""id"":""2214"",""name"":""Health\/Beauty""}]",455,6,570282886334896,http://www.facebook.com/570282886334896,"=HYPERLINK(""http://www.facebook.com/570282886334896/?sk=info"", ""570282886334896"")","=HYPERLINK(""http://builder.page2site.com/sites/add/fbid:570282886334896"", ""Create"")"
"Styling Hairdresser",10,"BB Styling • Ideal Hairdresser •",,,,,,Website,,186,2,745927212125694,http://www.facebook.com/745927212125694,"=HYPERLINK(""http://www.facebook.com/745927212125694/?sk=info"", ""745927212125694"")","=HYPERLINK(""http://builder.page2site.com/sites/add/fbid:745927212125694"", ""Create"")"
"Styling Hairdresser",11,"Ana hairdresser & style",ana.ms@hotmai.es,,Spain,34,Valencia,"Spas/beauty/personal care","[{""id"":""139225689474222"",""name"":""Spa, Beauty & Personal Care""}]",72,,216611015140139,http://www.facebook.com/216611015140139,"=HYPERLINK(""http://www.facebook.com/216611015140139/?sk=info"", ""216611015140139"")","=HYPERLINK(""http://builder.page2site.com/sites/add/fbid:216611015140139"", ""Create"")"
"Styling Hairdresser",12,"Elaine Style Hairdresser","(19) 9128-1279",,Brazil,55,Campinas,"Spas/beauty/personal care","[{""id"":""139225689474222"",""name"":""Spa, Beauty & Personal Care""}]",111,,321615521278350,http://www.facebook.com/321615521278350,"=HYPERLINK(""http://www.facebook.com/321615521278350/?sk=info"", ""321615521278350"")","=HYPERLINK(""http://builder.page2site.com/sites/add/fbid:321615521278350"", ""Create"")"
"Styling Hairdresser",13,"The Wright style Mobile Hairdresser",07583212403,rwright502@aol.com,"United Kingdom",44,Uttoxeter,"Spas/beauty/personal care","[{""id"":""174177802634376"",""name"":""Hair Salon""}]",151,,1375877929353823,http://www.facebook.com/1375877929353823,"=HYPERLINK(""http://www.facebook.com/1375877929353823/?sk=info"", ""1375877929353823"")","=HYPERLINK(""http://builder.page2site.com/sites/add/fbid:1375877929353823"", ""Create"")"
"Styling Hairdresser",14,"Parisian Style Winchester Mobile Hairdresser",07530827406,http://www.winchesterhairdresser.co.uk/,"United Kingdom",44,Winchester,"Spas/beauty/personal care","[{""id"":""174177802634376"",""name"":""Hair Salon""}]",435,,254683434574062,http://www.facebook.com/254683434574062,"=HYPERLINK(""http://www.facebook.com/254683434574062/?sk=info"", ""254683434574062"")","=HYPERLINK(""http://builder.page2site.com/sites/add/fbid:254683434574062"", ""Create"")"
"Styling Hairdresser",15,"Osvaldo Bucci / Hairdresser-Spa / Haute Coiffure / Desing Style","595 21 224 105",www.osvaldobucci.com.py,Paraguay,595,Asunción,"Local business",,912,,116651718357075,http://www.facebook.com/116651718357075,"=HYPERLINK(""http://www.facebook.com/116651718357075/?sk=info"", ""116651718357075"")","=HYPERLINK(""http://builder.page2site.com/sites/add/fbid:116651718357075"", ""Create"")"
"Styling Hairdresser",16,"Sydney Style Hairdresser Barber",(02)97247090,,Australia,61,Fairfield,"Local business","[{""id"":""2500"",""name"":""Local Business""}]",235,,555750931107394,http://www.facebook.com/555750931107394,"=HYPERLINK(""http://www.facebook.com/555750931107394/?sk=info"", ""555750931107394"")","=HYPERLINK(""http://builder.page2site.com/sites/add/fbid:555750931107394"", ""Create"")"
"Styling Hairdresser",17,"OSVALDO BUCCI / Hairdresser-Spa / Haute Coiffure / Desing Style / Peluquero","611-748 y 224-105",http://www.osvaldobucci.com.py/,Paraguay,595,Asunción,"Spas/beauty/personal care",,2439,34,106593269181,http://www.facebook.com/106593269181,"=HYPERLINK(""http://www.facebook.com/106593269181/?sk=info"", ""106593269181"")","=HYPERLINK(""http://builder.page2site.com/sites/add/fbid:106593269181"", ""Create"")"
"Styling Hairdresser",18,"Styled by Sarah - Mobile Hairdresser",07834484894,http://www.styledbysarah.co.uk,"United Kingdom",44,Chester-le-Street,"Spas/beauty/personal care","[{""id"":""174177802634376"",""name"":""Hair Salon""}]",201,,1409298782652689,http://www.facebook.com/1409298782652689,"=HYPERLINK(""http://www.facebook.com/1409298782652689/?sk=info"", ""1409298782652689"")","=HYPERLINK(""http://builder.page2site.com/sites/add/fbid:1409298782652689"", ""Create"")"
"Styling Hairdresser",19,"Hairdressers Do It With Style",,,,,,Community,,30,,1491294981086520,http://www.facebook.com/1491294981086520,"=HYPERLINK(""http://www.facebook.com/1491294981086520/?sk=info"", ""1491294981086520"")","=HYPERLINK(""http://builder.page2site.com/sites/add/fbid:1491294981086520"", ""Create"")"
"Styling Hairdresser",20,"Lory style/ coafura frizerie , unisex hairdresser",07721088273,Lorylory8794@yahoo.com,"United Kingdom",44,London,"Professional services","[{""id"":""174177802634376"",""name"":""Hair Salon""}]",28,2,360288844109181,http://www.facebook.com/360288844109181,"=HYPERLINK(""http://www.facebook.com/360288844109181/?sk=info"", ""360288844109181"")","=HYPERLINK(""http://builder.page2site.com/sites/add/fbid:360288844109181"", ""Create"")"
"Styling Hairdresser",21,"High Style Hairdresser",,,,,,"Fictional character",,247,,560558543957201,http://www.facebook.com/560558543957201,"=HYPERLINK(""http://www.facebook.com/560558543957201/?sk=info"", ""560558543957201"")","=HYPERLINK(""http://builder.page2site.com/sites/add/fbid:560558543957201"", ""Create"")"
"Styling Hairdresser",22,"Style Direct - Freelance hairdresser",07769111190,,"United Kingdom",44,Yateley,"Professional services",,25,,420044284752112,http://www.facebook.com/420044284752112,"=HYPERLINK(""http://www.facebook.com/420044284752112/?sk=info"", ""420044284752112"")","=HYPERLINK(""http://builder.page2site.com/sites/add/fbid:420044284752112"", ""Create"")"
"Styling Hairdresser",23,"IntriCut Styling - Mobile Hairdresser",,,Australia,61,Hackham,"Professional services",,50,,118107461608074,http://www.facebook.com/118107461608074,"=HYPERLINK(""http://www.facebook.com/118107461608074/?sk=info"", ""118107461608074"")","=HYPERLINK(""http://builder.page2site.com/sites/add/fbid:118107461608074"", ""Create"")"
"Styling Hairdresser",24,"Style by the Mile. Mobile Hairdresser.",,,,,,Health/beauty,,40,,238732892817417,http://www.facebook.com/238732892817417,"=HYPERLINK(""http://www.facebook.com/238732892817417/?sk=info"", ""238732892817417"")","=HYPERLINK(""http://builder.page2site.com/sites/add/fbid:238732892817417"", ""Create"")"
"Styling Hairdresser",25,"Nura Styling U",0732270659,,Romania,40,Bucharest,Health/beauty,,1000,3,463799460326567,http://www.facebook.com/463799460326567,"=HYPERLINK(""http://www.facebook.com/463799460326567/?sk=info"", ""463799460326567"")","=HYPERLINK(""http://builder.page2site.com/sites/add/fbid:463799460326567"", ""Create"")"
"Styling Hairdresser",26,"Styles Hairdressers",644496198,www.styleshairdressers.com,Spain,34,Turre,Community,"[{""id"":""2612"",""name"":""Community""}]",135,,230748957004355,http://www.facebook.com/230748957004355,"=HYPERLINK(""http://www.facebook.com/230748957004355/?sk=info"", ""230748957004355"")","=HYPERLINK(""http://builder.page2site.com/sites/add/fbid:230748957004355"", ""Create"")"
"Styling Hairdresser",27,"Wedding hairdresser - aisle style",,"http://aisle-style.net http://twitter.com/AisleStyle21","United Kingdom",44,"Marston Green","Spas/beauty/personal care","[{""id"":""139225689474222"",""name"":""Spa, Beauty & Personal Care""}]",38,,304101176353907,http://www.facebook.com/304101176353907,"=HYPERLINK(""http://www.facebook.com/304101176353907/?sk=info"", ""304101176353907"")","=HYPERLINK(""http://builder.page2site.com/sites/add/fbid:304101176353907"", ""Create"")"
"Styling Hairdresser",28,"Hairdresser style maker",,,,,,Community,,1,,778142455570603,http://www.facebook.com/778142455570603,"=HYPERLINK(""http://www.facebook.com/778142455570603/?sk=info"", ""778142455570603"")","=HYPERLINK(""http://builder.page2site.com/sites/add/fbid:778142455570603"", ""Create"")"
"Styling Hairdresser",29,"FreeStyle Hairdressers Bolzano","0471 201126",http://www.freestyle.bz.it/,Italy,39,Bolzano,Health/beauty,"[{""id"":""169758603141095"",""name"":""Barber Shop""}]",36,,409109295786899,http://www.facebook.com/409109295786899,"=HYPERLINK(""http://www.facebook.com/409109295786899/?sk=info"", ""409109295786899"")","=HYPERLINK(""http://builder.page2site.com/sites/add/fbid:409109295786899"", ""Create"")"
"Styling Hairdresser",30,"Styles Hairdressers","01978 758070",,"United Kingdom",44,Coedpoeth,"Spas/beauty/personal care",,49,,101709126660444,http://www.facebook.com/101709126660444,"=HYPERLINK(""http://www.facebook.com/101709126660444/?sk=info"", ""101709126660444"")","=HYPERLINK(""http://builder.page2site.com/sites/add/fbid:101709126660444"", ""Create"")"
"Styling Hairdresser",31,"Little B's Style-Mobile Hairdresser",07999880996,,"United Kingdom",44,Southport,"Professional services","[{""id"":""191693100854505"",""name"":""Hair & Beauty Supply""}]",18,1,1374655016103225,http://www.facebook.com/1374655016103225,"=HYPERLINK(""http://www.facebook.com/1374655016103225/?sk=info"", ""1374655016103225"")","=HYPERLINK(""http://builder.page2site.com/sites/add/fbid:1374655016103225"", ""Create"")"
"Styling Hairdresser",32,"Hairdresser styling hair for  Photoshoots , TV shows",,,"United Kingdom",44,London,Company,,,,1509126746012262,http://www.facebook.com/1509126746012262,"=HYPERLINK(""http://www.facebook.com/1509126746012262/?sk=info"", ""1509126746012262"")","=HYPERLINK(""http://builder.page2site.com/sites/add/fbid:1509126746012262"", ""Create"")"
"Styling Hairdresser",33,"Styled by Emma - mobile hairdresser",07545504120,,"United Kingdom",44,Grantham,"Professional services","[{""id"":""174177802634376"",""name"":""Hair Salon""}]",121,15,631003386975147,http://www.facebook.com/631003386975147,"=HYPERLINK(""http://www.facebook.com/631003386975147/?sk=info"", ""631003386975147"")","=HYPERLINK(""http://builder.page2site.com/sites/add/fbid:631003386975147"", ""Create"")"
"Styling Hairdresser",34,"Paola diaz hairdresser style",,,,,,Health/beauty,,,,893064710717406,http://www.facebook.com/893064710717406,"=HYPERLINK(""http://www.facebook.com/893064710717406/?sk=info"", ""893064710717406"")","=HYPERLINK(""http://builder.page2site.com/sites/add/fbid:893064710717406"", ""Create"")"
"Styling Hairdresser",35,"Xquisite Styles Hairdresser",42963552,,,,,"Local business",,92,,126706137428545,http://www.facebook.com/126706137428545,"=HYPERLINK(""http://www.facebook.com/126706137428545/?sk=info"", ""126706137428545"")","=HYPERLINK(""http://builder.page2site.com/sites/add/fbid:126706137428545"", ""Create"")"
"Styling Hairdresser",36,"LUNNA Styles - Professional Mobile Hairdresser",0431316294,,Australia,61,Melbourne,"Spas/beauty/personal care",,42,,425081644209463,http://www.facebook.com/425081644209463,"=HYPERLINK(""http://www.facebook.com/425081644209463/?sk=info"", ""425081644209463"")","=HYPERLINK(""http://builder.page2site.com/sites/add/fbid:425081644209463"", ""Create"")"
